"RowID","SiteCode","Status","MaleID","FemaleID","Layday","LayMonth","LayYear","ClutchStatus","ClutchSize","HatchStatus","HatchSize","FledgeStatus","FledgeSize","EggLoss","NestLoss"
1,"BSSB_4","N",1182,1480,24,4,1976,"1",4,"1",3,"1",2,"Q","T"
2,"CAGL_1","N",201,1481,24,4,1976,"1",5,"1",4,"1",4,"Q",
3,"DAVN_2","N",1183,198,20,4,1976,"1",6,"1",6,"1",4,,"S"
4,"EKWD","N",197,1482,22,4,1976,"1",6,"1",0,"1",0,"A",
5,"FBOG_1","N",1184,1483,20,5,1976,"3",,"1",4,"1",0,,"S"
6,"FHWD_1","I",1185,1484,3,5,1976,"1",2,"1",0,"1",0,"A",
7,"FHWD_1","R",1186,211,25,5,1976,"1",3,"1",3,"1",2,,"S"
8,"FSBN_1","N",182,1485,22,4,1976,"1",6,"3",,"1",4,,"W"
9,"FSBS_4","N",196,194,30,4,1976,"1",5,"1",0,"1",0,"A",
10,"GAIR_3","N",214,202,3,5,1976,"1",5,"1",0,"1",0,"A",
11,"GRKW","L",1067,1486,16,5,1976,"1",2,"1",0,"1",0,"A",
12,"GRSK_1","O",1068,1487,,,1976,"1",0,"1",0,"1",0,,
13,"GRYD_1","N",209,1488,7,5,1976,"1",5,"1",4,"1",2,"W","W"
14,"JHSN_1","O",1069,1489,,,1976,"1",0,"1",0,"1",0,,
15,"JHSS_2","O",1070,1490,,,1976,"1",0,"1",0,"1",0,,
16,"KIDM","I",1071,1491,25,4,1976,"1",1,"1",0,"1",0,"A",
17,"KIDM","R",1072,208,25,5,1976,"1",4,"1",0,"1",0,"A",
18,"LINL","N",212,1492,16,4,1976,"1",6,"1",2,"1",2,"Q","R"
19,"MAKW","O",1073,1493,,,1976,"1",0,"1",0,"1",0,,
20,"MIDH_1","O",1074,1494,,,1976,"1",0,"1",0,"1",0,,
21,"NTFW_1","N",207,210,5,5,1976,"1",5,"1",3,"1",0,"Q","S"
22,"NWAB_1","N",1187,188,21,4,1976,"1",5,"1",0,"1",0,"A",
23,"OCAS_1","O",1075,1495,,,1976,"1",0,"1",0,"1",0,,
24,"ODAB_2","L",203,1496,10,5,1976,"1",3,"1",0,"1",0,"M",
25,"ODBG_1","O",1188,1497,,,1976,"1",0,"1",0,"1",0,,
26,"OPDM","N",1076,1498,5,5,1976,"1",5,"1",0,"1",0,"A",
27,"POCK_2","N",1189,199,24,4,1976,"1",5,"1",3,"1",1,"Q","T"
28,"RABS_1","N",1190,1499,26,4,1976,"1",5,"1",5,"1",0,,"W"
29,"STKW","O",1077,1500,,,1976,"1",0,"1",0,"1",0,,
30,"TDGL","N",1078,1501,28,4,1976,"1",5,"1",0,"1",0,"A",
31,"THIK_2","N",1079,1502,24,4,1976,"1",6,"1",0,"1",0,"A",
32,"WKSP_1","N",195,1503,21,4,1976,"1",5,"1",0,"1",0,"A",
33,"BKSB_1","N",236,256,30,5,1977,"1",4,"1",0,"1",0,"A",
34,"BSSB_4","N",1191,246,15,5,1977,"1",5,"1",5,"1",5,,
35,"CAGL_2","N",201,245,11,5,1977,"1",5,"1",3,"1",2,"Q","S"
36,"DAVN_1","I",1080,1504,26,4,1977,"1",1,"1",0,"1",0,"A",
37,"DAVN_2","R",265,239,30,4,1977,"1",5,"1",4,"1",3,"O","S"
38,"FBOG_2","N",261,228,3,5,1977,"1",5,"1",5,"1",5,,
39,"FHWD_3","N",271,233,8,5,1977,"1",5,"1",4,"1",3,"Z","S"
40,"FSBN_2","N",182,247,12,5,1977,"1",4,"1",3,"1",2,"Z","S"
41,"FSBS_3","N",196,242,9,5,1977,"1",3,"1",3,"1",2,,"R"
42,"GAIR_3","N",230,249,14,5,1977,"1",5,"1",5,"1",4,,"R"
43,"GRSK_2","N",204,248,9,5,1977,"1",6,"1",6,"1",5,,"R"
44,"GRYD_2","N",1081,1505,,,1977,"1",4,"1",0,"1",0,"A",
45,"JHSN_1","N",235,255,24,5,1977,"1",4,"1",3,"1",3,"Z",
46,"JHSS_2","N",231,250,15,5,1977,"1",5,"1",0,"1",0,"B",
47,"KLKW_2","I",223,222,11,5,1977,"1",1,"1",0,"1",0,"O",
48,"KLKW_1","R",223,222,15,5,1977,"1",4,"1",3,"1",1,"Z","R"
49,"LINT","N",212,87,27,4,1977,"1",5,"1",4,"1",4,"Q",
50,"MIDH_1","N",254,258,27,5,1977,"1",4,"1",4,"1",4,,
51,"MILE_3","N",262,244,25,4,1977,"1",5,"1",4,"1",1,"A","S"
52,"NTFW_2","N",200,1506,17,5,1977,"1",5,"1",0,"1",0,"A",
53,"NWAB_2","N",1082,1507,12,5,1977,"1",3,"1",0,"1",0,"A",
54,"ODAB_1","O",142,86,,,1977,"1",0,"1",0,"1",0,,
55,"ODBG_3","N",226,257,23,5,1977,"1",4,"1",4,"1",4,,
56,"ODHP_1","N",90,1508,6,5,1977,"1",6,"1",6,"1",6,,
57,"POCK_1","I",224,251,11,5,1977,"1",1,"1",0,"1",0,"A",
58,"POCK_3","R",224,251,14,5,1977,"1",6,"1",6,"1",6,,
59,"RABS_3","N",221,240,27,4,1977,"1",5,"1",5,"1",5,,
60,"RCHL","N",225,252,10,5,1977,"1",4,"1",4,"1",4,,
61,"ROOK_1","N",269,266,7,5,1977,"1",5,"1",4,"1",2,"Q","R"
62,"THIK_1","N",243,1509,14,5,1977,"1",5,"1",0,"1",0,"A",
63,"WKSP_1","N",227,259,26,5,1977,"1",4,"1",4,"1",4,,
64,"ASHY","N",268,113,19,4,1978,"1",6,"1",6,"1",6,,
65,"BKSB_1","N",236,228,19,4,1978,"1",6,"1",6,"1",5,,"W"
66,"BSSB_3","N",137,246,26,4,1978,"1",6,"1",4,"1",4,"P",
67,"CAGL_2","N",223,222,23,4,1978,"1",5,"1",5,"1",5,,
68,"CATR","N",1083,1510,17,4,1978,"1",6,"1",6,"1",6,,
69,"DAVN_2","N",123,1511,14,5,1978,"1",3,"1",0,"1",0,"A",
70,"DUMK","O",109,1512,,,1978,"1",0,"1",0,"1",0,,
71,"DUMW","N",142,124,5,5,1978,"1",5,"1",5,"1",1,,"G"
72,"FBOG_1","N",261,248,24,4,1978,"1",5,"1",5,"1",5,,
73,"FHWD_3","N",271,242,19,4,1978,"1",5,"1",4,"1",3,"Q","R"
74,"FIBG","N",271,251,7,5,1978,"1",5,"1",5,"1",5,,
75,"FSBN_2","N",196,247,18,4,1978,"1",5,"1",5,"1",4,,"R"
76,"GAIR_2","I",104,94,3,5,1978,"1",2,"1",0,"1",0,"B",
77,"GAIR_4","R",104,94,10,5,1978,"1",5,"1",5,"1",5,,
78,"GATE_2","Z",311,312,16,5,1978,"1",6,"1",6,"1",6,,
79,"GATE_2","X",2,1513,21,4,1978,"1",6,"3",,"3",,"F",
80,"GLEN_2","Y",1192,1514,10,5,1978,"1",1,"1",0,"1",0,"F",
81,"GRSK2","T",1084,1515,2,6,1978,"1",4,"1",0,"1",0,"A",
82,"GRSK_2","N",226,114,29,4,1978,"1",5,"1",5,"1",4,,"R"
83,"HARE_1","N",1085,101,2,5,1978,"1",6,"1",5,"1",5,"Q",
84,"HART","X",1086,1516,27,4,1978,"1",3,"1",0,"1",0,"F",
85,"JHSS_1","N",263,106,6,5,1978,"1",5,"1",5,"1",5,,
86,"JHSN_2","N",254,118,26,4,1978,"1",5,"1",5,"1",5,,
87,"KLKW_1","N",119,121,4,5,1978,"1",5,"1",4,"1",2,"O","S"
88,"LANG","N",322,310,14,5,1978,"1",5,"1",4,"1",4,"Q",
89,"LINL","N",212,87,19,4,1978,"1",7,"1",6,"1",6,"Z",
90,"MIDH_2","T",1087,139,18,5,1978,"1",5,"1",1,"1",1,"Q",
91,"MILE_1","N",262,244,16,4,1978,"1",5,"1",4,"1",3,"Q","T"
92,"MKWD","N",1088,1517,20,5,1978,"1",3,"1",0,"1",0,"A",
93,"NDHP","U",1089,1518,7,6,1978,"1",1,"1",0,"1",0,"F",
94,"NDPL","T",267,110,7,5,1978,"1",6,"1",5,"1",3,"Q","T"
95,"NTFW_2","N",111,117,22,4,1978,"1",6,"1",6,"1",6,,
96,"OCAS_2","N",105,252,1,5,1978,"1",5,"1",5,"1",5,,
97,"ODBG1_2","N",132,112,16,4,1978,"1",6,"1",6,"1",6,,
98,"ODBG2_1","N",125,122,9,5,1978,"1",5,"1",5,"1",5,,
99,"ODHP_1","N",96,128,5,5,1978,"1",5,"1",0,"1",0,"A",
100,"OPDM1","T",307,131,1,6,1978,"1",5,"1",5,"1",4,,"T"
101,"OPDM2","T",140,130,26,5,1978,"1",5,"1",0,"1",0,"A",
102,"PENT","N",92,120,26,4,1978,"1",5,"1",0,"1",0,"A",
103,"POCK2_2","T",108,127,13,5,1978,"1",6,"1",6,"1",6,,
104,"POCK1_1","N",224,250,2,5,1978,"1",4,"1",3,"1",3,"Z",
105,"RABH","N",1090,116,1,5,1978,"1",5,"1",3,"1",3,"Q",
106,"RABS_2","N",133,240,15,4,1978,"1",6,"1",5,"1",4,"Q","R"
107,"RCHL","N",253,126,29,4,1978,"1",4,"1",4,"1",4,,
108,"ROOK1_1","N",269,266,,,1978,"3",,"3",,"3",,,
109,"ROOK2_2","N",1091,1519,,,1978,"3",,"3",,"3",,,
110,"ROOK3","N",1092,1520,,,1978,"3",,"3",,"3",,,
111,"SIKW","N",318,66,5,5,1978,"1",5,"1",5,"1",5,,
112,"THIK_2","N",243,129,1,5,1978,"1",6,"1",6,"1",6,,
113,"VALL","I",107,1521,15,4,1978,"1",3,"1",0,"1",0,"A",
114,"VALL","R",1093,1522,4,5,1978,"1",5,"1",0,"1",0,"A",
115,"WKSP1","N",227,264,30,4,1978,"1",5,"1",4,"1",4,"O",
116,"WKSP2","N",134,1523,24,5,1978,"1",5,"1",0,"1",0,"B",
117,"WOOL","N",1193,115,15,4,1978,"1",6,"1",3,"1",3,,"R"
118,"YADE","T",321,138,17,5,1978,"1",6,"1",5,"1",4,,"S"
119,"ASHY","N",330,328,10,5,1979,"1",5,"1",4,"1",3,"Q","S"
120,"BEAR","N",1094,1524,,,1979,"1",5,"1",0,"1",0,"C",
121,"BKSB_2","N",236,228,24,4,1979,"1",6,"1",6,"1",6,,
122,"BSSB_3","N",1194,246,24,4,1979,"1",6,"1",6,"1",6,,
123,"DAVN_2","N",1095,135,20,5,1979,"1",4,"1",0,"1",0,"A",
124,"DUMK","N",302,327,27,4,1979,"1",5,"1",0,"1",0,"A",
125,"EKWD","N",263,325,26,4,1979,"1",5,"1",5,"1",5,,
126,"FBOG1","N",261,248,26,4,1979,"1",6,"1",6,"1",6,,
127,"FBOG2_2","F",273,1525,30,4,1979,"1",5,"1",0,"1",0,"A",
128,"FBOG2_1","R",273,1526,6,6,1979,"1",3,"1",0,"1",0,"A",
129,"FBOG3","N",125,122,17,5,1979,"1",4,"1",3,"1",0,,"T"
130,"FHWD_3","N",270,326,5,5,1979,"1",5,"1",5,"1",4,,"R"
131,"FIBG","N",1096,145,4,5,1979,"1",5,"1",4,"1",0,"O","A"
132,"FSBN_2","N",196,240,20,4,1979,"1",5,"1",5,"1",4,,"R"
133,"GAIR1_1","I",99,264,23,4,1979,"1",3,"1",0,"1",0,"B",
134,"GAIR1_2","R",99,264,4,5,1979,"1",5,"1",5,"1",5,,
135,"GAIR2","N",1097,303,10,5,1979,"1",4,"1",0,"1",0,"B",
136,"GATE_1","Y",3,4,4,5,1979,"3",,"3",,"3",,"F",
137,"GLEN1","N",1195,329,28,4,1979,"1",5,"1",3,"1",3,"Q",
138,"GLEN2","N",1196,336,6,5,1979,"1",5,"1",0,"1",0,"N",
139,"GRSK_2","N",226,85,24,4,1979,"1",6,"1",5,"1",5,,"R"
140,"HARE1","N",318,353,28,4,1979,"1",4,"1",1,"1",1,"N",
141,"HARE2_1","I",1197,352,6,5,1979,"1",2,"1",0,"1",0,"B",
142,"HARE2_2","R",1198,352,22,5,1979,"1",5,"1",0,"1",0,"A",
143,"HART","Y",354,338,1,6,1979,"1",3,"1",0,"1",0,"F",
144,"HART","N",1098,5,2,5,1979,"1",6,"3",,"3",,,
145,"JHSN_3","N",260,305,4,5,1979,"1",5,"1",5,"1",5,,
146,"JHSS_2","L",1099,1527,1,6,1979,"1",2,"1",0,"1",0,"A",
147,"KLKW_1","N",223,323,25,4,1979,"1",6,"1",5,"1",5,"Q",
148,"MIDH_1","N",1199,331,28,4,1979,"1",6,"1",6,"1",4,,"S"
149,"MILE_2","N",272,334,10,5,1979,"1",4,"1",3,"1",3,"Q",
150,"MKWD","N",320,339,26,5,1979,"1",5,"1",0,"1",0,"A",
151,"MONK","N",88,333,29,4,1979,"1",5,"1",5,"1",5,,
152,"NDHP","T",91,355,12,6,1979,"1",4,"1",4,"1",4,,
153,"NTFW_3","N",227,244,26,4,1979,"1",5,"1",4,"1",3,"Q","R"
154,"OCAS_2","N",271,242,18,4,1979,"1",5,"1",5,"1",5,,
155,"ODBG1_1","N",322,136,30,4,1979,"1",4,"1",0,"1",0,"A",
156,"ODBG2_2","N",92,301,6,5,1979,"1",5,"1",0,"1",0,"A",
157,"ODHP_1","N",1100,337,5,5,1979,"1",5,"1",0,"1",0,"A",
158,"PENT","N",309,335,11,5,1979,"1",4,"1",4,"1",4,,
159,"POCK1_2","N",224,250,20,4,1979,"1",6,"1",6,"1",6,,
160,"POCK2_1","N",108,324,28,4,1979,"1",6,"1",0,"1",0,"B",
161,"RABS_2","I",1101,1528,19,4,1979,"1",2,"1",0,"1",0,"A",
162,"RABS_2","R",1102,1529,8,5,1979,"3",,"1",0,"1",0,"A",
163,"RABS_2","R",343,342,22,5,1979,"1",5,"1",0,"1",0,"A",
164,"RCHL","N",1103,1530,20,5,1979,"1",4,"1",0,"1",0,"B",
165,"ROOK1_2","N",341,340,24,4,1979,"1",6,"1",5,"1",5,"Q",
166,"ROOK2_1","N",269,356,9,5,1979,"1",5,"1",4,"1",4,"Q",
167,"SLKW","N",1104,1531,2,5,1979,"1",5,"1",5,"1",0,,"S"
168,"VALL","N",212,87,18,4,1979,"1",6,"1",5,"1",4,"Q","S"
169,"WKSP_2","N",332,117,27,4,1979,"1",6,"1",2,"1",2,"Q",
170,"WOOL","N",1105,115,14,4,1979,"1",6,"1",4,"1",4,"Q",
171,"ASHY","O",1106,1532,,,1980,"1",0,"1",0,"1",0,,
172,"BSSB_3","N",1200,1533,12,4,1980,"3",,"1",0,"1",0,,
173,"CRGL","N",1201,1534,,,1980,"3",,"3",,"3",,,
174,"DAVN_2","N",1202,1535,,,1980,"1",0,"1",0,"1",0,,
175,"ESKW","N",263,359,,,1980,"1",5,"3",,"1",3,,
176,"FBOG_3","N",261,248,,,1980,"1",5,"1",4,"1",4,,
177,"FHWD_2","N",1203,1536,,,1980,"3",,"3",,"1",0,,
178,"FSBN_2","N",196,240,,,1980,"3",,"3",,"3",,,
179,"GAIR_3","F",99,1537,,,1980,"1",5,"1",0,"1",0,"C",
180,"GAIR_1","R",99,1538,,,1980,"1",4,"3",,"3",,,
181,"GLEN_1","N",1204,264,,,1980,"1",6,"3",,"1",5,,
182,"HARE_2","N",1205,1539,,,1980,"3",,"3",,"1",5,,
183,"JHNSN","N",319,325,,,1980,"1",5,"3",,"1",5,,
184,"KK","N",1206,1540,,,1980,"1",4,"1",2,"1",1,,
185,"MIDH_1","N",1107,1541,,,1980,"3",,"3",,"1",4,,
186,"MILE_2","N",1108,1542,,,1980,"3",,"3",,"1",2,,
187,"MONK","N",212,87,,,1980,"3",,"3",,"3",,,
188,"NITF","N",1207,1543,,,1980,"3",,"3",,"3",,,
189,"OCAS_2","N",271,242,,,1980,"3",,"3",,"1",0,,
190,"ODAB_2","N",320,1544,,,1980,"1",5,"3",,"1",3,,
191,"ODBG_2","N",1208,1545,,,1980,"3",,"3",,"1",0,,
192,"ODHP_2","N",1109,335,16,4,1980,"3",,"3",,"1",2,,
193,"POCK_1","N",224,250,17,4,1980,"1",5,"1",5,"1",5,,
194,"ROOK_2","N",341,340,,,1980,"3",,"3",,"3",,,
195,"VALL","N",1209,135,,,1980,"1",5,"1",5,"1",5,,
196,"WKSP_2","N",1110,360,19,4,1980,"1",6,"3",,"1",1,,
197,"WOOL","N",1210,115,12,4,1980,"1",6,"1",6,"1",6,,
198,"BODELM","O",386,387,,,1981,"1",0,"1",0,"1",0,,
199,"BODCRO","N",1158,402,28,5,1981,"1",3,"1",2,"1",2,"Q",
200,"COLFPA","N",1211,395,13,5,1981,"1",5,"1",4,"1",4,"Q",
201,"BEAVBK","O",390,1546,,,1981,"1",0,"1",0,"1",0,,
202,"COLLWE","N",404,403,28,4,1981,"1",6,"1",5,"1",3,"O","T"
203,"DODGHR","N",1111,1547,,,1981,"3",,"3",,"3",,,
204,"DOVEHS","F",1212,1548,23,4,1981,"1",5,"1",0,"1",0,"J",
205,"DOVEHS","R",1213,394,10,5,1981,"1",6,"1",5,"1",3,"Q","R"
206,"DPSEAS","N",381,380,12,5,1981,"1",4,"1",4,"1",4,,
207,"DPSWAS","I",361,393,8,5,1981,"1",2,"1",0,"1",0,"A",
208,"DPSWAS","R",361,393,15,5,1981,"1",4,"1",3,"1",3,"Q",
209,"DNBPAS","N",367,418,17,5,1981,"1",4,"1",2,"1",2,"Z",
210,"ELLIWP","N",389,423,20,5,1981,"1",5,"1",5,"1",3,,"T"
211,"EMPSTA","N",455,1549,23,4,1981,"1",4,"1",0,"1",0,"A",
212,"EMPWIL","N",467,398,19,5,1981,"1",5,"1",5,"1",4,,"S"
213,"FINEAB","N",1214,1550,,,1981,"3",,"3",,"3",,,
214,"FLINTS","N",419,392,11,5,1981,"1",5,"1",0,"1",0,"B",
215,"GGBARW","N",1215,383,16,5,1981,"1",5,"1",4,"1",4,"Q",
216,"GLATUN","N",1159,1551,,,1981,"3",,"1",0,"1",0,"W",
217,"HARWHL","N",1216,420,,,1981,"1",5,"1",0,"1",0,"A",
218,"TICKDR","N",1217,400,25,5,1981,"1",3,"1",0,"1",0,"A",
219,"HUNTF2","N",1112,397,16,5,1981,"1",4,"1",0,"1",0,"B",
220,"KETFPE","N",428,427,12,5,1981,"1",5,"1",4,"1",4,"N",
221,"KETWML","N",369,370,12,5,1981,"1",5,"1",2,"1",2,"N",
222,"KEWOR4","N",399,1552,22,5,1981,"1",4,"1",0,"1",0,"B",
223,"KEWOR5","N",1113,1553,,,1981,"3",,"3",,"3",,,
224,"LANESF","N",429,426,9,5,1981,"1",4,"1",4,"1",4,,
225,"LYNWOD","N",1218,396,,,1981,"1",5,"1",0,"1",0,"B",
226,"MAKEYS","N",425,391,11,5,1981,"1",5,"1",5,"1",5,,
227,"MORCSW","N",417,414,17,5,1981,"1",4,"1",4,"1",4,,
228,"NEWBAR","N",1219,378,23,4,1981,"1",5,"3",,"1",2,,"W"
229,"LUFFPS","O",1160,1554,,,1981,"1",0,"1",0,"1",0,,
230,"QFMJAC","O",1114,382,,,1981,"1",0,"1",0,"1",0,,
231,"RADIOH","N",316,315,25,5,1981,"1",4,"1",2,"1",0,"N","W"
232,"WOODLA","O",1161,1555,,,1981,"1",0,"1",0,"1",0,,
233,"ROBARN","N",362,364,23,4,1981,"1",5,"1",5,"1",5,,
234,"LUFFPW","N",371,374,,,1981,"3",,"1",0,"1",0,"B",
235,"GRIFTK","N",430,422,14,5,1981,"1",4,"1",3,"1",3,"O",
236,"SEWVAS","N",1220,1556,,,1981,"3",,"3",,"3",,,
237,"TFENCR","N",1115,1557,,,1981,"3",,"3",,"3",,,
238,"SHOTFM","N",375,421,7,5,1981,"1",5,"1",3,"1",3,"N",
239,"SCOUTH","O",457,388,,,1981,"1",0,"1",0,"1",0,,
240,"TICLFM","N",379,401,30,5,1981,"1",2,"1",0,"1",0,"B",
241,"TINROK","O",1116,1558,,,1981,"1",0,"1",0,"1",0,,
242,"TOPLDG","N",363,1559,,,1981,"3",,"1",0,"1",0,"W",
243,"WAKCHH","N",433,1560,19,5,1981,"1",3,"1",0,"1",0,"A",
244,"WELOOP","L",412,1561,27,5,1981,"1",2,"1",0,"1",0,"A",
245,"WORELM","I",384,385,18,4,1981,"1",2,"1",0,"1",0,"A",
246,"WORELM","R",384,468,16,5,1981,"1",5,"1",5,"1",4,"Q",
247,"CROSSR","N",1221,373,,,1981,"3",,"1",0,"1",0,"W",
248,"BEAVBK","N",390,494,18,5,1982,"1",4,"1",0,"1",0,"C",
249,"BODELM","N",510,402,17,5,1982,"1",5,"1",5,"1",4,,"R"
250,"BOWLOK","O",407,1562,,,1982,"1",0,"1",0,"1",0,,
251,"COLFPA","L",1117,395,8,5,1982,"1",2,"1",0,"1",0,"B",
252,"COLLWE","N",504,403,11,5,1982,"1",5,"1",5,"1",5,,
253,"DEXTER","L",1118,400,31,5,1982,"1",1,"1",0,"1",0,"A",
254,"DNBPAS","N",367,492,13,5,1982,"1",4,"1",4,"1",3,,"T"
255,"DODGHS","N",473,470,16,5,1982,"1",5,"1",4,"1",4,"N",
256,"DOVEHS","N",384,394,4,5,1982,"1",5,"1",5,"1",4,,"T"
257,"DPSWAS","N",416,393,24,5,1982,"1",4,"1",3,"1",3,"Z",
258,"FINEAB","N",489,1563,,,1982,"3",,"3",,"1",4,,
259,"GGBARW","N",1222,496,22,5,1982,"1",3,"1",0,"1",0,"A",
260,"GLATUN","O",1223,1564,,,1982,"1",0,"1",0,"1",0,,
261,"GLEBES","N",480,1565,,,1982,"3",,"3",,"3",,,
262,"HARWHL","N",376,420,18,5,1982,"1",4,"1",4,"1",3,,"T"
263,"KEBULL","N",428,495,15,5,1982,"1",5,"1",5,"1",4,,"R"
264,"CUCKLE","N",429,426,10,5,1982,"1",5,"1",3,"1",0,"O","J"
265,"KETWML","N",369,370,13,5,1982,"1",5,"1",5,"1",4,,"R"
266,"KEWOR5","N",508,1566,13,5,1982,"1",4,"1",3,"1",3,"N",
267,"KEWOR4","N",1119,509,21,5,1982,"1",3,"1",3,"1",0,,"T"
268,"BRICKX","N",386,498,15,5,1982,"1",4,"1",0,"1",0,"A",
269,"LANESF","N",507,426,15,5,1982,"1",4,"1",3,"1",3,"N",
270,"TOPHLA","N",491,396,,,1982,"1",4,"1",3,"1",3,"N",
271,"MEREFM","N",1120,502,30,5,1982,"1",3,"1",0,"1",0,"A",
272,"MORRAA","N",417,414,18,5,1982,"1",4,"1",4,"1",4,,
273,"LUFFPS","O",371,1567,,,1982,"1",0,"1",0,"1",0,,
274,"OHLBRN","N",506,497,21,5,1982,"1",4,"1",4,"1",3,,"T"
275,"RAFSWK","N",389,503,,,1982,"3",,"1",0,"1",0,"M",
276,"ROBARN","N",362,364,2,6,1982,"1",2,"1",2,"1",2,,
277,"SEATWT","N",1224,511,,,1982,"3",,"3",,"1",0,,"W"
278,"SEWVAS","N",493,501,3,5,1982,"1",5,"1",4,"1",3,"O","S"
279,"SWINGB","N",499,500,24,5,1982,"1",3,"1",0,"1",0,"A",
280,"TICLDW","L",379,401,25,5,1982,"1",1,"1",0,"1",0,"A",
281,"TOPLDG","N",363,488,,,1982,"3",,"3",,"3",,,
282,"TROUTH","N",467,398,16,5,1982,"1",5,"1",4,"1",3,"Z","R"
283,"WELOOP","L",412,1568,,,1982,"1",1,"1",0,"1",0,"A",
284,"WINGRK","O",481,1569,,,1982,"1",0,"1",0,"1",0,,
285,"BEAVBA","N",390,395,,,1983,"2",,"2",,"1",0,,"W"
286,"BAINES","N",519,560,4,5,1983,"1",5,"1",5,"1",5,,
287,"BODJON","N",510,402,,,1983,"1",3,"1",0,"1",0,"B",
288,"BOWLOK","N",407,565,13,5,1983,"1",5,"1",5,"1",5,,
289,"BURNTH","N",1225,562,6,5,1983,"1",5,"1",3,"1",3,"Q",
290,"CASTAS","N",1226,1570,,,1983,"2",,"1",0,"1",0,"W",
291,"CHATS2","N",1227,1571,,,1983,"1",5,"1",0,"1",0,"A",
292,"CUCKLB","N",425,314,18,5,1983,"1",4,"1",4,"1",4,,
293,"COLFPC","N",574,1572,27,4,1983,"1",5,"1",5,"1",5,,
294,"COLWTS","N",504,403,9,5,1983,"1",6,"1",6,"1",0,,"B"
295,"DEXTER","O",516,1573,,,1983,"1",0,"1",0,"1",0,,
296,"DNBPAS","N",367,1574,14,5,1983,"1",5,"1",0,"1",0,"A",
297,"DODGHS","N",473,470,10,5,1983,"1",5,"1",5,"1",3,,"T"
298,"DOVEHS","O",535,1575,,,1983,"1",0,"1",0,"1",0,,
299,"TIXHAL","N",416,393,18,5,1983,"1",4,"1",4,"1",4,,
300,"FINEAB","N",489,572,22,5,1983,"1",4,"1",2,"1",0,"N","T"
301,"GGBARE","N",553,496,14,5,1983,"1",4,"1",4,"1",4,,
302,"GLABCR","O",554,1576,,,1983,"1",0,"1",0,"1",0,,
303,"GLEBES","N",480,563,10,5,1983,"1",5,"1",5,"1",3,,"T"
304,"HUNDAC","N",576,513,14,5,1983,"1",5,"1",5,"1",5,,
305,"MILLF1","N",456,567,14,5,1983,"1",4,"1",3,"1",3,"Q",
306,"KEBULL","N",428,495,14,5,1983,"1",3,"1",3,"1",1,,"T"
307,"KETWML","N",573,566,16,5,1983,"1",4,"1",3,"1",2,"O","T"
308,"KEWOR4","N",508,1577,14,5,1983,"1",5,"1",5,"1",3,,"T"
309,"LAMBCR","N",551,569,20,5,1983,"1",5,"1",5,"1",5,,
310,"LANESF","N",507,426,14,5,1983,"1",4,"1",4,"1",4,,
311,"LIMESA","N",317,571,14,5,1983,"1",5,"1",5,"1",5,,
312,"LINGSA","N",520,1578,10,5,1983,"1",4,"1",0,"1",0,"A",
313,"LODEST","O",524,1579,,,1983,"1",0,"1",0,"1",0,,
314,"LYNDSH","O",479,1580,,,1983,"1",0,"1",0,"1",0,,
315,"TOPHLO","N",491,313,14,5,1983,"1",5,"1",0,"1",0,"A",
316,"MAKEYS","N",1121,545,17,5,1983,"1",4,"1",3,"1",3,"Q",
317,"MEREFM","N",558,561,9,5,1983,"1",5,"1",4,"1",4,"Q",
318,"RMERBX","N",577,546,20,5,1983,"1",5,"1",2,"1",1,"Q","S"
319,"MORRAA","N",316,414,,,1983,"3",,"3",,"3",,,
320,"NEWBAR","O",485,1581,,,1983,"1",0,"1",0,"1",0,,
321,"PGWDA2","X",555,544,21,4,1983,"3",,"3",,"3",,,
322,"PGWDA1","T",555,544,20,5,1983,"1",4,"1",4,"1",4,,
323,"QFMJAC","O",541,1582,,,1983,"1",0,"1",0,"1",0,,
324,"RAFSWK","N",389,503,16,5,1983,"1",4,"1",0,"1",0,"B",
325,"ROBARN","N",362,564,13,5,1983,"1",5,"1",3,"1",3,"N",
326,"SEATWT","Y",552,511,,,1983,"1",0,"1",0,"1",0,,
327,"SEWVEN","N",493,501,13,5,1983,"1",4,"1",4,"1",4,,
328,"SWINGB","N",1122,568,20,5,1983,"1",3,"1",0,"1",0,"G",
329,"TICKEN","N",570,10,16,5,1983,"1",5,"1",4,"1",2,"N","S"
330,"TICKPK","N",1228,497,,,1983,"3",,"3",,"1",3,,
331,"TFENCR","N",1123,1583,21,5,1983,"1",4,"1",0,"1",0,"A",
332,"SYKEGL","N",467,398,9,5,1983,"1",4,"1",0,"1",0,"A",
333,"WAYPOS","N",550,498,12,5,1983,"1",5,"1",5,"1",5,,
334,"WELOOP","N",412,515,2,5,1983,"1",4,"1",2,"1",0,"Q","W"
335,"WILDLD","N",457,422,15,5,1983,"1",3,"1",0,"1",0,"A",
336,"WORASH","L",548,1476,12,5,1983,"1",3,"1",0,"1",0,"A",
337,"BAINES","N",519,1584,10,5,1984,"3",,"1",0,"1",0,"A",
338,"BEAVBB","N",390,395,,,1984,"1",4,"1",0,"1",0,"G",
339,"RMERBX","N",577,546,9,5,1984,"1",5,"1",5,"1",3,,"S"
340,"BODELM","N",548,402,1,5,1984,"3",,"1",0,"1",0,"A",
341,"BOWLAH","N",1124,1585,,,1984,"3",,"1",0,"1",0,"A",
342,"BURYCH","N",622,647,8,5,1984,"1",6,"1",4,"1",3,"Q","R"
343,"CASTAS","X",628,653,12,5,1984,"1",4,"3",,"3",,,
344,"CHATS1","N",655,685,,,1984,"1",6,"1",0,"1",0,"A",
345,"CUCKLC","N",609,611,15,5,1984,"1",5,"1",5,"1",0,,"G"
346,"COLFPB","N",574,663,25,5,1984,"1",3,"1",0,"1",0,"A",
347,"COLLWB","N",504,403,29,4,1984,"1",5,"1",5,"1",5,,
348,"DAIRYF","N",677,678,8,5,1984,"1",5,"1",5,"1",3,,"S"
349,"DELAVA","I",558,664,25,4,1984,"1",3,"1",0,"1",0,"A",
350,"DELAVA","R",558,664,23,5,1984,"1",5,"1",5,"1",4,,"R"
351,"DEXTER","N",1162,658,1,5,1984,"1",5,"1",4,"1",4,"N",
352,"DODGHS","N",619,665,20,5,1984,"1",5,"1",2,"1",0,"G","W"
353,"DPSEAS","N",407,610,12,5,1984,"1",3,"1",3,"1",2,,"P"
354,"TIXHAL","N",416,393,4,5,1984,"1",5,"1",4,"1",4,"Q",
355,"DYKEBX","N",473,470,12,5,1984,"1",3,"1",2,"1",2,"Q",
356,"EDWDFM","N",1229,651,4,5,1984,"1",5,"1",5,"1",5,,
357,"ELDPOM","N",1230,656,20,5,1984,"1",5,"1",5,"1",5,,
358,"ELDWES","N",1231,1586,25,5,1984,"3",,"1",4,"1",4,"N",
359,"FINEAB","O",1125,515,,,1984,"1",0,"1",0,"1",0,,
360,"FLOODF","N",615,614,28,5,1984,"1",4,"1",0,"1",0,"A",
361,"WINGRA","O",625,1467,,,1984,"1",0,"1",0,"1",0,,
362,"GLABCR","N",633,632,27,5,1984,"1",3,"1",0,"1",0,"B",
363,"GLEBEA","N",480,563,13,5,1984,"1",2,"1",2,"1",2,,
364,"GRANGE","N",1232,1587,17,5,1984,"1",4,"1",0,"1",0,"J",
365,"HARDWK","N",555,544,22,4,1984,"1",5,"1",5,"1",5,,
366,"HDLWDB","X",1233,640,28,4,1984,"1",5,"1",0,"1",0,"F",
367,"HDLWDB","Z",1234,662,28,5,1984,"1",4,"1",4,"1",3,,"R"
368,"HUMBRL","N",612,646,4,5,1984,"1",5,"1",0,"1",0,"J",
369,"MILLF2","N",456,567,5,5,1984,"1",5,"1",4,"1",4,"Q",
370,"KETFPA","N",428,495,,,1984,"2",,"2",,"2",,,
371,"KETWML","N",573,566,14,5,1984,"1",4,"1",4,"1",3,,"T"
372,"KEWOR1","N",508,1588,,,1984,"1",3,"1",0,"1",0,"A",
373,"KINGS1","N",549,645,2,5,1984,"1",6,"1",6,"1",5,,"R"
374,"LAMBP1","N",499,569,8,5,1984,"1",5,"3",,"1",0,,"R"
375,"LANESF","N",507,426,8,5,1984,"1",4,"1",0,"1",0,"M",
376,"LIMESB","N",317,571,21,5,1984,"1",3,"1",0,"1",0,"B",
377,"LINWOD","N",660,636,20,4,1984,"1",6,"1",6,"1",6,,
378,"LODEST","N",635,613,15,5,1984,"1",5,"1",5,"1",3,,"T"
379,"LYNWOD","N",479,1589,,,1984,"3",,"3",,"3",,,
380,"MEREFM","N",682,618,12,5,1984,"1",4,"1",0,"1",0,"A",
381,"NEWBAR","N",485,687,15,5,1984,"1",1,"1",0,"1",0,"A",
382,"OHLBRN","N",1126,545,24,5,1984,"1",3,"1",0,"1",0,"A",
383,"PARKHO","X",1235,639,25,4,1984,"1",5,"1",0,"1",0,"F",
384,"PARKHO","Z",1236,667,27,5,1984,"1",4,"1",3,"1",0,"Q","T"
385,"PIDBOT","X",630,654,15,5,1984,"1",5,"1",4,"1",2,"O","T"
386,"PIDMID","N",1127,650,30,4,1984,"1",5,"1",4,"1",0,"N","D"
387,"PCUMFN","N",1128,649,10,5,1984,"1",4,"1",3,"1",3,"N",
388,"RAFSWK","L",1129,503,12,5,1984,"1",2,"1",0,"1",0,"A",
389,"DODGHR","N",620,666,22,4,1984,"3",,"3",,"1",3,,
390,"REDHON","O",1237,1468,,,1984,"1",0,"1",0,"1",0,,
391,"ROBARN","N",595,564,2,5,1984,"1",5,"1",5,"1",3,,"S"
392,"RSMWML","L",424,637,8,5,1984,"1",1,"1",0,"1",0,"A",
393,"RSMCHN","O",1238,1590,,,1984,"2",,"2",,"2",,,
394,"SEWARD","N",1239,652,2,5,1984,"1",4,"1",3,"1",3,"N",
395,"SEWVEN","L",493,501,13,5,1984,"1",1,"1",0,"1",0,"A",
396,"SHOTHL","N",1130,1591,26,5,1984,"1",3,"1",0,"1",0,"A",
397,"TICKSL","N",505,497,1,5,1984,"1",5,"1",5,"1",4,,"R"
398,"TROUTH","N",467,314,14,5,1984,"1",5,"1",4,"1",1,"Q","W"
399,"UNWDGR","N",634,648,21,4,1984,"1",5,"1",2,"1",1,"Q","W"
400,"WHITR1","N",1240,657,27,4,1984,"1",5,"1",5,"1",5,,
401,"SHACK2","N",457,422,6,5,1984,"1",5,"1",5,"1",4,,"S"
402,"WORBOX","O",626,1469,,,1984,"1",0,"1",0,"1",0,,
403,"CHAPBR","N",1163,1592,,,1984,"3",,"3",,"3",,,
404,"EMPSTA","N",467,314,8,5,1985,"1",5,"1",5,"1",5,,
405,"EMPWIL","L",760,1593,21,5,1985,"1",3,"1",0,"1",0,"A",
406,"TICKDR","O",1131,1594,,,1985,"1",0,"1",0,"1",0,,
407,"SHACK2","N",1241,580,12,5,1985,"1",4,"1",0,"1",0,"A",
408,"LANESF","O",589,426,,,1985,"1",0,"1",0,"1",0,,
409,"MAKEYS","N",609,611,3,5,1985,"1",5,"1",5,"1",4,,"T"
410,"KETWML","O",573,712,,,1985,"1",0,"1",0,"1",0,,
411,"KETFPA","N",390,495,11,5,1985,"3",,"3",,"1",3,,
412,"COLFPC","I",1242,1595,12,5,1985,"3",,"1",0,"1",0,"O",
413,"COLFPC","R",1243,764,3,6,1985,"1",4,"1",0,"1",0,"A",
414,"COLLWE","N",504,403,25,5,1985,"1",5,"1",4,"1",3,"Q","R"
415,"DPSEWL","N",736,610,10,5,1985,"1",5,"1",5,"1",3,,"S"
416,"BOWLOK","X",579,513,1,5,1985,"1",5,"1",0,"1",0,"F",
417,"DPSWAS","U",579,765,13,6,1985,"3",,"1",0,"1",0,"O",
418,"ROBARN","N",624,757,16,5,1985,"1",3,"1",3,"1",0,,"S"
419,"SEWVEN","N",501,563,11,5,1985,"1",4,"1",3,"1",3,"Z",
420,"LYNDSH","N",479,1596,3,6,1985,"1",4,"1",0,"1",0,"A",
421,"GLASTM","N",633,755,19,5,1985,"1",3,"1",3,"1",3,,
422,"SEATRY","Y",601,749,4,5,1985,"1",4,"1",0,"1",0,"F",
423,"COACHB","N",758,759,28,5,1985,"3",,"1",0,"1",0,"O",
424,"COPLYW","I",631,1597,14,5,1985,"3",,"1",0,"1",0,"O",
425,"COPLYE","R",631,1598,,,1985,"3",,"1",0,"1",0,"O",
426,"MORRAX","O",686,1599,,,1985,"1",0,"1",0,"1",0,,
427,"FLINTS","N",583,545,30,4,1985,"1",5,"1",5,"1",3,,"R"
428,"BAINES","Y",745,1600,6,5,1985,"1",1,"1",0,"1",0,,
429,"BAINES","U",1164,1601,,,1985,"1",0,"1",0,"1",0,"F",
430,"DEXTER","Y",729,748,6,5,1985,"3",,"1",0,"1",0,"F",
431,"HUNDAC","O",1132,1602,,,1985,"1",0,"1",0,"1",0,,
432,"HARDWK","N",1244,750,20,4,1985,"1",6,"1",6,"1",6,,
433,"ELDPOM","N",1245,656,26,5,1985,"3",,"1",0,"1",0,"A",
434,"ELDRIN","N",1246,502,14,5,1985,"1",5,"1",4,"1",3,"G","S"
435,"WHITR1","N",584,657,30,4,1985,"1",3,"1",2,"1",2,"Q",
436,"UNWDGR","N",634,754,1,5,1985,"1",5,"1",5,"1",5,,
437,"CHAPBR","O",735,728,,,1985,"1",0,"1",0,"1",0,,
438,"DELAVA","N",558,664,4,5,1985,"3",,"1",0,"1",0,"C",
439,"LINWOD","N",660,636,12,4,1985,"1",5,"1",5,"1",4,,"W"
440,"RANSMR","N",620,665,,,1985,"2",,"1",0,"1",0,"W",
441,"DODGHS","N",619,756,16,5,1985,"1",4,"1",3,"1",3,"N",
442,"DYKEAS","N",473,761,24,5,1985,"1",4,"1",0,"1",0,"W",
443,"DYKESH","N",615,614,10,5,1985,"1",4,"1",4,"1",4,,
444,"KEWOR1","N",1133,1603,,,1985,"2",,"1",0,"1",0,"W",
445,"RMERBX","N",577,546,24,5,1985,"1",4,"1",3,"1",2,"O","S"
446,"DAIRYF","O",1165,678,,,1985,"1",0,"1",0,"1",0,,
447,"CHURCH","O",635,1604,,,1985,"1",0,"1",0,"1",0,,
448,"RSMWML","Y",738,762,,,1985,"1",0,"1",0,"1",0,,
449,"RSMWML","Z",1166,762,23,5,1985,"1",4,"1",3,"1",0,"W","D"
450,"RSMCHN","N",1247,1605,,,1985,"2",,"2",,"2",,,
451,"LODEBX","N",684,613,24,5,1985,"1",4,"1",4,"1",4,,
452,"WAYBOX","O",740,724,,,1985,"1",0,"1",0,"1",0,,
453,"WORWBX","N",763,693,8,5,1985,"1",5,"1",4,"1",0,"N","T"
454,"BURYCH","N",549,645,22,4,1985,"1",3,"1",3,"1",2,,"R"
455,"LAMBP2","N",499,578,21,5,1985,"1",5,"1",4,"1",3,"Q","T"
456,"WESTSH","N",616,731,21,5,1985,"1",4,"1",4,"1",4,,
457,"GRAYAS","N",744,752,1,6,1985,"1",4,"1",4,"1",2,,"W"
458,"BILLUP","N",742,652,2,5,1985,"1",5,"1",5,"1",4,,"S"
459,"HDLWDB","X",1248,743,24,4,1985,"1",5,"1",0,"1",0,"F",
460,"HDLWDB","Z",1249,662,15,5,1985,"1",6,"1",0,"1",0,"F",
461,"EDWDFM","O",1250,753,,,1985,"1",0,"1",0,"1",0,,
462,"SLYSTK","N",737,1606,,,1985,"3",,"1",0,"1",0,"W",
463,"PIDBOT","O",739,1607,,,1985,"1",0,"1",0,"1",0,,
464,"PCUMFN","N",1251,1477,27,5,1985,"1",1,"1",0,"1",0,"A",
465,"WHITDK","O",1167,1608,,,1985,"1",0,"1",0,"1",0,,
466,"BURYST","N",771,1478,14,5,1985,"1",4,"1",1,"1",1,"P",
467,"PARKHO","X",1252,747,25,4,1985,"1",6,"1",0,"1",0,"F",
468,"STOCKF","N",1134,617,,,1985,"2",,"2",,"1",0,,"M"
469,"EMPSTA","N",1253,580,20,5,1986,"1",3,"1",0,"1",0,"A",
470,"TICKSL","N",683,790,24,5,1986,"1",3,"1",3,"1",1,,"S"
471,"MILLF2","N",599,766,22,5,1986,"1",4,"1",3,"1",1,"Q","I"
472,"LANESF","L",589,426,27,5,1986,"1",2,"1",0,"1",0,"A",
473,"KEBULL","N",390,495,12,5,1986,"1",4,"1",4,"1",2,,"R"
474,"COLLWB","N",504,513,12,5,1986,"1",3,"1",3,"1",3,,
475,"DPSERN","N",579,610,4,5,1986,"1",5,"1",5,"1",3,,"S"
476,"SEWVEN","N",501,818,25,5,1986,"1",3,"1",3,"1",1,,"W"
477,"FLINTS","N",583,545,26,5,1986,"1",4,"1",4,"1",4,,
478,"DEXTER","N",729,816,12,5,1986,"1",3,"1",3,"1",2,,"R"
479,"RYHALL","X",814,748,28,10,1985,"1",5,"1",0,"1",0,"F",
480,"HARDWK","X",802,815,10,5,1986,"1",4,"1",0,"1",0,"F",
481,"RHLODG","N",686,757,8,5,1986,"1",5,"1",5,"1",4,,"W"
482,"SLUFWM","N",785,788,2,5,1986,"3",,"1",0,"1",0,"B",
483,"ELDPOM","N",812,807,16,5,1986,"1",3,"1",0,"1",0,"A",
484,"ELDRIN","O",803,502,,,1986,"1",0,"1",0,"1",0,,
485,"WHITR2","N",584,657,19,5,1986,"1",4,"1",4,"1",4,,
486,"UNWDGR","N",634,728,9,5,1986,"1",5,"1",4,"1",4,"Q",
487,"CHURCH","N",635,798,16,5,1986,"3",,"1",0,"1",0,"O",
488,"WHITDK","N",1254,806,9,5,1986,"1",4,"1",4,"1",3,,"S"
489,"GRANHO","O",1135,1609,,,1986,"1",0,"1",0,"1",0,,
490,"GRANGE","N",730,661,6,5,1986,"1",5,"1",0,"1",0,"A",
491,"LINWOD","F",660,636,27,4,1986,"1",6,"1",0,"1",0,"E",
492,"LINWOD","R",660,636,12,6,1986,"1",5,"1",5,"1",4,,"W"
493,"DODGHS","N",620,722,28,5,1986,"1",2,"1",1,"1",1,"Q",
494,"DYKEBX","N",808,799,17,5,1986,"1",3,"1",0,"1",0,"A",
495,"DYKESH","N",615,614,18,5,1986,"1",5,"1",5,"1",5,,
496,"KEWOR1","I",558,809,22,5,1986,"1",1,"1",0,"1",0,"M",
497,"KEWOR1","R",558,768,29,5,1986,"3",,"1",1,"1",1,,
498,"GLASSM","N",727,678,9,5,1986,"1",5,"1",0,"1",0,"N",
499,"DAIRYF","L",740,618,25,5,1986,"1",2,"1",0,"1",0,"B",
500,"MEREFM","N",805,1610,29,4,1986,"1",5,"1",0,"1",0,"A",
501,"RSMWML","X",813,762,6,5,1986,"1",5,"1",0,"1",0,"F",
502,"RSMCHN","N",1168,1611,2,5,1986,"3",,"3",,"1",1,,
503,"WORWBX","O",794,704,,,1986,"1",0,"1",0,"1",0,,
504,"BURYCH","N",549,645,3,5,1986,"1",5,"1",5,"1",5,,
505,"BURYSK","N",690,498,27,10,1986,"1",5,"1",4,"1",3,"O","R"
506,"LAMBP1","O",721,1612,,,1986,"1",0,"1",0,"1",0,,
507,"WESTSH","N",810,820,2,6,1986,"1",4,"1",0,"1",0,"A",
508,"CHATS1","N",616,731,9,5,1986,"1",6,"1",4,"1",4,"N",
509,"HDLWDB","X",1169,743,29,4,1986,"1",5,"1",0,"1",0,"F",
510,"HDLWDB","Z",1170,819,22,5,1986,"1",5,"1",5,"1",5,,
511,"BILLUP","N",742,822,24,5,1986,"1",4,"1",3,"1",2,"N","R"
512,"NFENPT","O",801,1613,,,1986,"1",0,"1",0,"1",0,,
513,"FENMAR","N",744,652,6,5,1986,"1",5,"1",5,"1",5,,
514,"EDWDFM","N",1136,753,23,5,1986,"3",,"1",0,"1",0,"O",
515,"PIDBOT","L",1137,1614,28,5,1986,"1",1,"1",0,"1",0,"A",
516,"FENBOX","N",587,687,7,5,1986,"1",4,"1",3,"1",3,"N",
517,"STOCKF","N",763,817,12,5,1986,"1",5,"1",5,"1",4,,"R"
518,"UPWDEM","N",1138,821,14,5,1986,"1",5,"1",5,"1",5,,
519,"PARKHO","N",1171,639,10,5,1986,"1",5,"1",4,"1",3,"Q","R"
520,"GTRVAS","N",1255,1615,3,5,1986,"3",,"3",,"1",4,,
521,"TICKSL","N",683,790,24,5,1987,"1",4,"1",4,"1",4,,
522,"TICKPK","N",599,766,5,5,1987,"1",4,"1",4,"1",2,,"W"
523,"LANESF","N",589,426,20,5,1987,"1",3,"1",3,"1",3,,
524,"KEBULL","N",573,495,12,5,1987,"1",4,"1",4,"1",0,,"D"
525,"DPSERN","N",853,846,6,5,1987,"1",5,"1",4,"1",3,"Q","R"
526,"WELOOP","O",1139,1616,,,1987,"1",0,"1",0,"1",0,,
527,"GGBARE","L",787,1617,20,5,1987,"1",1,"1",0,"1",0,"O",
528,"SHOTHL","O",758,759,,,1987,"1",0,"1",0,"1",0,,
529,"FLINTS","N",852,770,26,4,1987,"1",5,"1",5,"1",2,,"T"
530,"DEXTER","N",729,842,30,4,1987,"3",,"1",0,"1",0,"G",
531,"MFRBOX","N",686,847,7,5,1987,"1",5,"1",5,"1",0,,"C"
532,"SHOWGR","F",1256,1618,28,4,1987,"1",5,"1",0,"1",0,"A",
533,"SHOWGR","R",1257,1619,5,6,1987,"1",3,"1",0,"1",0,"A",
534,"ELDPOM","N",812,843,2,5,1987,"1",3,"1",0,"1",0,"A",
535,"ELDRIN","N",803,807,17,5,1987,"1",5,"1",5,"1",5,,
536,"WHITR2","I",584,722,5,5,1987,"1",1,"1",0,"1",0,"C",
537,"WHITR1","R",584,722,7,5,1987,"1",5,"1",5,"1",5,,
538,"UNWDGR","N",634,728,30,4,1987,"1",5,"1",0,"1",0,"M",
539,"UNWDG2","N",769,835,20,5,1987,"1",3,"1",3,"1",2,,"W"
540,"WHITDK","N",676,831,5,5,1987,"1",5,"1",0,"1",0,"A",
541,"LINWOD","N",855,844,30,4,1987,"1",6,"1",6,"1",5,,"S"
542,"DODGHS","N",620,799,3,5,1987,"1",5,"1",5,"1",0,,"W"
543,"DYKESH","I",615,614,24,4,1987,"1",4,"1",0,"1",0,"A",
544,"DYKESH","R",1140,614,7,5,1987,"1",3,"1",3,"1",3,,
545,"KEWBOX","N",558,848,2,5,1987,"1",4,"1",4,"1",3,,"S"
546,"GLASSM","N",837,678,12,5,1987,"1",5,"1",0,"1",0,"N",
547,"MEREFM","N",727,849,2,5,1987,"1",5,"1",4,"1",4,"Q",
548,"RSMCHN","N",832,586,,,1987,"3",,"3",,"3",,,
549,"LODEBX","N",635,762,5,5,1987,"1",5,"1",5,"1",5,,
550,"WORWBX","N",794,724,12,5,1987,"1",5,"1",4,"1",4,"Q",
551,"BURYCH","N",690,645,2,5,1987,"1",5,"1",4,"1",4,"O",
552,"UPWDE2","N",1258,821,28,4,1987,"1",5,"1",4,"1",4,"Q",
553,"WESTSH","N",810,838,1,5,1987,"1",5,"1",5,"1",5,,
554,"CHATS3","N",616,845,19,4,1987,"1",6,"1",6,"1",6,,
555,"HDLWDB","Y",841,743,28,4,1987,"3",,"1",0,"1",0,"F",
556,"PIDBOT","N",854,753,8,5,1987,"1",4,"1",4,"1",0,,"T"
557,"FENBOX","N",587,851,6,5,1987,"1",4,"1",3,"1",3,"Q",
558,"BILLUP","O",1141,1620,,,1987,"1",0,"1",0,"1",0,,
559,"FENMAR","N",772,652,28,4,1987,"1",5,"1",2,"1",2,"N",
560,"PARKH2","X",1259,850,3,5,1987,"1",4,"1",0,"1",0,"F",
561,"TROUTH","N",1260,896,23,4,1988,"1",6,"1",6,"1",5,,
562,"TICKPK","N",836,790,,,1988,"3",,"3",,"3",,,
563,"NORMPK","N",589,893,20,4,1988,"1",5,"1",0,"1",0,"B",
564,"KETWML","N",1172,904,7,5,1988,"1",4,"1",2,"1",0,"N","S"
565,"KEBULL","N",573,495,2,5,1988,"1",5,"1",4,"1",3,"Q","R"
566,"COLLBR","N",879,1621,,,1988,"2",,"2",,"2",,,
567,"TIXLDG","N",1173,900,6,5,1988,"1",3,"1",0,"1",0,"A",
568,"DUDLAY","N",826,1622,26,4,1988,"1",5,"1",0,"1",0,"A",
569,"DPSERN","O",1142,846,,,1988,"1",0,"1",0,"1",0,,
570,"ROBARN","N",1261,897,29,4,1988,"1",5,"1",4,"1",0,"Z","C"
571,"SEATEA","O",758,759,,,1988,"1",0,"1",0,"1",0,,
572,"COACHB","L",1262,1623,1,5,1988,"1",1,"1",0,"1",0,"A",
573,"SLUFWM","I",825,898,19,4,1988,"1",1,"1",0,"1",0,"A",
574,"SLUFWM","R",825,898,27,4,1988,"1",5,"1",0,"1",0,"A",
575,"BELMYS","N",1263,1624,,,1988,"3",,"3",,"1",3,,
576,"FINEAB","N",1264,1625,1,5,1988,"1",5,"1",0,"1",0,"A",
577,"WALKFM","O",889,888,,,1988,"1",0,"1",0,"1",0,,
578,"BARNLG","N",905,901,26,4,1988,"1",5,"1",5,"1",0,,"W"
579,"ELLIWP","O",1174,1626,,,1988,"1",0,"1",0,"1",0,,
580,"GREGLD","N",887,903,3,5,1988,"1",5,"1",5,"1",4,,"W"
581,"ELDPOM","N",1175,906,16,5,1988,"1",4,"1",4,"1",4,,
582,"ELDRIN","N",1265,807,26,4,1988,"1",5,"1",5,"1",4,,"W"
583,"UNWDG2","N",1143,728,6,5,1988,"1",5,"1",3,"1",3,"Q",
584,"UNWDSP","O",883,1627,,,1988,"1",0,"1",0,"1",0,,
585,"WHITDK","N",676,908,29,4,1988,"1",6,"1",6,"1",6,,
586,"LINWOD","N",855,844,12,4,1988,"1",5,"1",4,"1",4,"Q",
587,"DODGHS","N",803,661,5,5,1988,"1",4,"1",4,"1",2,,"R"
588,"DYKESH","N",929,895,12,4,1988,"1",5,"1",5,"1",5,,
589,"RMERBX","N",837,899,5,5,1988,"1",3,"1",0,"1",0,"N",
590,"MEREFM","N",727,849,28,4,1988,"1",4,"1",3,"1",3,"Z",
591,"FOURSH","N",1266,894,27,4,1988,"1",5,"1",0,"1",0,"A",
592,"RSMCHN","N",832,586,,,1988,"3",,"3",,"3",,,
593,"LODEST","N",635,880,22,5,1988,"1",4,"1",3,"1",3,"Q",
594,"BRICKX","I",882,881,,,1988,"1",0,"1",0,"1",0,,
595,"BODBOX","R",882,911,5,6,1988,"1",4,"1",3,"1",3,"Q",
596,"WAYCAT","L",873,724,9,5,1988,"1",1,"1",0,"1",0,"Q",
597,"HOLHSW","O",839,892,,,1988,"1",0,"1",0,"1",0,,
598,"WORWBX","N",794,890,20,5,1988,"1",4,"1",0,"1",0,"M",
599,"ELMSFM","O",1176,1628,,,1988,"1",0,"1",0,"1",0,,
600,"BURYCH","L",1177,856,9,5,1988,"1",3,"1",0,"1",0,"A",
601,"UPWDE2","N",1267,821,25,4,1988,"1",6,"1",6,"1",5,,"R"
602,"WESTSH","N",810,1470,9,5,1988,"1",5,"1",0,"1",0,"M",
603,"WIMBLN","O",1268,845,,,1988,"1",0,"1",0,"1",0,,
604,"FENMAR","N",772,652,28,4,1988,"1",5,"1",1,"1",1,"N",
605,"HOLWDB","N",928,743,26,4,1988,"1",6,"1",6,"1",6,,
606,"PIDMID","N",855,909,30,4,1988,"1",4,"1",4,"1",3,,"S"
607,"FENBOX","N",587,902,7,5,1988,"1",5,"1",3,"1",3,"Z",
608,"ROWEYF","N",862,851,5,5,1988,"1",4,"1",3,"1",2,"Q","T"
609,"MOXOWS","N",876,870,13,5,1988,"1",4,"1",3,"1",3,"Q",
610,"HUMBRL","N",1178,910,14,5,1988,"1",3,"1",3,"1",3,,
611,"PARKHO","N",891,678,29,4,1988,"1",5,"1",5,"1",0,,"T"
612,"DAIRYF","N",907,1629,14,5,1988,"1",4,"1",0,"1",0,"A",
613,"SYKEGL","V",1269,896,24,4,1989,"1",6,"1",0,"1",0,"F",
614,"EMPSTA","W",1270,896,17,5,1989,"1",5,"1",5,"1",5,,
615,"OHLBRN","N",1144,1630,6,5,1989,"1",5,"1",5,"1",4,,"T"
616,"NORMPK","N",589,1471,7,5,1989,"1",5,"1",1,"1",1,"Q",
617,"KEBULL","V",1145,495,30,4,1989,"1",5,"1",0,"1",0,"F",
618,"COLLBR","V",879,912,25,4,1989,"1",5,"1",0,"1",0,"F",
619,"COLFPB","W",879,912,22,5,1989,"1",4,"1",3,"1",2,"Q","S"
620,"COLFPA","O",1179,1631,,,1989,"1",0,"1",0,"1",0,,
621,"TIXCHH","V",826,914,19,4,1989,"1",5,"1",0,"1",0,"F",
622,"WELSPY","W",826,914,18,5,1989,"1",5,"1",4,"1",3,"N","S"
623,"WAKCHH","V",1271,913,13,4,1989,"1",6,"1",0,"1",0,"F",
624,"WAKCHH","W",1272,913,20,5,1989,"1",5,"1",5,"1",5,,
625,"ROBARZ","N",1273,1632,6,5,1989,"1",5,"1",5,"1",4,,"S"
626,"LIMESB","N",1180,920,11,5,1989,"1",4,"1",4,"1",0,,"V"
627,"SEATW2","O",1146,1633,,,1989,"1",0,"1",0,"1",0,,
628,"BELMYS","N",1274,1634,14,5,1989,"1",3,"1",3,"1",3,,
629,"HUNDAC","N",1147,1472,22,5,1989,"1",3,"1",0,"1",0,"B",
630,"DEXTER","V",905,901,23,4,1989,"1",5,"1",0,"1",0,"F",
631,"LYNDBA","V",1275,1635,27,4,1989,"1",5,"1",0,"1",0,"F",
632,"LITCHF","V",1276,916,25,4,1989,"1",6,"1",0,"1",0,"F",
633,"GREGLD","V",887,915,29,4,1989,"1",5,"1",0,"1",0,"F",
634,"DPSEWL","O",1148,1636,,,1989,"1",0,"1",0,"1",0,,
635,"MAKEYS","O",1149,1637,,,1989,"1",0,"1",0,"1",0,,
636,"ELDPOM","O",1277,906,,,1989,"1",0,"1",0,"1",0,,
637,"ELDRIN","N",1278,1473,30,4,1989,"1",5,"1",4,"1",4,"N",
638,"UNWDG2","N",1150,1638,26,4,1989,"1",4,"1",3,"1",3,"N",
639,"UNWDSP","N",883,1639,10,5,1989,"1",4,"1",0,"1",0,"A",
640,"WHITDK","N",1279,908,3,5,1989,"1",5,"1",2,"1",2,"Q",
641,"GRANGE","O",1151,1479,,,1989,"1",0,"1",0,"1",0,,
642,"LINWOD","N",1280,661,15,5,1989,"1",4,"1",4,"1",4,,
643,"DODGHS","N",1181,919,6,5,1989,"1",5,"1",4,"1",4,,
644,"DYKESH","V",918,1474,1,5,1989,"1",5,"1",0,"1",0,"F",
645,"GLASSM","L",837,899,20,5,1989,"1",1,"1",0,"1",0,"A",
646,"RMERBX","R",837,899,25,5,1989,"1",3,"1",0,"1",0,"A",
647,"DAIRYF","O",1152,1475,,,1989,"1",0,"1",0,"1",0,,
648,"MEREFM","N",727,922,10,5,1989,"1",4,"1",4,"1",2,,"V"
649,"RSMCHN","N",832,586,,,1989,"3",,"3",,"3",,,
650,"BRICKX","N",907,880,15,5,1989,"1",5,"1",5,"1",4,,"R"
651,"WORWBX","N",794,1640,1,5,1989,"1",5,"1",5,"1",5,,
652,"BURYCH","L",1281,856,14,5,1989,"1",1,"1",0,"1",0,"A",
653,"BURYCH","R",1282,856,28,10,1989,"3",,"1",0,"1",0,"B",
654,"UPWDE2","N",1283,821,29,4,1989,"1",5,"1",0,"1",0,"A",
655,"WESTSH","V",810,917,2,5,1989,"1",5,"1",0,"1",0,"F",
656,"WESTSH","W",810,917,3,6,1989,"1",3,"2",,"2",,,
657,"CHATS3","N",1153,845,12,5,1989,"1",5,"1",5,"1",4,,"T"
658,"FENMAR","N",772,921,4,5,1989,"1",5,"1",5,"1",4,,"W"
659,"PIDBOT","N",1284,909,26,4,1989,"1",5,"1",4,"1",2,"Q","V"
660,"FOXHBX","N",1154,861,17,5,1989,"1",5,"1",5,"1",5,,
661,"PARKHO","N",1285,1641,6,5,1989,"1",4,"1",4,"1",2,,"V"
662,"FENBOX","N",1155,851,18,4,1989,"1",5,"1",4,"1",4,"Q",
663,"HOLWDB","N",1286,1642,14,5,1989,"1",4,"1",4,"1",4,,
664,"DORRIN","N",839,892,19,5,1989,"1",4,"1",2,"1",1,"Q","R"
665,"LAMBP1","L",1156,1643,11,5,1989,"1",1,"1",0,"1",0,"A",
666,"BEEZLG","N",1287,1644,10,5,1989,"1",5,"1",5,"1",5,,
667,"DOVCBX","N",1157,1645,,,1989,"1",5,"1",4,"1",4,"W",
