"RowID","KestrelID","Date","Condition","Weight","Chord","StudyArea","MoultPrimaries","MoultTail","MoultHead","MoultBack","MoultRump","MoultUTC","BuffSize","FlankFeathers","ColHead","ColRump","ColUTC","ColTail","BarWidth","BarGap","Parasites"
154,641,"26/04/1985, 00.00.00","2",181,241,"A",,,,,,,,,"2","1","1","1",,,
155,642,"11/05/1984, 00.00.00","2",264,256,"P",0,0,,,,,,,,,,,,,
156,642,"14/03/1985, 00.00.00","2",228,255,"P",,,,,,,,,,,,,,,
157,643,"11/05/1984, 00.00.00","3",213,255,"P",0,0,,,,,,,,,,,,,
158,644,"11/05/1984, 00.00.00","2",,250,"P",0,0,,,,,0,"4","1","1","1","1","0",,
159,645,"15/05/1984, 00.00.00","4",329,262,"A",0,0,,,,,2,"4",,"1","1","5","N",,
160,645,"22/04/1986, 00.00.00","3",290,259,"A",,,,,,,1,"5","5","1","2","4","3",7,0
161,646,"15/05/1984, 00.00.00","3",294,256,"A",0,0,,,,,0,"4",,"2","2","4","S",,
162,647,"17/05/1984, 00.00.00","2",236,254,"A",1,0,,,,,1,"4",,,,,,,
163,648,"18/05/1984, 00.00.00","2",254,258,"A",2,0,,,,,1,"4",,"2","2","5","S",,
164,649,"21/05/1984, 00.00.00","2",281,270,"A",1,0,,"3","2","2",3,"3","5","5","5","5","6",6,
165,650,"21/05/1984, 00.00.00","2",270,254,"A",0,0,,,,,1,"4","5","3","3","5","S",,
166,651,"21/05/1984, 00.00.00","2",258,248,"A",0,0,,,,,3,"2",,,,"5","3",5,
167,652,"21/05/1984, 00.00.00","3",278,257,"A",0,0,,,,,1,"4",,"1","1","1","N",,
168,652,"14/06/1984, 00.00.00","2",256,257,"A",0,0,,,,,,,,,,,,,
169,653,"23/05/1984, 00.00.00","2",258,250,"M",0,0,,,,,1,"4",,"1","1","2","S",,
170,654,"29/05/1984, 00.00.00","3",298,261,"A",0,0,,,,,1,"4",,"2","2","5","N",,
171,654,"20/08/1984, 00.00.00","2",234,260,"A",24,7,,,,,,,,,,,,,
172,655,"29/05/1984, 00.00.00","2",206,244,"A",0,0,,,,,1,"4","2","1","1","1","0",,
173,656,"31/05/1984, 00.00.00","3",260,241,"A",0,0,,,,,1,"4",,"2","2","2","S",,
174,657,"31/05/1984, 00.00.00","2",266,264,"A",3,0,,,"2","2",3,"3",,"5","5","5","6",6,
175,658,"04/06/1984, 00.00.00","3",310,257,"M",3,0,,,,,1,"4",,,,,,,
176,658,"15/06/1984, 00.00.00","2",224,257,"M",4,0,,,,,,,,,,,,,
177,659,"19/03/1985, 00.00.00","2",187,246,"A",,,"1","2","2","1",5,"2","5","1","1","3","4",7,0
178,660,"06/06/1984, 00.00.00","2",197,250,"A",0,0,,,,,1,"4","2","1","1","1","H",,
179,661,"06/06/1984, 00.00.00","2",214,247,"A",3,0,,"4","3","3",3,"2","5","5","5","5","3",5,
180,661,"12/03/1986, 00.00.00","3",251,243,"A",,,,,,,1,"5","5","4","4","5","3",8,0
181,662,"06/06/1984, 00.00.00","2",265,260,"A",5,0,,"3","2","1",3,"1",,"5","5","5","5",5,
182,663,"07/06/1984, 00.00.00","2",278,255,"M",0,0,,,,,0,"4",,"2","2","1","N",,
183,663,"28/11/1984, 00.00.00","2",244,254,"M",,,,,,,,,,,,,,,0
184,664,"08/06/1984, 00.00.00","3",265,247,"A",0,0,,,,,1,"4",,"1","1","5","S",,
185,665,"08/06/1984, 00.00.00","2",286,248,"A",0,0,"3","1","1","3",3,"5","5","5","5","5","5",8,
186,666,"08/06/1984, 00.00.00","2",253,259,"A",8,0,,,,,1,"4",,"1","1","3","N",,
187,667,"08/06/1984, 00.00.00","1",239,252,"A",5,0,,"4","1","2",3,"1","5","5","5","5","5",8,
188,668,"01/10/1984, 00.00.00",,200,250,"W",,,,,,,,,,,,,,,
189,669,"09/10/1984, 00.00.00",,184,244,"W",,,,,,,,,,,,,,,
190,670,"10/10/1984, 00.00.00",,202,252,"W",,,,,,,,,,,,,,,
191,671,"19/10/1984, 00.00.00",,156,249,"W",,,,,,,,,,,,,,,
192,672,"19/10/1984, 00.00.00",,179,244,"W",,,,,,,,,,,,,,,
193,673,"26/04/1985, 00.00.00",,164,243,"W",,,,,,,,,,,,,,,
194,674,"18/11/1985, 00.00.00",,183,243,"M",,,,,,,,,,,,,,,
195,675,"21/04/1986, 00.00.00",,200,247,"W",,,,,,,,,,,,,,,
196,676,"23/04/1987, 00.00.00","2",192,236,"A",,,,,,,2,"5","2","1","1","1",,,0
197,677,"18/06/1984, 00.00.00","3",173,254,"A",5,0,,,,,2,"4","1","1","1","1",,,
198,678,"22/06/1984, 00.00.00","2",217,243,"A",2,0,,,,,1,"4","5","3","3","3","K",,
199,679,"29/11/1984, 00.00.00","2",192,240,"M",,,"2","2","2","1",3,"1","5","5","1","2","2",9,
200,680,"24/09/1984, 00.00.00","1",208,258,"A",,,"1","2","1","1",3,"1","5","5","5","5","3",7,3
201,681,"25/09/1984, 00.00.00","1",162,247,"A",,,"1","2","2","1",5,"2",,"3","3","5","3",9,0
202,681,"24/04/1986, 00.00.00","2",196,239,"A",,,,,,,2,"5","3","1","1","1","S",,0
203,682,"26/06/1984, 00.00.00","1",180,232,"A",3,1,"1","1","2","2",3,"1","5","4","4","3","3",8,
204,683,"18/03/1986, 00.00.00","2",187,239,"M",,,,,,,1,"5","3","1","1","1","H",,0
205,684,"16/08/1984, 00.00.00","2",176,,"A",34,21,"1","2","2","2",,"4","2","1","1","1",,,
206,685,"16/08/1984, 00.00.00","2",231,248,"A",18,8,"2","2","2","1",4,,"5","1","1","1","S",,
207,686,"17/04/1985, 00.00.00","1",187,240,"M",,,"4","4","2","2",5,"3","3","1","1","3","4",7,0
208,687,"16/08/1984, 00.00.00","2",223,256,"A",32,15,,,"4","4",,"3",,"1","1",,,,
209,688,"16/08/1984, 00.00.00","3",235,253,"A",32,7,,,"4","4",,"3",,"1","1","3","N",,
210,688,"16/10/1985, 00.00.00",,216,244,"A",50,30,,,,,,,,,,,,,
211,689,"07/09/1984, 00.00.00","2",192,250,"A",,,"1","2","1","1",5,"1","5","4","4","3","4",7,
212,690,"07/09/1984, 00.00.00","2",200,252,"A",,,"1","1","1","1",4,"1",,"3","3","2","2",,
213,690,"23/04/1986, 00.00.00","2",196,244,"A",,,"3","4",,,0,"5","4","1","1","1","0",0,0
214,691,"13/09/1984, 00.00.00","2",207,256,"A",50,30,,,,,0,"4","5","5","5","5","8",5,
215,692,"13/09/1984, 00.00.00","2",201,249,"A",,,"1","1","1","1",3,"1","5","5","5","5","5",4,
216,693,"21/09/1984, 00.00.00","2",206,265,"A",,,"1","2","2","1",3,"1",,"4","4","5","4",6,
217,694,"21/09/1984, 00.00.00","2",196,260,"A",,,"1","1","1","1",4,"1",,"1","1","3","5",7,
218,695,"24/09/1984, 00.00.00","2",165,249,"A",,,"1","2","3","3",4,"1",,"1","1","1","3",7,0
219,696,"25/09/1984, 00.00.00","1",197,252,"A",,,"1","1","1","1",4,"1",,"4","4","5","4",6,0
220,696,"28/05/1986, 00.00.00","2",258,249,"A",0,0,,"4",,,1,"5","5","4","2","4","3",7,0
221,697,"26/09/1984, 00.00.00","2",192,243,"A",48,25,,,,,2,"4","3","1","1","1",,,0
222,698,"02/10/1984, 00.00.00","1",221,,"A",42,26,,,,,2,"4",,,,,,,0
223,699,"09/10/1984, 00.00.00","2",206,264,"A",,,"1","2","2","2",3,"1","5","4","4","5","4",7,0
224,700,"09/10/1984, 00.00.00","2",185,257,"A",,,"1","1","1","1",3,"1",,"3","3","3","5",6,0
225,701,"09/10/1984, 00.00.00","3",253,250,"A",,,"1","2","1","1",4,"1",,"5","5","5","4",7,0
226,702,"10/10/1984, 00.00.00","2",170,245,"A",,,"1","1","1","1",4,"2",,"1","1","3","3",7,0
227,703,"11/10/1984, 00.00.00",,,245,"M",,,,,,,1,"4","3","1","1","1",,,
228,704,"15/10/1984, 00.00.00","2",218,256,"A",,,"1","2","2","1",4,"1",,"4","1","5","5",8,1
229,705,"15/10/1984, 00.00.00","2",181,238,"A",,,"1","2","2","1",5,"1",,"5","5","5","3",7,0
230,706,"15/10/1984, 00.00.00","2",193,254,"A",,,"1","2","2","1",3,"2",,"5","5","5","5",8,0
231,707,"01/11/1984, 00.00.00","3",220,257,"A",,,"1","1","1","1",3,"1",,"5","5","5","6",7,0
232,708,"01/11/1984, 00.00.00","2",219,250,"A",,,"1","2","1","1",3,"1",,"5","5","5","5",6,0
233,709,"01/11/1984, 00.00.00","2",207,255,"A",50,30,,,,,0,"4","5","1","1","4","N",,0
234,710,"21/11/1984, 00.00.00","2",190,260,"M",,,"1","3","1","2",3,"1",,"4","4","5","3",9,4
235,711,"21/11/1984, 00.00.00","3",192,235,"M",,,"1","3","2","1",4,"1",,"5","5","5","3",7,0
236,712,"29/11/1984, 00.00.00","2",230,256,"M",,,,,,,2,"4",,,,,,,
237,713,"06/12/1984, 00.00.00","1",175,237,"M",,,"1","2","1","1",4,"2","5","4","4","5","3",8,
238,714,"07/12/1984, 00.00.00","1",193,242,"M",,,"1","3","2","2",4,"1",,"1","1","3","4",7,
239,715,"15/12/1984, 00.00.00","3",189,238,"M",,,,,,,1,"4","2","1","1","1",,,
240,715,"14/11/1985, 00.00.00",,194,241,"M",,,,,,,,,,,,,,,
241,716,"14/03/1985, 00.00.00","2",222,253,"P",,,,,,,2,"3",,,"5","5","5",7,
242,717,"14/03/1985, 00.00.00","2",201,243,"P",,,,,,,0,"4","5","1","1","1","N",,
243,718,"14/03/1985, 00.00.00","2",254,252,"P",,,,,,,0,"4",,"1","1","5",,,
244,719,"18/03/1985, 00.00.00","2",210,265,"A",,,,,"3","3",3,"2",,"5","5","5","5",7,1
245,720,"18/03/1985, 00.00.00","3",202,240,"A",,,"4","4","5","5",5,"3","5",,,"3","2",10,
246,721,"18/03/1985, 00.00.00","2",197,242,"A",,,"1","4","2","2",3,"1","5","1","1","2","3",10,0
247,721,"25/04/1986, 00.00.00","3",205,245,"A",,,,"2",,,0,"5","2","1","1","1","S",,2
248,722,"19/03/1985, 00.00.00","1",218,253,"A",,,"1","3","1","1",4,"2","5","5","5","5","7",7,0
249,722,"18/04/1986, 00.00.00","2",249,250,"A",,,,,,,2,"5","5","3","2","2","5",6,0
250,723,"19/03/1985, 00.00.00","1",194,243,"A",,,"1","3","1","1",4,"1","5","5","5","5","3",7,0
251,724,"19/03/1985, 00.00.00","3",218,262,"A",,,,,,,2,"4","5","2","2","5",,,
252,724,"03/06/1987, 00.00.00","2",282,254,"A",0,0,,,,,1,"5","5","4","4","5","5",6,0
253,725,"19/03/1985, 00.00.00","2",229,264,"A",,,,,,,3,"2","5","3","3","4","6",8,
254,726,"20/03/1985, 00.00.00","2",212,246,"A",,,,,,,,"2","4","1","1","1",,,
1,60,"04/07/1974, 00.00.00",,209,248,"S",12,2,,,,,,,"5","1","1","3",,,
2,61,"16/07/1974, 00.00.00",,184,234,"S",5,1,,,,,,,"1","1","1","1",,,
3,62,"17/07/1974, 00.00.00",,207,237,"S",23,6,"4","4","4","4",,,"5","1","1","1",,,
4,63,"18/07/1974, 00.00.00",,186,242,"S",27,14,,,,,,,"3","1","1","1",,,
5,143,"21/08/1975, 00.00.00","3",202,248,"S",26,15,,,,,,,"2","1","1","1",,,
6,455,"22/04/1981, 00.00.00","2",205,245,"M",,,,,,,0,"4","1","1","1","1","H",,
7,65,"21/10/1977, 00.00.00","3",216,255,"G",,,"2","2","2","1",5,"1","5","2","2","2","S",,
8,66,"26/06/1978, 00.00.00","3",240,258,"G",12,3,,,"2","2",2,"4",,"3","2","4","7",,
9,67,"17/11/1977, 00.00.00","1",214,258,"G",,,"1","2","1","1",3,"1","5","3","3","5","S",,
10,68,"24/10/1977, 00.00.00","3",202,255,"G",,,,,,,,,,,,,,,
11,69,"19/08/1977, 00.00.00","3",175,246,"S",,,"1","1","1","1",,,"5","5","5","5",,,
12,1,"25/10/1982, 00.00.00","2",198,255,"M",,,"1","2","2","1",5,"1",,,,"5","3",10,
13,2,"03/05/1978, 00.00.00","2",219,240,"G",0,0,,,,,,,,,,,,,
14,3,"04/05/1979, 00.00.00","2",214,260,"G",0,0,"1","2","2","2",4,"2",,"3","3","2","S",,
15,4,"04/05/1979, 00.00.00","3",360,249,"G",0,0,,,,,,,,,,,,,
16,5,"04/05/1979, 00.00.00","2",300,253,"G",0,0,,,,,,,,,,,,,
17,6,"04/03/1981, 00.00.00","2",240,261,"M",,,,,,,4,"1",,,,,,,
18,7,"04/03/1981, 00.00.00","2",201,247,"M",,,,,,,4,"3",,,,,,,
19,8,"04/03/1981, 00.00.00","2",172,236,"M",,,,,,,2,"4","2","1","1","1","H",,
20,9,"04/03/1981, 00.00.00","2",257,264,"M",,,,,,,3,"3",,,,,,,
21,10,"02/06/1983, 00.00.00","2",223,257,"M",0,4,,,,,2,"1","5","5","5","5","4",5,
22,11,"16/04/1980, 00.00.00",,191,247,"W",,,,,,,,,,,,,,,
23,12,"20/11/1979, 00.00.00",,202,252,"W",,,,,,,,,,,,,,,
24,13,"21/11/1979, 00.00.00",,198,243,"W",,,,,,,,,,,,,,,
25,14,"21/11/1979, 00.00.00",,220,251,"W",,,,,,,,,,,,,,,
26,15,"23/11/1979, 00.00.00",,201,247,"W",,,,,,,,,,,,,,,
27,16,"13/03/1980, 00.00.00",,192,246,"W",,,,,,,,,,,,,,,
28,17,"20/03/1980, 00.00.00",,190,237,"W",,,,,,,,,,,,,,,
29,18,"26/03/1980, 00.00.00",,198,255,"W",,,,,,,,,,,,,,,
30,19,"01/04/1980, 00.00.00",,183,242,"W",,,,,,,,,,,,,,,
31,20,"01/04/1980, 00.00.00",,225,252,"W",,,,,,,,,,,,,,,
32,287,"21/08/1977, 00.00.00","3",176,251,"S",,,"1","1","1","1",,,"5","2","2","4",,,
33,278,"22/08/1977, 00.00.00","4",187,,"S",42,30,,,,,,,"2","1","1","1",,,
34,279,"22/08/1977, 00.00.00","3",182,246,"S",,,"1","1","1","1",,,"5","2","2","3",,,
35,280,"22/08/1977, 00.00.00","3",181,250,"S",,,"1","1","1","1",,,"5","2","2","3",,,
36,281,"18/08/1977, 00.00.00","3",206,249,"S",,,"1","1","1","1",,,"5","3","3","1",,,
37,282,"18/08/1977, 00.00.00","4",194,,"S",46,30,,,,,,,"2","1","1","1",,,
38,283,"19/08/1977, 00.00.00","4",185,236,"S",,,"1","1","1","1",,,"5","3","3","5",,,
39,284,"20/08/1977, 00.00.00","2",196,244,"S",35,18,,,,,,,"2","1","1","1",,,
40,285,"21/08/1977, 00.00.00","4",175,242,"S",,,"1","1","1","1",,,"5","3","3","4",,,
41,286,"21/08/1977, 00.00.00","2",168,260,"S",,,"1","1","1","1",,,"5","2","2","4",,,
42,288,"23/08/1977, 00.00.00","3",209,261,"S",,,"1","1","1","1",,,"5","5","5","5",,,
43,289,"27/08/1977, 00.00.00","4",200,249,"S",,,"1","1","1","1",,,"5","4","4","3",,,
44,290,"08/09/1977, 00.00.00","3",177,245,"S",,,"1","1","1","1",,,"5","4","4","5",,,
45,291,"08/09/1977, 00.00.00","3",199,253,"S",,,"1","1","1","1",,,"5","4","4","4",,,
46,292,"08/09/1977, 00.00.00","3",202,246,"S",,,"1","1","1","1",,,"5","2","2","1",,,
47,293,"12/09/1977, 00.00.00","3",185,249,"S",,,"1","1","1","1",,,"5","2","2","3",,,
48,294,"13/09/1977, 00.00.00","4",199,248,"S",,,"1","1","1","1",,,"5","2","2","4",,,
49,295,"14/09/1977, 00.00.00","3",204,245,"S",,,"1","1","1","1",,,"5","5","5","5",,,
50,296,"15/09/1977, 00.00.00","2",178,248,"S",,,"1","1","1","1",,,"5","2","2","2",,,
51,297,"17/09/1977, 00.00.00","3",168,245,"S",,,"1","1","1","1",,,"5","2","2","1",,,
52,298,"20/09/1977, 00.00.00","2",203,,"S",44,28,,,,,,,"1","1","1","1",,,
53,299,"22/09/1977, 00.00.00","2",184,250,"S",,,"3","1","1","1",,,"5","1","1","1",,,
54,300,"05/12/1977, 00.00.00","4",188,247,"S",,,,,,,,,"1","1","1","1",,,
55,923,"10/09/1983, 00.00.00",,193,254,"W",,,,,,,,,,,,,,,
56,924,"13/09/1983, 00.00.00",,163,251,"W",,,,,,,,,,,,,,,
57,925,"21/09/1983, 00.00.00",,189,263,"W",,,,,,,,,,,,,,,
58,926,"11/11/1983, 00.00.00",,200,256,"W",,,,,,,,,,,,,,,
59,927,"10/04/1984, 00.00.00",,194,244,"W",,,,,,,,,,,,,,,
60,574,"14/06/1983, 00.00.00","2",201,253,"M",0,0,,,,,0,"4","1","1","1","1","H",,
61,575,"17/06/1983, 00.00.00","2",175,248,"M",4,0,"5","5","4","4",1,"3",,,,"5","5",6,
62,576,"27/06/1983, 00.00.00","1",187,249,"M",5,0,"5","5","4","4",5,"4",,"1","1","1","3",5,
63,577,"28/06/1983, 00.00.00","2",182,242,"A",6,0,"3","2","2","2",3,"1","3","4","4","3","2",9,
64,578,"19/03/1985, 00.00.00","2",184,239,"A",,,,,,,1,"4","5","3","3","5","S",,
65,579,"29/04/1985, 00.00.00","3",185,235,"M",,,,,,,2,"4","2","1","1","1","H",,
66,580,"23/05/1985, 00.00.00","3",280,246,"M",0,0,,,,,2,"4","5","2","2","4",,,
67,580,"17/06/1986, 00.00.00","2",217,249,"M",,,,,,,1,"5","5","2","2","3",,,0
68,581,"23/09/1983, 00.00.00","2",194,248,"M",,,"1","2","2","2",3,"1",,"1","1","3","3",8,
69,581,"25/10/1983, 00.00.00","3",216,248,"M",,,,,,,,,,,,,,,
70,582,"27/09/1983, 00.00.00","3",203,242,"M",,,"1","1","2","1",3,"1",,"1","1","1","2",8,
71,582,"17/10/1983, 00.00.00","2",191,242,"M",,,,,,,,,,,,,,,
72,583,"21/03/1985, 00.00.00","3",196,248,"M",,,,,,,1,"4","2","1","1","1",,,
73,584,"30/04/1985, 00.00.00","2",176,238,"A",,,,,,,1,"4","2","1","1","1","H",,
74,586,"02/04/1987, 00.00.00","3",222,242,"A",,,,,,,1,"5","5","3","3","2","4",5,1
75,587,"04/04/1986, 00.00.00","2",194,239,"A",,,,,,,2,"5","3","1","1","1","H",,0
76,588,"25/08/1983, 00.00.00","1",161,248,"M",,,"1","1","1","1",5,"1","5","2","2","5","4",8,
77,589,"01/09/1983, 00.00.00","1",172,244,"M",,,"1","2","2","1",5,"1","5","4","4","5","2",8,
78,589,"28/03/1984, 00.00.00","2",188,242,"M",,,"2","2","2","1",5,"2","5",,,,,,
79,589,"28/11/1984, 00.00.00","2",188,238,"M",,,,,,,2,"4","4","1","1","1",,,0
80,590,"23/09/1983, 00.00.00","3",217,247,"M",,,"1","1","1","1",3,"1",,"1","1","1","8",8,
81,591,"26/09/1983, 00.00.00","2",174,246,"M",,,"1","1","1","1",4,"1","5","5","5","5","4",8,
82,592,"26/09/1983, 00.00.00","3",196,,"M",47,29,,,,,0,"4","3","1","1","1",,,
83,592,"11/10/1983, 00.00.00","3",210,250,"M",50,30,,,,,,,,,,,,,
84,593,"28/09/1983, 00.00.00","2",183,241,"M",,,"1","1","1","1",4,"1",,"5","5","5","2",8,
85,594,"30/09/1983, 00.00.00","2",226,,"M",40,23,,,,,0,"4",,,,,,,
86,595,"04/10/1983, 00.00.00","2",169,234,"M",50,30,,,,,1,"4","3",,,,,,
87,595,"20/04/1984, 00.00.00","3",192,236,"M",,,,,,,,,,,,,,,
88,596,"12/10/1983, 00.00.00","2",193,244,"M",,,"1","2","1","1",4,"1",,"1","1","3","3",6,
89,597,"26/10/1983, 00.00.00","2",160,237,"M",,,"1","2","2","1",4,"1","5","5","5","5","4",6,
90,598,"27/10/1983, 00.00.00","2",224,253,"M",,,,,,,2,"4",,,,,"4",8,
91,599,"27/10/1983, 00.00.00","2",166,244,"M",,,"1","3","2","1",4,"2","5","1","1","3","4",8,
92,599,"13/04/1984, 00.00.00","1",170,246,"M",,,"2","4","4","4",3,"3","5","1","1","3",,,
93,600,"14/11/1983, 00.00.00","2",210,229,"M",50,30,,,,,0,"4","1","1","1","1",,,
94,601,"13/12/1983, 00.00.00","3",210,255,"M",,,"1","2","1","1",3,"1",,"4","4","5","5",6,
95,601,"15/05/1985, 00.00.00","1",195,248,"M",,,,,,,2,"4","3","1","1","1",,,
96,602,"15/12/1983, 00.00.00","2",193,258,"A",,,"1","1","2","1",4,"1","5","5","5","5","5",6,
97,603,"16/12/1983, 00.00.00","2",215,250,"M",,,"1","1","2","2",3,"3",,"1","1","1","3",10,
98,604,"21/12/1983, 00.00.00","2",200,259,"M",,,"1","2","1","1",4,"2",,"4","4","3","4",6,
99,605,"20/02/1984, 00.00.00","2",228,251,"M",,,"1","3","2","2",3,"3",,"5","5","5","6",5,
100,606,"21/02/1984, 00.00.00","2",210,246,"M",,,,"4","3","3",5,"2",,"1","1","4","5",7,
101,607,"23/02/1984, 00.00.00","1",170,244,"A",,,,"2","2","2",5,"1",,"5","5","5","7",4,
102,608,"14/03/1984, 00.00.00","2",243,260,"M",,,,"3","1","2",4,"2","5","5","5","5","6",7,
103,609,"15/03/1984, 00.00.00","2",203,252,"M",,,,,,,,,"3","1","1","1",,,
104,610,"15/03/1984, 00.00.00","1",220,255,"M",,,,"3","3","3",3,"2",,"5","5","5","4",7,
105,610,"30/03/1984, 00.00.00","1",238,255,"M",,,,,,,,,,,,,,,
106,610,"19/06/1984, 00.00.00","1",255,255,"M",8,0,,,,,,,,,,,,,
107,611,"17/03/1984, 00.00.00","3",250,264,"M",,,,,,,1,"4","5","1","1","2","S",,
108,612,"19/03/1984, 00.00.00","2",193,254,"A",,,,,,,2,"4","2","1","1","1",,,
109,613,"20/03/1984, 00.00.00","2",212,246,"A",,,,"1","2","2",4,"1","5","5","5","5","4",8,
110,614,"20/03/1984, 00.00.00","3",227,249,"A",,,,"3","2","2",3,"1","5","5","5","5","4",8,
111,614,"19/03/1985, 00.00.00","2",225,245,"A",,,,,,,1,"4","5","1","1","4","S",,0
112,614,"03/06/1987, 00.00.00","2",243,244,"A",8,0,,,,,0,"5","5","3","3","4","3",7,0
113,615,"20/03/1984, 00.00.00","3",190,241,"A",,,,,,,1,"4","2","1","1","1",,,
114,616,"20/03/1984, 00.00.00","3",224,246,"A",,,"2","3","2","1",5,"2","5","1","1","5","4",8,
115,617,"21/03/1984, 00.00.00","2",228,251,"A",,,,"2","1","1",3,"2",,"5","5","5","4",,
116,618,"21/03/1984, 00.00.00","1",200,260,"A",,,,"2","2","1",4,"2","5","5","5","5","S",,
117,618,"26/06/1984, 00.00.00","1",227,260,"A",17,1,,,,,,,,,,,,,
118,619,"21/03/1984, 00.00.00","2",203,246,"A",,,,,,,0,"4","1","1","1","1",,,
119,619,"05/06/1984, 00.00.00","2",199,246,"A",1,0,,,,,,,,,,,,,
120,620,"22/03/1984, 00.00.00","2",199,242,"A",,,,,,,1,"4","2","1","1","1",,,
121,620,"08/06/1984, 00.00.00","2",190,240,"A",0,0,,,,,,,,,,,,,
122,621,"22/03/1984, 00.00.00","2",235,259,"A",,,,,"2","1",3,"1",,"4","4","4","6",6,
123,622,"22/03/1984, 00.00.00","3",208,242,"A",,,,,,,0,"4","1","1","1","1",,,
124,623,"30/03/1984, 00.00.00","2",188,244,"M",,,"4","3","4","1",3,"4","3","1","1","4","3",9,
125,624,"30/03/1984, 00.00.00","2",215,245,"M",,,"1","4","4","1",4,"1","3","1","1","3","3",8,
126,624,"22/05/1985, 00.00.00","2",197,248,"M",0,0,,,,,2,"4","1","1","1","1",,,
127,625,"06/04/1984, 00.00.00","2",185,249,"M",,,,,,,1,"4","2","1","1","1",,,
128,625,"28/03/1985, 00.00.00","3",201,242,"M",,,,,,,0,"4","1","1","1","1",,,0
129,626,"11/04/1984, 00.00.00","2",205,260,"A",,,"2","2","2","2",4,"2","5","5","5","5","4",7,
130,626,"12/03/1986, 00.00.00","3",224,253,"A",,,,,,,1,"5","1","1","1","1","S",,0
131,627,"13/04/1984, 00.00.00","3",240,258,"M",,,,,,,2,"4","5","1","1","2","S",,
132,628,"13/04/1984, 00.00.00","3",180,242,"M",,,,,,,0,"4","3","1","1","1",,,
133,629,"17/04/1984, 00.00.00","2",202,247,"A",,,,,,,0,"4","1","1","1","1",,,
134,630,"19/04/1984, 00.00.00","3",210,249,"A",,,,,,,0,"4","3","1","1","1","H",,
135,630,"21/05/1984, 00.00.00","2",182,248,"A",0,0,,,,,,,,,,,,,
136,631,"19/04/1984, 00.00.00","2",188,249,"M",,,"4","4","3","3",4,"3","5","4","4","5","4",8,
137,631,"21/11/1984, 00.00.00","1",193,251,"M",,,,,,,0,"4","3",,,,,,
138,632,"23/04/1984, 00.00.00","1",194,259,"M",,,,,"4","1",5,"1","5","5","5","5","5",6,
139,633,"27/04/1984, 00.00.00","2",190,256,"M",,,,,,,0,"4","1","1","1","1",,,
140,634,"01/05/1984, 00.00.00","2",219,240,"A",0,0,,,,,2,"4","2","1","1","1","H",,
141,634,"22/04/1987, 00.00.00","1",236,,"A",,,,,,,0,"5","1","1","1","1",,,0
142,635,"01/05/1984, 00.00.00","2",192,248,"A",0,0,"5","5","5","4",3,"3","2","1","1","1","3",9,
143,635,"30/04/1987, 00.00.00","2",193,240,"A",,,,,,,1,"5","1","1","1","1",,,0
144,636,"07/05/1984, 00.00.00","3",310,257,"A",0,0,,,,,1,"5","5","4","4","5","S",,
145,636,"06/06/1984, 00.00.00","3",275,257,"A",0,0,,,,,,,,,,,,,
146,637,"08/05/1984, 00.00.00","1",258,261,"A",0,0,,,"2","2",2,"3","5","4","4","5","6",4,
147,638,"08/05/1984, 00.00.00","1",192,248,"A",0,0,"2","2","1","1",4,"1","5","3","3","3","4",10,
148,639,"10/05/1984, 00.00.00","2",254,245,"A",0,0,,,,,0,"4",,"1","1","4","H",,
149,639,"02/11/1984, 00.00.00","1",222,252,"M",50,30,,,,,0,"4",,,,,,,
150,639,"14/05/1986, 00.00.00","2",259,242,"A",0,0,,,,,0,"5","4","1","1","2","S",,0
151,640,"10/05/1984, 00.00.00","1",282,255,"A",0,0,,,,,1,"4","5","1","1","5","S",,
152,641,"11/05/1984, 00.00.00","3",208,248,"P",0,0,,,,,0,"4","1","1","1","1",,,
153,641,"14/03/1985, 00.00.00","2",208,245,"P",,,,,,,,,,,,,,,
255,727,"20/03/1985, 00.00.00","2",194,245,"A",,,"4","3","3","2",3,"3","2","1","1","2","3",7,
256,728,"22/03/1985, 00.00.00","2",226,239,"A",,,,,,,1,"4","5","1","1","2","S",,
257,729,"25/03/1985, 00.00.00","3",222,249,"M",,,,,,,2,"4","5","1","1","1",,,
258,729,"09/05/1985, 00.00.00","3",242,248,"M",,,,,,,,,,,,,,,
259,730,"26/03/1985, 00.00.00","2",211,237,"A",,,"4","4","4","4",3,"3","3","1","1","3","5",6,
260,731,"07/09/1984, 00.00.00","2",229,262,"A",47,27,,,,,0,"4","5","5","5","5","N",,
261,732,"27/03/1985, 00.00.00","2",188,229,"A",,,"2","2","2","2",4,"1","4","4","4","5","5",7,3
262,733,"02/04/1985, 00.00.00","1",194,245,"M",,,"3","2","2","1",4,"2","5","1","1","3","4",8,1
263,734,"09/04/1985, 00.00.00","3",241,253,"A",,,,,,,2,"4","5","2","2","2","S",,0
264,735,"09/04/1985, 00.00.00","2",187,246,"A",,,,,,,2,"4","2","1","1","1",,,0
265,736,"09/04/1985, 00.00.00","2",189,245,"M",,,,,,,0,"4","1","1","1","1",,,0
266,737,"19/04/1985, 00.00.00","2",204,245,"A",,,,,,,0,"4","1","1","1","1",,,
267,738,"19/04/1985, 00.00.00","2",180,240,"A",,,,,,,2,"4","2","1","1","1",,,
268,739,"19/04/1985, 00.00.00","2",185,250,"A",,,"3","3","2","2",5,"2","5","5","1","2","3",8,
269,740,"24/04/1985, 00.00.00","2",208,241,"A",,,,,,,2,"4","2","1","1","1",,,
270,741,"26/04/1985, 00.00.00","1",221,259,"A",,,,,"2","1",2,"2","5","5","5","5","6",7,
271,742,"26/04/1985, 00.00.00","3",205,242,"A",,,,,,,2,"4","5","1","1","1","H",,
272,743,"03/05/1985, 00.00.00","3",264,254,"A",,,,,,,1,"4","5","2","2","4","S",,
273,743,"20/06/1985, 00.00.00","3",246,252,"A",1,0,,,,,,,,,,,,,1
274,743,"13/05/1986, 00.00.00","3",273,252,"A",0,0,,"4","0","0",1,"5","5","2","2","5","3",6,0
275,744,"03/05/1985, 00.00.00","1",171,228,"A",,,,,,,2,"4","2","1","1","1",,,
276,745,"06/05/1985, 00.00.00","1",184,239,"M",,,,,,,2,"4","3","1","1","1",,,
277,746,"08/05/1985, 00.00.00","1",195,239,"A",,,"3","1","2","2",4,"1","5","1","1","1","5",7,
278,747,"08/05/1985, 00.00.00","3",272,249,"A",,,,,,,1,"4",,,,,,,
279,748,"09/05/1985, 00.00.00","3",281,261,"M",,,,,,,2,"4","5","1","1","1","S",,
280,749,"15/05/1985, 00.00.00","1",248,250,"M",,,,,,,3,"3","5","2","2","5","4",,
281,750,"16/05/1985, 00.00.00","3",289,254,"M",,,,,,,1,"4","5","3","3","2","K",,
282,751,"17/05/1985, 00.00.00","2",188,244,"A",,,"1","3","2","1",4,"2","5","4","3","5","2",8,
283,752,"17/05/1985, 00.00.00","3",273,238,"A",0,0,,,,,0,"4","5","2","2","5","S",,
284,753,"17/05/1985, 00.00.00","1",222,260,"A",0,0,,,,,0,"4","5","5","5","5","S",,
285,753,"04/06/1987, 00.00.00","2",285,256,"A",0,0,,,,,0,"5","5","4","4","5","5",5,0
286,754,"20/05/1985, 00.00.00","3",263,242,"A",0,0,,,,,0,"4","5","1","1","2","S",,
287,754,"10/06/1985, 00.00.00","2",255,242,"A",3,0,,,,,,,,,,,,,
288,755,"23/05/1985, 00.00.00","3",267,257,"M",0,0,,,,,3,"1","5","5","5","5","5",6,
289,756,"28/05/1985, 00.00.00","2",256,252,"A",0,0,,,,,2,"4","5","2","2","4","N",,
290,757,"29/05/1985, 00.00.00","2",269,261,"M",0,0,,,,,0,"4","5","2","2","4","S",,
291,758,"03/06/1985, 00.00.00","2",220,248,"M",0,0,,,,,2,"4","3","1","1","1","H",,
292,759,"03/06/1985, 00.00.00","3",267,252,"M",0,0,,"3",,,3,"2","5","5","5","5","5",7,
293,760,"05/06/1985, 00.00.00","2",199,250,"M",0,0,"3","3","2","2",5,"1","5","1","1","1","5",10,2
294,761,"10/06/1985, 00.00.00","1",235,251,"A",2,0,,,,,3,"3",,,,"3","5",7,
295,762,"10/06/1985, 00.00.00","1",249,252,"A",0,0,,,,,3,"1","5","5","5","5","6",5,
296,762,"27/05/1987, 00.00.00","3",263,254,"A",0,0,,,,,0,"5","5","3","3","5","4",5,0
297,763,"17/06/1985, 00.00.00","2",182,243,"A",2,0,"4","3","1","1",4,"2","3","1","1","4","H",,2
298,764,"17/06/1985, 00.00.00","2",245,256,"M",5,0,,,,,3,"1",,,,,"7",8,
299,765,"19/06/1985, 00.00.00","1",237,256,"M",4,0,,,,,2,"3","5","5","5","5","6",5,
300,766,"02/06/1986, 00.00.00","1",242,252,"M",7,0,"1","3","2","1",4,"4","5","3","5","5","6",6,0
301,301,"30/05/1979, 00.00.00","2",242,255,"G",5,0,,,"2","2",2,,,"3","2","4","S",,
302,302,"07/05/1979, 00.00.00","2",214,252,"G",0,0,,"3","2","2",3,,,"1","1","2","S",,
303,303,"24/05/1979, 00.00.00","2",266,257,"G",5,0,,"2","2","1",4,,"5","5","2","4","H",,
304,304,"25/06/1979, 00.00.00","3",221,247,"G",9,2,"2","2","2","2",3,,"5","3","3","2","S",,
305,305,"30/05/1979, 00.00.00","3",313,257,"G",5,3,,,"2","2",4,,,"4","5","5","S",,
306,306,"10/09/1979, 00.00.00","2",,232,"G",43,24,,,,,1,"4","4","1","1","1",,,1
307,307,"19/06/1978, 00.00.00","2",183,241,"G",1,6,"2","3","2","2",3,"1","5","5","5","5","6",,
308,308,"19/06/1978, 00.00.00","3",241,253,"G",17,2,,,"3","3",4,"2","5","5","5","5","8",,
309,309,"19/06/1979, 00.00.00","3",200,246,"G",4,0,"2","3","2","2",5,,,"5","4","4","S",,
310,310,"20/06/1978, 00.00.00","1",238,249,"G",9,0,,,,,3,"1","5","5","5","5","6",,
311,310,"03/07/1978, 00.00.00","2",224,249,"G",14,1,,,,,,,,,,,,,
312,311,"26/06/1978, 00.00.00","3",191,238,"G",9,3,"2","2","2","2",3,"3",,"5","2","5","3",,
313,312,"26/06/1978, 00.00.00","2",250,263,"G",15,3,,,"2","2",3,"3","5","5","5","5","5",,
314,144,"28/08/1974, 00.00.00",,231,,"S",45,27,,,,,,,"5","2","2","2",,,
315,313,"25/05/1983, 00.00.00","3",259,261,"M",0,0,,,,,0,"4",,"3","3","3","S",,
316,314,"27/06/1983, 00.00.00","2",236,259,"M",9,0,,,,,3,"1",,,,"5","6",6,
317,23,"27/11/1980, 00.00.00",,202,258,"W",,,,,,,,,,,,,,,
318,24,"27/11/1980, 00.00.00",,249,257,"W",,,,,,,,,,,,,,,
319,25,"28/11/1980, 00.00.00",,197,248,"W",,,,,,,,,,,,,,,
320,26,"30/11/1980, 00.00.00",,214,259,"W",,,,,,,,,,,,,,,
321,27,"04/12/1980, 00.00.00",,165,240,"W",,,,,,,,,,,,,,,
322,315,"09/06/1981, 00.00.00","3",280,258,"M",1,0,,,,,3,"4",,,,,,,
323,315,"02/07/1981, 00.00.00","2",230,258,"M",9,0,,,,,,,,,,,,,
324,316,"02/07/1981, 00.00.00","2",192,242,"M",4,0,"5","4","3","3",3,"3",,,,,,,
325,316,"20/10/1981, 00.00.00","2",209,243,"M",50,30,,,,,0,"4","1","1","1","1",,,
326,316,"14/01/1982, 00.00.00","3",243,243,"M",,,,,,,,,,,,,,,
327,317,"23/06/1983, 00.00.00","2",190,246,"M",1,0,,,,,0,"4","3","1","1","1","H",,
328,767,"02/04/1986, 00.00.00","2",197,239,"A",,,"3","3","3","1",5,"3","3","3","3","5","3",8,0
329,768,"13/06/1986, 00.00.00","2",257,246,"A",12,0,"1","3","2","2",4,"3","5","5","5","5","5",5,0
330,769,"10/04/1987, 00.00.00","2",206,240,"A",,,,,,,0,"5","1","1","1","1",,,0
331,770,"13/05/1987, 00.00.00","2",271,253,"M",0,0,,,,,1,"5","5","2","2","2","5",5,0
332,771,"26/06/1985, 00.00.00","3",200,236,"A",6,3,,,,,2,"4","1","1","1","1",,,
333,772,"05/06/1987, 00.00.00","2",188,231,"A",0,0,,,,,2,"5","2","1","1","1",,,0
334,773,"02/09/1985, 00.00.00","1",167,242,"A",,,"1","1","1","1",3,"1","5","5","5","5","5",6,2
335,774,"11/09/1985, 00.00.00","1",158,233,"A",,,,,,,2,"1","5","5","5","5","4",5,2
336,775,"11/09/1985, 00.00.00","1",182,251,"A",,,"1","1","1","1",3,"1","5","1","1","3","3",7,2
337,776,"15/10/1985, 00.00.00",,195,229,"A",,,,,,,,,,,,,,,
338,777,"17/10/1985, 00.00.00","2",206,260,"A",,,,,,,,,,,,,,,
339,778,"17/10/1985, 00.00.00",,,257,"A",,,,,,,,,,,,,,,
340,779,"11/03/1986, 00.00.00","3",225,259,"M",,,,,,,2,"5","5","1","1","2","4",10,0
341,780,"11/03/1986, 00.00.00","3",261,247,"M",,,"2","3","2","1",3,"1","5","5","5","5","5",6,0
342,781,"11/03/1986, 00.00.00","2",185,231,"M",,,"4","4","5","5",5,"3","3","1","1","2","3",8,0
343,782,"12/03/1986, 00.00.00","2",232,256,"A",,,"1","2","1","1",3,"1","5","4","4","5","7",5,0
344,782,"24/04/1986, 00.00.00","2",229,256,"A",,,"1","2","1","1",0,"2",,,,,,,0
345,783,"12/03/1986, 00.00.00","2",229,246,"A",,,,,,,3,"4","5","2","2","5","7",7,0
346,784,"12/03/1986, 00.00.00","2",221,260,"A",,,,"3","1","1",3,"1","5","5","5","5","7",6,0
347,785,"13/03/1986, 00.00.00","3",211,245,"M",,,"1","4","3","2",4,"3","5","5","3","5","5",9,0
348,786,"13/03/1986, 00.00.00","2",177,232,"M",,,"1","4","3","1",5,"3","4","4","3","5","5",6,0
349,787,"13/03/1986, 00.00.00","2",236,241,"M",,,"1","3","3","3",4,"3","5","5","5","4","2",8,0
350,788,"13/03/1986, 00.00.00","2",254,252,"M",,,"2","3","3","3",3,"3","4","4","4","4","7",6,0
351,788,"23/05/1986, 00.00.00","3",288,251,"M",4,5,,,,,3,"3",,,,,,,0
352,789,"14/03/1986, 00.00.00","2",218,244,"A",,,,"3","1","1",3,"3","5","4","4","4","7",6,1
353,790,"18/03/1986, 00.00.00","1",215,258,"M",,,,"3",,,0,"5","5","1","1","1","S",,0
354,790,"10/06/1987, 00.00.00","1",232,264,"M",1,0,,,,,0,"5","5","1","1","1","5",5,0
355,791,"18/03/1986, 00.00.00","1",226,249,"M",,,"2","2","2","2",3,"1","5","5","5","4","5",6,0
356,792,"25/03/1986, 00.00.00","1",180,247,"A",,,"2","2","2","2",5,"2","5","5","5","5","5",4,0
357,792,"13/03/1987, 00.00.00","2",204,243,"A",,,,,,,1,"5","2","1","1","1",,,0
358,793,"01/04/1986, 00.00.00","2",250,262,"A",,,"4","4","2","2",4,"4","5","4","4","5","6",6,0
359,794,"01/04/1986, 00.00.00","1",196,241,"A",,,"4","4","5","1",4,"4","4","1","5","5","5",5,0
360,794,"12/03/1987, 00.00.00","2",186,239,"A",,,,,,,1,"5","3","1","1","1",,,0
361,794,"28/05/1987, 00.00.00","1",196,239,"A",0,0,,,,,,,"3","1","1","1",,,0
362,795,"02/04/1986, 00.00.00","1",235,251,"A",,,,"3","3","3",3,"4","5","4","4","4","6",8,0
363,796,"02/04/1986, 00.00.00","1",190,243,"A",,,"2","1","2","1",5,"2","5","2","1","3","4",8,0
364,797,"03/04/1986, 00.00.00","2",228,240,"A",,,,,,,1,"5","3","1","1","1","0",0,0
365,798,"03/04/1986, 00.00.00","1",244,262,"A",,,,,,,2,"5","5","3","3","5","4",6,0
366,799,"04/04/1986, 00.00.00","2",236,248,"A",,,,,,,2,"5","5","2","2","5","2",10,0
367,799,"30/05/1986, 00.00.00","1",233,249,"A",0,0,,,,,,,,,,,,,0
368,800,"04/04/1986, 00.00.00","3",216,245,"A",,,"3","3","2","1",5,"1","5","3","1","2","5",8,0
369,801,"04/04/1986, 00.00.00","2",186,247,"A",,,,,,,1,"5","2","1","1","1","H",,0
370,802,"14/04/1986, 00.00.00","2",224,243,"M",,,,,,,1,"5","1","1","1","1","H",,0
371,803,"16/04/1986, 00.00.00","1",203,240,"A",,,,"3","3","3",1,"5","1","1","1","1","H",,0
372,804,"16/04/1986, 00.00.00","1",187,236,"A",,,"2","3","2","1",3,"2","4","4","2","3","4",8,1
373,805,"16/04/1986, 00.00.00","1",215,241,"A",,,,"3",,,2,"5","2","1","1","1","H",,0
374,806,"17/04/1986, 00.00.00","2",242,250,"A",,,,,,,1,"5","5","3","3","4","4",7,0
375,807,"17/04/1986, 00.00.00","2",245,250,"A",,,,,,,1,"5","5","2","1","2","3",8,0
376,808,"23/04/1986, 00.00.00","1",175,234,"A",,,,"3",,,1,"5","2","1","1","1","H",,1
377,809,"23/04/1986, 00.00.00","2",243,260,"A",,,,"3",,,0,"5","5","2","1","3","3",7,0
378,810,"24/04/1986, 00.00.00","2",199,242,"A",,,,"3",,,1,"5","2","1","1","1","0",0,0
379,811,"28/04/1986, 00.00.00","1",214,246,"M",,,"1","4","4","1",4,"3","5","5","5","5","4",6,2
380,812,"02/05/1986, 00.00.00","2",203,240,"A",,,,,,,1,"5","1","1","1","1","H",,0
381,813,"13/05/1986, 00.00.00","2",167,242,"A",0,0,,,,,1,"5","2","1","1","1","H",,0
382,814,"14/05/1986, 00.00.00","2",204,249,"M",0,0,,,,,1,"5","2","1","1","1","H",,0
383,815,"20/05/1986, 00.00.00","2",269,240,"M",0,0,,,,,2,"5","5","3","2","2","5",7,0
384,816,"24/05/1986, 00.00.00","2",272,256,"M",0,0,"3","4","5","3",4,"4","5","3","1","4","6",6,0
385,817,"28/05/1986, 00.00.00","3",293,244,"A",2,0,,,,,1,"5","5","2","2","3","4",8,0
386,818,"02/06/1986, 00.00.00","1",296,255,"M",1,0,"2","3","2","2",3,"3","5","5","5","5","5",6,0
387,819,"04/06/1986, 00.00.00","2",250,247,"A",0,0,,,,,0,"5","5","2","2","4","4",7,0
388,820,"09/06/1986, 00.00.00","2",279,253,"A",6,0,"1","3","2","1",3,"2","5","5","5","5","6",6,0
389,821,"25/06/1986, 00.00.00","2",258,248,"A",9,0,,,,,0,"5","5","2","2","2","4",7,0
390,318,"26/06/1978, 00.00.00","2",171,233,"G",5,0,,"5","2","2",3,"1",,"3","2","2","6",,
391,319,"13/05/1980, 00.00.00","2",236,249,"G",0,0,,,,,2,"4","2",,,,,,
392,320,"20/06/1979, 00.00.00","2",200,240,"G",5,0,"1","1","2","1",5,,"5","4","2","2","S",,
393,321,"30/06/1978, 00.00.00","2",186,239,"G",6,0,,"5","3","1",3,"3",,"2","2","5","3",,
394,322,"03/07/1978, 00.00.00","1",212,250,"G",10,10,"3","5","3","3",0,"2",,"2","1","3","4",,
395,323,"07/05/1979, 00.00.00","4",292,257,"G",1,0,,,,,1,,,,,,"S",,
396,324,"08/05/1979, 00.00.00","3",254,249,"G",0,0,,,,,3,,,"5","3","5","S",,
397,325,"09/05/1979, 00.00.00","2",296,253,"G",0,0,,"4",,,0,,,"2","2","4","S",,
398,326,"16/05/1979, 00.00.00","2",250,262,"G",3,0,,"3",,,3,,"5","5","5","5","S",,
399,326,"20/06/1979, 00.00.00","2",237,262,"G",15,0,,,,,,,,,,,,,
400,327,"17/05/1979, 00.00.00","2",256,250,"G",3,0,,"2",,,5,,"5","4","4","5","S",,
401,328,"17/05/1979, 00.00.00","3",263,255,"G",3,0,,"4","2","2",3,,"5","5","4","5","S",,
402,328,"23/05/1979, 00.00.00","3",276,255,"G",3,0,,,,,,,,,,,,,
403,329,"18/05/1979, 00.00.00","2",271,253,"G",1,0,,,,,1,,"5","2","2","2","S",,
404,330,"23/05/1979, 00.00.00","3",222,251,"G",0,0,,"2","2","2",4,,,"4","4","3","S",,
405,331,"23/05/1979, 00.00.00","1",249,257,"G",2,0,,,"2","2",2,,,"4","3","5","S",,
406,331,"15/06/1979, 00.00.00","1",211,257,"G",8,0,,,,,,,,,,,,,
407,332,"24/05/1979, 00.00.00","1",200,250,"G",0,1,,"3","2","2",5,,,"3","3","4","S",,
408,333,"24/05/1979, 00.00.00","2",307,253,"G",1,3,,"2","2","2",3,,,"4","3","5","S",,
409,333,"15/06/1979, 00.00.00","1",268,253,"G",9,3,,,,,,,,,,,,,
410,334,"24/05/1979, 00.00.00","2",273,255,"G",3,2,,,"2","1",3,,,"5","3","4","S",,
411,334,"12/06/1979, 00.00.00","2",254,255,"G",10,3,,,,,,,,,,,,,
412,334,"25/06/1979, 00.00.00","1",237,255,"G",12,3,,,,,,,,,,,,,
413,335,"25/05/1979, 00.00.00","2",236,260,"G",0,5,,,"2","1",3,,,"5","5","5","S",,
414,335,"19/06/1979, 00.00.00","2",229,266,"G",9,5,,,,,,,,,,,,,
415,336,"30/05/1979, 00.00.00","2",291,258,"G",2,0,,,"2","2",2,,,"4","4","5","N",,
416,337,"30/05/1979, 00.00.00","2",257,249,"G",3,0,,,,,1,,,"3","1","4","S",,
417,338,"05/06/1979, 00.00.00","2",265,253,"G",1,0,,,,,1,,"5","4","4","4","S",,
418,339,"10/06/1979, 00.00.00","2",230,251,"G",3,0,,,"3","1",3,,,"5","3","4","S",,
419,339,"14/06/1979, 00.00.00","2",241,251,"G",5,0,,,,,,,,,,,,,
420,339,"20/06/1979, 00.00.00","2",236,251,"G",5,0,,,,,,,,,,,,,
421,340,"11/06/1979, 00.00.00","2",276,259,"G",5,0,,,,,1,,,"4","2","4","S",,
422,341,"11/06/1979, 00.00.00","2",205,245,"G",0,0,,,,,,,,,,,,,
423,342,"11/06/1979, 00.00.00","1",244,258,"G",7,3,,,,,4,,,"5","4","5",,,
424,343,"11/06/1979, 00.00.00","3",222,246,"G",7,0,,,,,1,,,"1","1","1","H",,
425,344,"14/09/1979, 00.00.00","2",,244,"G",,,"1","1","1","1",5,,,"1","1","4","3",1,1
426,345,"09/09/1979, 00.00.00","3",221,255,"S",49,29,,,,,,,"5","1","1","5",,,
427,346,"09/09/1979, 00.00.00","2",,,"S",47,27,,,,,,,"3","3","3","4",,,
428,347,"09/09/1979, 00.00.00","3",193,241,"S",,,"1","1","1","1",,,"5","3","3","4",,,
429,348,"09/09/1979, 00.00.00","3",194,,"S",47,30,,,,,,,"4","1","1","1",,,
430,349,"11/09/1979, 00.00.00","3",173,254,"S",,,"1","1","1","1",,,"5","2","2","3",,,
431,350,"12/09/1979, 00.00.00","2",181,251,"S",,,"1","2","1","1",,,"5","2","2","1",,,
432,351,"12/09/1979, 00.00.00","2",181,251,"S",49,30,,,,,,,"2","1","2","1",,,
433,822,"04/06/1986, 00.00.00","1",252,260,"A",6,0,"1","3","1","1",4,"2","5","5","5","5","6",4,0
434,930,"01/05/1982, 00.00.00",,175,240,"W",,,,,,,,,,,,,,,
435,931,"01/10/1981, 00.00.00",,184,253,"W",,,,,,,,,,,,,,,
436,932,"02/12/1981, 00.00.00",,183,250,"W",,,,,,,,,,,,,,,
437,933,"04/12/1981, 00.00.00",,191,255,"W",,,,,,,,,,,,,,,
438,934,"10/03/1982, 00.00.00",,236,254,"W",,,,,,,,,,,,,,,
439,935,"10/03/1982, 00.00.00",,249,251,"W",,,,,,,,,,,,,,,
440,936,"11/03/1982, 00.00.00",,195,259,"W",,,,,,,,,,,,,,,
441,937,"18/03/1982, 00.00.00",,172,251,"W",,,,,,,,,,,,,,,
442,938,"02/04/1982, 00.00.00",,210,243,"W",,,,,,,,,,,,,,,
443,939,"05/04/1982, 00.00.00",,190,243,"W",,,,,,,,,,,,,,,
444,142,"12/04/1977, 00.00.00","2",210,235,"G",,,,,,,0,,"3","1","1","1","H",,
445,142,"31/05/1978, 00.00.00","4",245,238,"G",0,0,,,,,0,"4","1","1","1","1","0",,
446,941,"01/10/1982, 00.00.00",,166,244,"W",,,,,,,,,,,,,,,
447,942,"04/10/1982, 00.00.00",,178,243,"W",,,,,,,,,,,,,,,
448,943,"09/03/1983, 00.00.00",,213,244,"W",,,,,,,,,,,,,,,
449,944,"10/03/1983, 00.00.00",,214,250,"W",,,,,,,,,,,,,,,
450,945,"15/04/1983, 00.00.00",,176,236,"W",,,,,,,,,,,,,,,
451,145,"17/05/1979, 00.00.00","2",265,265,"G",0,0,,"2",,,0,,"5","2","1","2","S",,
452,145,"15/06/1979, 00.00.00","2",240,265,"G",5,0,,,,,,,,,,,,,
453,946,"09/09/1981, 00.00.00",,186,246,"W",,,,,,,,,,,,,,,
454,947,"10/02/1981, 00.00.00",,179,240,"W",,,,,,,,,,,,,,,
455,948,"12/02/1981, 00.00.00",,233,248,"W",,,,,,,,,,,,,,,
456,64,"24/04/1978, 00.00.00","3",221,246,"G",0,0,,"3",,"3",3,"3","5","4","3","5","S",,
457,352,"19/06/1979, 00.00.00","2",286,264,"G",7,0,,,"2","1",3,,"5","4","3","5","S",,
458,353,"19/06/1979, 00.00.00","2",272,255,"G",12,3,,,,,5,,"5","5","5","5","S",,
459,354,"20/06/1979, 00.00.00","3",218,249,"G",2,0,,,,,0,,,"1","1","1","H",,
460,355,"25/06/1979, 00.00.00","2",270,258,"G",13,2,,,,,0,,"5","5","4","4","S",,
461,356,"25/06/1979, 00.00.00","2",233,256,"G",7,0,,,,,1,,"5","2","2","5","S",,
462,357,"07/09/1979, 00.00.00","3",,,"G",47,30,,,,,1,"4","4","1","1","1",,,1
463,358,"13/09/1979, 00.00.00","3",,255,"G",,,"1","1","1","1",6,,,"2","2",,"1",1,1
464,359,"13/05/1980, 00.00.00","2",291,268,"G",0,0,,,,,,,,,,,,,
465,360,"13/05/1980, 00.00.00","1",280,250,"G",5,0,,,,,3,"2",,,,"5","K",,
466,361,"13/11/1980, 00.00.00","2",214,246,"M",,,,,,,0,"4","1","1","1","1","H",,
467,361,"06/04/1981, 00.00.00","2",212,245,"M",,,,,,,,,,,,,,,
468,362,"13/11/1980, 00.00.00","2",210,246,"M",,,,,,,2,"4","2","1","1","1","H",,
469,362,"13/04/1982, 00.00.00","2",200,242,"M",0,0,,,,,,,,,,,,,
470,362,"27/04/1983, 00.00.00","2",190,238,"M",,,,,,,,,"1","1","1","1","H",,
471,362,"23/05/1983, 00.00.00","2",193,240,"M",0,0,,,,,,,,,,,,,
472,363,"28/11/1980, 00.00.00","3",213,246,"M",,,,,,,0,"4","2","1","1","1","H",,
473,364,"01/12/1980, 00.00.00","3",244,256,"M",,,,,,,1,"4",,,,,,,
474,364,"17/09/1982, 00.00.00","2",232,,"M",44,26,,,,,,,,,,,,,
475,365,"28/01/1981, 00.00.00","2",206,239,"M",,,"1","2","3","1",4,"3","5",,,"3","S",,
476,366,"29/01/1981, 00.00.00","2",234,257,"M",,,,,,,0,"4","5","1","1","4","S",,
477,367,"30/01/1981, 00.00.00","2",187,243,"M",,,,,,,,"2","4","2","1","1","H",,
478,368,"12/02/1981, 00.00.00","2",243,267,"A",,,"2","2","2","2",3,"2","5","5","5","5","S",,
479,369,"18/02/1981, 00.00.00","2",195,237,"M",,,,,,,2,"4","1","1","1","1","0",,
480,369,"04/06/1982, 00.00.00","2",172,234,"M",0,1,,,,,,,,,,,,,
481,370,"18/02/1981, 00.00.00","2",249,257,"M",,,,,,,2,"4",,,,"4","N",,
482,371,"19/02/1981, 00.00.00","2",222,257,"M",,,,,,,2,"4","2","1","1","1","H",,
483,372,"25/02/1981, 00.00.00","2",242,258,"M",,,,,,,3,"3",,,,,,,
484,373,"27/02/1981, 00.00.00","3",235,260,"M",,,,,,,1,"4","2","2","2","3","K",,
485,374,"17/03/1981, 00.00.00","3",230,261,"M",,,,,,,0,"4",,,,,,,
486,375,"17/03/1981, 00.00.00","2",213,244,"M",,,,,,,1,"4","2","2","1","1","0",,
487,376,"17/03/1981, 00.00.00","2",210,246,"M",,,"2","2","2","2",5,"1","5",,,"5","S",,
488,376,"09/04/1982, 00.00.00","3",189,244,"M",0,0,,,,,1,"4","2","1","1","1","H",,
489,377,"18/03/1981, 00.00.00","2",237,247,"M",,,,,"3","3",3,"3","5","5","5","5","K",,
490,378,"20/03/1981, 00.00.00","2",232,246,"A",,,,,,,1,"4","5","1","1","2","S",,
491,379,"02/04/1981, 00.00.00","2",193,234,"M",,,,,,,1,"4","1","1","1","1",,,
492,380,"07/04/1981, 00.00.00","2",250,254,"M",,,,"2","2","2",3,"3","5","5","5","5","K",,
493,381,"08/04/1981, 00.00.00","2",184,248,"M",,,"2","2","1","1",4,"1","5","3","3","3","S",,
494,381,"30/12/1981, 00.00.00","3",205,249,"M",,,,,,,1,"4","2","1","1","1","H",,
495,382,"09/04/1981, 00.00.00","2",236,256,"M",,,,,"2","2",2,"4",,"3","3","4","S",,
496,383,"09/04/1981, 00.00.00","3",247,256,"M",,,,,"5","5",3,"3",,,,"5","S",,
497,383,"24/05/1981, 00.00.00","2",288,252,"M",0,0,,,,,,,,,,,,,
498,383,"30/06/1981, 00.00.00","2",241,252,"M",3,0,,,,,,,,,,,,,
499,384,"14/04/1981, 00.00.00","2",203,245,"A",,,,,,,0,"4","1","1","1","1","H",,
500,384,"22/03/1982, 00.00.00","2",214,246,"A",0,0,,,,,,,,,,,,,
501,384,"23/06/1982, 00.00.00","1",175,246,"A",0,0,,,,,,,,,,,,,
502,385,"15/04/1981, 00.00.00","3",284,263,"A",,,,,,,0,"4",,,,,,,
503,386,"16/04/1981, 00.00.00","3",185,246,"A",,,,,,,0,"4","1","1","1","1","H",,
504,386,"21/05/1982, 00.00.00","2",184,243,"A",0,0,,,,,0,"4",,,,,,,
505,387,"16/04/1981, 00.00.00","2",215,245,"A",,,,,,,2,"4","5","2","2","4","N",,
506,388,"21/04/1981, 00.00.00","3",256,255,"M",,,,,"3","3",3,"3","5","5","5","5","S",,
507,389,"28/04/1981, 00.00.00","2",181,242,"M",,,"2","2","2","2",5,"2","5",,,"3","S",,
508,390,"11/05/1981, 00.00.00","2",213,245,"M",,,"1","2","2","2",5,"1","5",,,,,,
509,390,"10/04/1984, 00.00.00","2",202,245,"M",,,,,,,0,"4","2","1","1","1",,,
510,391,"19/05/1981, 00.00.00","2",267,256,"M",0,1,,,,,2,"4",,,,,,,
511,391,"23/06/1981, 00.00.00","1",233,256,"M",5,6,,,,,,,,,,,,,
512,392,"21/05/1981, 00.00.00","2",273,257,"M",3,0,,,"2","2",2,"3","5","5","5","5","K",,
513,393,"21/05/1981, 00.00.00","2",273,249,"M",0,0,,,,,0,"4","5","1","1","3","S",,
514,393,"21/10/1981, 00.00.00","2",200,244,"M",46,23,,,,,0,"4",,,,,,,
515,393,"15/01/1982, 00.00.00","2",228,244,"M",,,,,,,,,,,,,,,
516,393,"13/04/1982, 00.00.00","2",218,244,"M",0,0,,,,,,,,,,,,,
517,393,"22/06/1983, 00.00.00","2",254,247,"M",1,0,,,,,,,,,,,,,
518,393,"23/04/1984, 00.00.00","3",264,246,"M",,,,,,,,,,,,,,,
519,394,"22/05/1981, 00.00.00","2",263,253,"A",1,0,,,,,1,"4",,,,,"S",,
520,394,"22/06/1981, 00.00.00","1",228,253,"A",10,0,,,,,,,,,,,,,
521,394,"23/06/1982, 00.00.00","1",217,253,"A",5,0,,,,,,,,,,,,,
522,395,"26/05/1981, 00.00.00","2",257,252,"M",4,0,,,,,0,"4",,,,,,,
523,396,"26/05/1981, 00.00.00","2",236,244,"M",0,3,,,,,0,"4",,,,,,,
524,397,"27/05/1981, 00.00.00","3",298,240,"M",0,0,,,,,5,"2",,,,,,,
525,398,"27/05/1981, 00.00.00","2",257,240,"M",0,0,,,,,5,"3",,,,,,,
526,398,"25/05/1982, 00.00.00","2",267,248,"M",0,0,,,,,2,"3",,,,,,,
527,399,"02/06/1981, 00.00.00","1",178,240,"A",1,0,"2","2","2","1",3,"2",,,,"5","N",,
528,400,"03/06/1981, 00.00.00","2",241,258,"M",2,2,,,"2","2",2,"2","5","4","4","5","S",,
529,401,"03/06/1981, 00.00.00","2",261,252,"M",0,0,,,,,0,"4","5","1","1","2","N",,
530,402,"05/06/1981, 00.00.00","2",252,252,"A",0,0,,,"2","2",4,"2","5","5","5","5","S",,
531,402,"07/06/1982, 00.00.00","1",237,254,"A",1,0,,,,,2,"4",,,,,,,
532,402,"01/07/1982, 00.00.00","1",210,259,"A",9,0,,,,,,,,,,,,,
533,403,"08/06/1981, 00.00.00","2",244,256,"M",0,0,,,,,1,"4",,,,,,,
534,404,"08/06/1981, 00.00.00","2",180,238,"M",0,0,,,,,0,"4","1","1","1","1","H",,
535,405,"08/06/1981, 00.00.00","3",205,248,"M",1,0,"3","4","5","4",4,"4",,,,,,,
536,406,"15/06/1981, 00.00.00","2",271,254,"M",4,0,,,,,0,"4",,,,,,,
537,407,"14/10/1980, 00.00.00","2",210,254,"M",0,0,"2","3","4","4",3,,"4","2","2","1","S",,
538,407,"22/06/1983, 00.00.00","2",217,251,"M",0,0,,,,,0,"4","1","1","1","1","0",,
539,408,"15/10/1980, 00.00.00","2",194,262,"M",0,0,,"3","3","3",5,"1","5","5","5","5","K",,
540,409,"16/10/1980, 00.00.00","2",182,245,"M",0,0,"1","1","1","1",3,,"5","3","3","4","S",,
541,410,"21/10/1980, 00.00.00","2",202,245,"M",0,0,"2","2","2","2",4,"1","5",,,"3","K",,
542,411,"21/10/1980, 00.00.00","3",191,243,"M",0,0,"1","2","1","1",4,,"5",,,"5","S",,
543,412,"30/10/1980, 00.00.00","2",186,248,"M",0,0,"1","3","3","3",4,"1","5",,,"2","N",,
544,412,"11/11/1982, 00.00.00","2",203,246,"M",,,,,,,0,"4","1","1","1","1",,,
545,413,"31/10/1980, 00.00.00","3",210,238,"M",50,30,,,,,0,"4","1","1","1","1","H",,
546,413,"29/04/1981, 00.00.00","1",170,240,"M",,,,,,,,,,,,,,,
547,414,"31/10/1980, 00.00.00","2",220,259,"M",50,30,,,,,0,"4","5","1","1","4","S",,
548,414,"21/10/1981, 00.00.00","2",234,259,"M",49,30,,,,,0,"4",,,,,,,
549,414,"03/02/1982, 00.00.00","2",223,259,"M",,,,,,,,,,,,,,,
550,414,"15/11/1983, 00.00.00","2",197,256,"M",50,30,,,,,,,,,,,,,
551,415,"31/10/1980, 00.00.00","3",201,247,"M",,,,,,,0,"4","2","1","1","1","H",,
552,416,"31/10/1980, 00.00.00","3",208,254,"M",0,0,"1","2","4","1",3,"2","5",,,"2","N",,
553,416,"14/04/1982, 00.00.00","2",197,250,"M",0,0,,,,,1,"4","3","1","1","1",,,
554,417,"01/11/1980, 00.00.00","3",199,243,"M",,,,,,,0,"4","1","1","1","1","H",,
555,417,"30/10/1981, 00.00.00","3",237,240,"M",48,30,,,,,0,"4",,,,,,,
556,417,"02/02/1982, 00.00.00","3",210,240,"M",,,,,,,,,,,,,,,
557,418,"01/11/1980, 00.00.00","2",226,251,"M",,,,,,,0,"4","5",,,,,,
558,419,"04/11/1980, 00.00.00","2",205,248,"M",,,,,,,1,"4","1","1","1","1","H",,
559,420,"10/06/1981, 00.00.00","2",246,254,"M",5,0,,,,,0,"4","5","1","1","2","N",,
560,421,"11/06/1981, 00.00.00","2",283,261,"M",4,0,,,,,0,"4","5","3","3","3","S",,
561,422,"06/06/1983, 00.00.00","1",204,255,"M",0,0,,,,,0,"4",,,,"1","S",,
562,423,"15/06/1981, 00.00.00","2",245,254,"M",1,0,,,,,4,"3",,,,,,,
563,424,"08/05/1984, 00.00.00","2",164,232,"A",0,0,,,,,1,"0","2","1","1","1","H",,
564,425,"23/06/1981, 00.00.00","2",195,251,"M",5,0,,,,,0,"4",,,,,,,
565,426,"23/06/1981, 00.00.00","2",235,257,"M",10,9,,,,"0",4,,,,,,,,
566,426,"21/03/1985, 00.00.00","1",224,254,"M",,,,,,,0,"4","5","2","2","4","S",,
567,427,"23/06/1981, 00.00.00","2",238,258,"M",4,0,,,,,0,"4","5","2","2","2","S",,
568,428,"23/06/1981, 00.00.00","2",198,241,"M",4,0,"4","4","4","4",5,"3",,,,"2","N",,
569,429,"24/06/1981, 00.00.00","3",163,240,"M",5,0,,,,,2,"4","2","1","1","1",,,
570,430,"25/06/1981, 00.00.00","2",190,249,"M",0,0,,,,,0,"4","1","1","1","1","0",,
571,431,"09/04/1980, 00.00.00",,222,248,"W",,,,,,,,,,,,,,,
572,432,"10/04/1980, 00.00.00",,189,242,"W",,,,,,,,,,,,,,,
573,432,"16/04/1980, 00.00.00",,203,242,"W",,,,,,,,,,,,,,,
574,433,"14/04/1980, 00.00.00",,191,247,"W",,,,,,,,,,,,,,,
575,433,"25/02/1981, 00.00.00","3",220,249,"M",,,,,,,0,"4","1","1","1","1","H",,
576,433,"28/05/1981, 00.00.00","2",200,249,"M",0,0,,,,,,,,,,,,,
577,434,"16/04/1980, 00.00.00",,159,240,"W",,,,,,,,,,,,,,,
578,435,"16/04/1980, 00.00.00",,203,250,"W",,,,,,,,,,,,,,,
579,436,"17/09/1980, 00.00.00",,164,242,"W",,,,,,,,,,,,,,,
580,436,"16/01/1981, 00.00.00",,198,242,"W",,,,,,,,,,,,,,,
581,437,"17/09/1980, 00.00.00",,190,248,"W",,,,,,,,,,,,,,,
582,438,"17/09/1980, 00.00.00",,178,234,"W",,,,,,,,,,,,,,,
583,439,"22/09/1980, 00.00.00",,208,250,"W",,,,,,,,,,,,,,,
584,440,"24/09/1980, 00.00.00",,169,240,"W",,,,,,,,,,,,,,,
585,441,"24/09/1980, 00.00.00",,215,250,"W",,,,,,,,,,,,,,,
586,442,"25/09/1980, 00.00.00",,150,246,"W",,,,,,,,,,,,,,,
587,443,"26/09/1980, 00.00.00",,192,249,"W",,,,,,,,,,,,,,,
588,444,"26/09/1980, 00.00.00",,188,229,"W",,,,,,,,,,,,,,,
589,445,"26/09/1980, 00.00.00",,180,235,"W",,,,,,,,,,,,,,,
590,446,"27/09/1980, 00.00.00",,225,257,"W",,,,,,,,,,,,,,,
591,447,"28/09/1980, 00.00.00",,184,247,"W",,,,,,,,,,,,,,,
592,447,"19/05/1981, 00.00.00","2",171,248,"M",4,0,"3","3","2","2",5,"3",,,,,,,
593,448,"29/09/1980, 00.00.00",,214,250,"W",,,,,,,,,,,,,,,
594,449,"30/09/1980, 00.00.00",,155,246,"W",,,,,,,,,,,,,,,
595,449,"01/10/1980, 00.00.00",,154,246,"W",,,,,,,,,,,,,,,
596,450,"01/10/1980, 00.00.00",,171,250,"W",,,,,,,,,,,,,,,
597,451,"03/10/1980, 00.00.00",,197,243,"W",,,,,,,,,,,,,,,
598,452,"05/02/1981, 00.00.00",,180,244,"W",,,,,,,,,,,,,,,
599,453,"05/02/1981, 00.00.00",,182,240,"W",,,,,,,,,,,,,,,
600,454,"07/02/1981, 00.00.00",,197,255,"W",,,,,,,,,,,,,,,
601,949,"08/11/1983, 00.00.00",,202,248,"W",,,,,,,,,,,,,,,
602,456,"08/04/1981, 00.00.00","2",196,242,"M",,,"1","3","1","1",4,"1","5","5","5","5","N",,
603,457,"02/06/1983, 00.00.00","2",205,249,"M",0,0,,,,,3,"4","1","1","1","1","H",,
604,458,"16/09/1981, 00.00.00",,163,243,"W",,,,,,,,,,,,,,,
605,459,"27/11/1981, 00.00.00",,228,256,"W",,,,,,,,,,,,,,,
606,460,"08/05/1982, 00.00.00",,189,252,"W",,,,,,,,,,,,,,,
607,461,"11/05/1982, 00.00.00",,178,244,"W",,,,,,,,,,,,,,,
608,462,"05/10/1982, 00.00.00",,164,236,"W",,,,,,,,,,,,,,,
609,463,"11/10/1982, 00.00.00",,196,238,"W",,,,,,,,,,,,,,,
610,464,"04/02/1983, 00.00.00",,214,244,"W",,,,,,,,,,,,,,,
611,465,"04/02/1983, 00.00.00",,224,235,"W",,,,,,,,,,,,,,,
612,466,"24/05/1983, 00.00.00",,184,249,"W",,,,,,,,,,,,,,,
613,467,"30/06/1981, 00.00.00","2",197,241,"M",6,0,"2","2","2","1",4,"1","5",,,"3","S",,
614,467,"14/04/1983, 00.00.00","3",204,241,"M",,,,,,,0,"4","1","1","1","1","H",,
615,467,"11/12/1984, 00.00.00","3",195,237,"M",,,,,,,0,"4","1","1","1","1",,,
616,468,"01/07/1981, 00.00.00","2",223,263,"A",19,0,,,,,4,"3",,,,,,,
617,469,"20/10/1981, 00.00.00","2",208,260,"M",,,"1","1","1","1",3,"2",,,,"5","S",,
618,470,"02/11/1981, 00.00.00","3",230,251,"A",50,30,,,,,1,"4","5","2","2","2","S",,
619,471,"02/11/1981, 00.00.00","2",197,245,"A",,,"1","1","2","1",4,"1","5","5","5","5","S",,
620,472,"05/11/1981, 00.00.00","2",182,241,"A",,,"1","3","3","1",6,"1",,,,,,,
621,473,"09/11/1981, 00.00.00","3",189,231,"A",50,30,,,,,2,"4","2","1","1","1",,,
622,473,"19/03/1985, 00.00.00","2",183,228,"A",,,,,,,,,,,,,,,
623,473,"04/06/1985, 00.00.00","2",193,223,"A",0,0,,,,,2,"4",,,,,,,
624,474,"13/11/1981, 00.00.00","2",246,257,"A",50,30,,,,,0,"4",,,,,,,
625,475,"13/11/1981, 00.00.00","2",185,243,"A",50,30,,,,,1,"4",,,,,,,
626,476,"13/11/1981, 00.00.00","1",200,257,"A",,,,,,,4,"1",,,,,,,
627,477,"19/11/1981, 00.00.00","2",186,241,"A",,,"1","2","1","2",5,"1",,,,,,,
628,478,"23/11/1981, 00.00.00","2",214,259,"M",,,"1","2","1","1",3,"1",,,,,"7",8,
629,479,"02/12/1981, 00.00.00","2",185,238,"M",,,,,,,2,"4","3","1","1","1","0",,
630,479,"12/06/1985, 00.00.00","1",173,237,"M",0,0,,,,,2,"4","2","1","1","1","0",,
631,480,"03/12/1981, 00.00.00","3",179,246,"M",,,,,,,2,"4","2","1","1","1","H",,
632,481,"03/12/1981, 00.00.00","2",218,238,"M",,,"1","2","2","2",4,"2",,"1","1","2","3",9,
633,482,"15/01/1982, 00.00.00","2",216,255,"M",,,"2","3","2","2",4,"3",,,,,"3",9,
634,483,"04/02/1982, 00.00.00","2",172,240,"M",,,,,,,,,,,,,,,
635,483,"16/03/1982, 00.00.00",,173,241,"W",,,,,,,,,,,,,,,
636,484,"23/03/1982, 00.00.00","1",234,269,"A",0,0,,,,,2,"4",,,,,,,
637,485,"24/03/1982, 00.00.00","1",200,246,"A",0,0,,,,,3,"3",,,,,"5",10,
638,485,"20/03/1984, 00.00.00","2",180,250,"A",,,,,,,0,"4","1","1","1","1",,,
639,485,"16/10/1984, 00.00.00","2",187,247,"A",50,30,,,,,,,"1","1","1","1",,,0
640,486,"24/03/1982, 00.00.00","3",217,255,"A",0,0,,,,,0,"4","1","1","1","1","0",,
641,487,"25/03/1982, 00.00.00","2",205,235,"A",0,0,"2","3","2","2",5,"1",,,,,"3",12,
642,488,"08/04/1982, 00.00.00","2",240,262,"M",0,0,,,,,1,"4",,"1","1","1","S",,
643,489,"08/04/1982, 00.00.00","3",205,253,"M",0,0,,,,,0,"4","1","1","1","1",,,
644,490,"12/04/1982, 00.00.00","2",181,241,"M",0,0,"1","3","2","2",5,"3",,,,,"3",8,
645,491,"30/04/1982, 00.00.00","2",210,248,"M",0,0,,,,,,,"1","1","1","1","0",,
646,492,"05/05/1982, 00.00.00","3",271,242,"M",0,0,,,,,0,"4","5","1","1","1","S",,
647,493,"14/05/1982, 00.00.00","2",294,256,"M",0,0,,,,,2,"4",,,,,,,
648,493,"15/06/1982, 00.00.00","1",244,256,"M",10,0,,,,,,,,,,,,,
649,493,"28/03/1984, 00.00.00","2",268,257,"M",,,,,,,0,"4",,,,,,,
650,494,"24/05/1982, 00.00.00","2",293,255,"M",1,0,,,,,1,"4",,,,,,,
651,495,"25/05/1982, 00.00.00","2",267,253,"M",0,0,,,,,2,"4","5","3","3","5","K",,
652,495,"23/05/1986, 00.00.00","2",268,247,"M",0,0,,,,,1,"5","5","2","2","4","4",5,0
653,496,"26/05/1982, 00.00.00","1",229,257,"M",0,0,,,,,3,"3",,,,,,,
654,497,"31/05/1982, 00.00.00","2",274,261,"M",6,0,,,,,1,"4",,,,,,,
655,497,"30/06/1982, 00.00.00","1",242,261,"M",16,0,,,,,,,,,,,,,
656,498,"01/06/1982, 00.00.00","2",243,260,"A",6,0,,,,,3,"1",,,,,,,
657,498,"22/09/1982, 00.00.00","3",213,,"A",47,19,,,,,,,,,,,,,
658,498,"22/05/1986, 00.00.00","2",264,250,"A",0,0,,,,,2,"0","5","3","3","5","5",5,0
659,499,"01/06/1982, 00.00.00","1",156,237,"A",0,0,"1","2","1","2",5,"2",,,,,"3",10,
660,499,"11/04/1984, 00.00.00","2",180,240,"A",,,,,,,2,"4","2","1","1","1",,,
661,500,"07/06/1982, 00.00.00","2",248,253,"A",2,0,,,,,6,"1",,,,,,,
662,501,"18/06/1982, 00.00.00","1",186,252,"M",0,0,,,,,1,"4",,,,,,,
663,501,"03/04/1984, 00.00.00","2",173,253,"M",,,,,,,2,"4","1","1","1","1",,,
664,502,"21/06/1982, 00.00.00","1",240,248,"A",12,2,,,,,3,"1",,,,,,,
665,502,"26/04/1985, 00.00.00","2",221,243,"A",,,,,,,2,"4",,"1","1",,,,
666,503,"24/06/1982, 00.00.00","2",230,258,"M",0,0,,,,,1,"4",,,,,,,
667,503,"25/05/1983, 00.00.00","2",279,262,"M",0,0,,,,,0,"4",,"1","1","2","S",,
668,504,"29/06/1982, 00.00.00","2",170,234,"M",5,0,,,,,2,"4","2",,,,,,
669,505,"16/03/1984, 00.00.00","2",181,244,"M",,,,,,,1,"4","2","1","1","1","H",,
670,506,"30/06/1982, 00.00.00","2",192,240,"M",0,0,,,,,0,"4","1","1","1","1",,,
671,507,"30/06/1982, 00.00.00","2",174,241,"M",5,0,,,,,2,"4","2",,,,,,
672,507,"09/04/1984, 00.00.00","2",200,249,"M",,,,,,,,,,,,,,,
673,508,"01/07/1982, 00.00.00","2",170,232,"A",9,0,,,,,1,"4",,,,,,,
674,508,"21/03/1984, 00.00.00","2",186,236,"A",,,,,,,,,,,,,,,
675,509,"01/07/1982, 00.00.00","1",214,255,"A",9,0,,,,,1,"4",,,,,,,
676,510,"01/07/1982, 00.00.00","2",179,226,"A",0,0,,,,,2,"4","2","1","1","1",,,
677,511,"05/07/1982, 00.00.00","2",234,248,"M",6,0,,,,,1,"4",,,,,,,
678,512,"06/10/1982, 00.00.00","2",168,238,"M",,,"1","1","1","1",4,"1","5","1","1","3","4",10,
679,512,"10/11/1982, 00.00.00","2",195,238,"M",,,"1","2","1","1",,,,,,,,,
680,512,"21/01/1983, 00.00.00","2",,238,"M",,,"2","2","1","2",,,,,,,,,
681,513,"08/06/1983, 00.00.00","2",254,253,"M",14,0,,,,,3,"3",,,,"5","4",3,
682,513,"27/06/1983, 00.00.00","2",231,253,"M",19,0,,,,,,,,,,,,,
683,513,"15/05/1985, 00.00.00","2",278,254,"M",,,,,,,1,"4","5","1","1","5","S",,
684,514,"20/09/1982, 00.00.00","2",188,259,"M",,,"1","1","1","1",2,"1","5","5","5","5","4",6,
685,515,"28/04/1983, 00.00.00","3",258,253,"M",,,,"2","1","2",3,"2","5",,,"5","5",6,
686,515,"19/04/1984, 00.00.00","1",223,250,"M",,,,,,,0,"4","5","4","4","4","S",,
687,516,"15/09/1982, 00.00.00","2",185,240,"M",,,"1","2","1","1",3,"1",,,,,"3",8,
688,516,"19/01/1983, 00.00.00","3",220,240,"M",,,"1","3","2","1",,,,,,,,,
689,517,"15/09/1982, 00.00.00","3",267,247,"M",,,,,,,1,,,,,,"2",9,
690,518,"15/09/1982, 00.00.00","2",203,236,"M",48,30,,,,,2,"4","3","1","1","1",,,
691,518,"02/11/1982, 00.00.00","3",196,236,"M",50,30,,,,,,,,,,,,,
692,518,"21/01/1983, 00.00.00","3",234,236,"M",,,,,,,,,,,,,,,
693,519,"16/09/1982, 00.00.00","3",214,245,"M",47,24,,,,,0,"4","1","1","1","1",,,
694,519,"02/02/1983, 00.00.00","2",188,245,"M",,,,,,,,,,,,,,,
695,520,"16/09/1982, 00.00.00","3",203,236,"M",47,30,,,,,2,"4","3","1","1","1","H",,
696,521,"16/09/1982, 00.00.00","2",165,251,"M",,,,,,,4,"1",,,,,"H",,
697,522,"17/09/1982, 00.00.00","2",146,240,"M",,,"1","1","1","1",5,"1","5","5","5","5","4",4,
698,523,"20/09/1982, 00.00.00","1",200,244,"M",,,"1","2","1","1",5,"1","5","5","5","5","6",8,
699,524,"22/09/1982, 00.00.00","2",192,,"A",47,22,,,,,1,"4","2",,"1","1",,,
700,524,"12/03/1983, 00.00.00","2",191,249,"A",,,,,,,,,,,,,,,
701,525,"22/09/1982, 00.00.00","2",206,250,"A",,,"1","1","1","1",4,"1","5","5","5","5","5",9,
702,526,"22/09/1982, 00.00.00","2",193,243,"A",,,"1","2","2","1",5,"1","5","1","1","1","3",9,
703,527,"22/09/1982, 00.00.00","3",229,,"A",47,17,,,,,1,"4",,,,,,,
704,528,"22/09/1982, 00.00.00","2",235,,"A",42,30,,,,,1,,"5","1","1","4","N",,
705,529,"22/09/1982, 00.00.00","2",220,,"A",47,24,,,,,1,"4",,,,"4","3",9,
706,530,"28/09/1982, 00.00.00","2",200,251,"A",,,,,,,3,"1",,,,"5","7",8,
707,530,"15/10/1982, 00.00.00","2",190,251,"A",9,9,,,,,,,,,,,,,
708,531,"30/09/1982, 00.00.00","2",181,244,"M",,,"1","2","2","1",5,"1","5","1","1","5","5",10,
709,532,"01/10/1982, 00.00.00","2",181,,"M",47,30,,,,,0,"4",,,,,,,
710,532,"03/02/1983, 00.00.00","2",194,,"M",,,,,,,,,,,,,,,
711,533,"06/10/1982, 00.00.00","2",207,264,"M",,,"1","2","2","1",3,"1","5","5","5","5","6",8,
712,534,"13/10/1982, 00.00.00","2",205,254,"M",48,30,,,,,2,"1",,,,,,,
713,535,"13/10/1982, 00.00.00","2",205,240,"A",50,30,,,,,1,"4","3","1","1","1",,,
714,535,"21/04/1983, 00.00.00","2",193,243,"A",,,,,,,,,,,,,,,
715,536,"13/10/1982, 00.00.00","2",211,240,"A",,,"1","2","2","1",4,"1","5","5","5","3","6",7,
716,537,"15/10/1982, 00.00.00","2",192,252,"A",,,"1","2","1","1",3,"1",,"1","1","1","5",8,
717,538,"19/10/1982, 00.00.00","2",216,256,"M",,,"1","2","1","1",2,"1","5","5","5","5","7",6,
718,539,"28/10/1982, 00.00.00","3",212,243,"M",50,30,,,,,2,"4","2","1","1","1",,,
719,540,"28/10/1982, 00.00.00","3",312,260,"M",50,30,,,,,1,"4",,,,,,,
720,541,"02/11/1982, 00.00.00","2",172,248,"M",,,,,,,5,"1",,,,"1","5",10,
721,541,"03/02/1983, 00.00.00","2",206,248,"M",,,,,,,,,,,,,,,
722,542,"17/11/1982, 00.00.00","2",177,242,"M",,,"1","3","2","1",5,"3",,"1","1","1","5",8,
723,542,"19/01/1983, 00.00.00","3",213,242,"M",,,"1","3","2","1",,,,,,,,,
724,542,"28/09/1983, 00.00.00","3",210,246,"M",50,30,,,,,,,,,,,,,
725,543,"27/01/1983, 00.00.00","2",191,242,"M",,,,,,,1,"4","3","1","1","1","H",,
726,544,"21/02/1983, 00.00.00","2",224,244,"M",,,,,,,0,"4","5","1","1","5","S",,
727,544,"26/05/1983, 00.00.00","3",284,245,"M",0,0,,,,,,,,,,"5","S",,
728,545,"23/02/1983, 00.00.00","2",214,247,"M",,,,,,,0,"4","5","1","1","5","S",,
729,545,"06/06/1983, 00.00.00","2",243,247,"M",5,2,,,,,,,,,,,,,
730,545,"30/06/1983, 00.00.00","1",205,247,"M",10,0,,,,,,,,,,,,,
731,545,"02/06/1986, 00.00.00","2",284,247,"M",1,0,,,,,1,"5","5","2","2","4","3",8,0
732,546,"21/04/1983, 00.00.00","2",220,260,"A",,,,,,,3,"2","5","5","5","5","4",6,
733,546,"28/06/1983, 00.00.00","3",285,260,"A",12,0,,,,,,,,,,,,,
734,547,"21/04/1983, 00.00.00","2",168,240,"A",,,,,,,2,"4","2","1","1","1","H",,
735,548,"21/04/1983, 00.00.00","2",199,256,"A",,,,,,,2,"4","3","1","1","1",,,
736,548,"22/03/1984, 00.00.00","3",196,257,"A",,,,,,,2,"4","2","1","1","1",,,
737,549,"22/04/1983, 00.00.00","2",176,239,"A",,,,,,,1,"4","1","1","1","1",,,
738,549,"03/04/1984, 00.00.00","2",180,236,"A",,,,,,,0,"4","1","1","1","1",,,
739,550,"22/04/1983, 00.00.00","3",200,251,"A",,,,,,,0,"4","2","1","1","1",,,
740,551,"26/04/1983, 00.00.00","2",177,238,"A",,,,,,,2,"4","3","1","1","1",,,
741,552,"27/04/1983, 00.00.00","3",212,243,"M",,,,,,,2,"4","3","1","1","1","H",,
742,553,"27/04/1983, 00.00.00","3",197,251,"M",,,,,,,0,"4","1","1","1","1","H",,
743,554,"27/04/1983, 00.00.00","3",204,248,"M",,,,,,,0,"4","1","1","1","1","H",,
744,555,"28/04/1983, 00.00.00","3",200,246,"M",,,,,,,2,"4","1","1","1","1","H",,
745,555,"23/09/1983, 00.00.00","3",203,,"M",35,18,,,,,0,"4","1","1","1","1",,,
746,556,"28/04/1983, 00.00.00","3",213,251,"M",,,,,,,0,"4","2","1","1","1","H",,
747,557,"22/04/1983, 00.00.00","2",174,239,"A",,,,,,,1,"4","1","1","1","1","H",,
748,558,"29/04/1983, 00.00.00","2",194,243,"A",,,,,,,0,"4","1","1","1","1","H",,
749,558,"05/06/1984, 00.00.00","2",197,242,"A",0,0,,,,,0,"4","1","1","1","1","H",,
750,558,"27/05/1987, 00.00.00","3",192,235,"A",0,0,,,,,0,"5","1","1","1","1",,,0
751,559,"05/05/1983, 00.00.00","2",190,236,"M",,,,"3","3","3",5,"3","4","3","3","3","3",7,
752,560,"14/05/1983, 00.00.00","2",272,255,"M",,,,,,,2,"4","5","1","1","4","S",,
753,560,"17/06/1983, 00.00.00","1",243,255,"M",3,0,,,,,,,,,,,,,
754,561,"19/05/1983, 00.00.00","2",242,259,"A",0,0,,,,,3,"2",,,,"5","4",6,
755,562,"19/05/1983, 00.00.00","2",257,250,"A",0,0,,,,,0,"4","5","1","1","4","S",,
756,563,"23/05/1983, 00.00.00","2",262,255,"M",0,0,,,,,0,"4","5","1","1","1","S",,
757,563,"05/04/1984, 00.00.00","2",244,259,"M",,,,,,,0,"4","5","1","1","1","S",,
758,563,"19/06/1985, 00.00.00","1",272,253,"M",4,0,,,,,0,"4","5","2","2","2","S",,
759,564,"23/05/1983, 00.00.00","2",298,260,"M",0,0,,,,,0,"4","5","1","1","1","S",,
760,565,"24/05/1983, 00.00.00","3",329,258,"M",0,0,,,,,0,"4","5","1","1","4","S",,
761,565,"07/06/1983, 00.00.00","3",284,258,"M",2,0,,,,,,,,,,,,,
762,565,"22/06/1983, 00.00.00","2",270,258,"M",4,0,,,,,,,,,,,,,
763,566,"24/05/1983, 00.00.00","2",250,249,"M",0,0,,,,,0,"4","5","1","1","1","S",,
764,566,"06/06/1983, 00.00.00","3",260,249,"M",0,0,,,,,,,,,,,,,
765,567,"26/05/1983, 00.00.00","3",269,258,"M",0,0,,,,,2,"4",,"1","1","1","S",,
766,568,"01/06/1983, 00.00.00","2",247,257,"A",2,0,,,,,3,"3",,,,,"4",5,
767,569,"01/06/1983, 00.00.00","3",267,254,"A",0,0,,,,,0,"4",,,,"4","S",,
768,570,"02/06/1983, 00.00.00","3",183,239,"M",0,0,"4","4","2","2",3,"3","5","5","5","3","5",6,
769,571,"10/06/1983, 00.00.00","2",300,256,"M",0,0,,,,,2,"4",,,,"3","S",,
770,572,"10/06/1983, 00.00.00","2",237,253,"M",10,0,,,,,3,"2",,,,"5","5",6,
771,572,"21/08/1983, 00.00.00",,190,250,"M",,,,,,,,,,,,,,,
772,573,"14/06/1983, 00.00.00","2",193,239,"M",0,0,,,,,2,"4","1","1","1","1","0",,
773,573,"04/04/1984, 00.00.00","3",195,237,"M",,,,,,,2,"4","1","1","1","1",,,
774,573,"10/06/1987, 00.00.00","3",207,234,"M",0,0,,,,,1,"5","1","1","1","1",,,0
775,70,"09/08/1976, 00.00.00","3",196,260,"S",,,"1","1","1","1",,,,,,,,,
776,71,"10/08/1976, 00.00.00","2",202,244,"S",30,11,,,,,,,"5","2","2","3",,,
777,72,"10/08/1976, 00.00.00","3",200,241,"S",33,24,,,,,,,,,,,,,
778,73,"10/08/1976, 00.00.00","3",157,246,"S",,,"1","1","1","1",,,"5","2","2","1",,,
779,74,"11/08/1976, 00.00.00","3",186,,"S",46,29,,,,,,,"2","1","1","1",,,
780,75,"13/08/1976, 00.00.00","2",198,,"S",36,21,,,,,,,"5","4","4","5",,,
781,76,"13/08/1976, 00.00.00","2",202,255,"S",,,"2","1","1","1",,,"5","5","5","5",,,
782,77,"15/08/1976, 00.00.00","3",188,262,"S",,,"1","1","1","1",,,"5","5","5","5",,,
783,78,"18/08/1976, 00.00.00","3",247,262,"S",31,24,,,,,,,"1","1","1","1",,,
784,79,"31/08/1976, 00.00.00","2",,,"S",41,23,,,,,,,"1","1","1","1",,,
785,80,"06/09/1976, 00.00.00","1",168,235,"S",32,20,,,,,,,"1","1","1","1",,,
786,81,"17/09/1976, 00.00.00","2",184,,"S",42,24,,,,,,,"3","1","1","1",,,
787,82,"21/10/1976, 00.00.00","3",210,238,"S",,,"1","1","1","1",,,"5","3","3","4",,,
788,83,"03/11/1976, 00.00.00","3",198,233,"S",50,30,,,,,,,"2","1","1","1",,,
789,84,"16/08/1977, 00.00.00","3",203,,"S",42,28,,,,,,,"2","1","1","1",,,
790,84,"06/09/1977, 00.00.00","3",175,246,"S",50,30,,,,,,,"2","1","1","1",,,
791,85,"05/07/1977, 00.00.00","1",251,253,"G",10,3,,,,,3,,,,,,,,
792,85,"07/05/1979, 00.00.00","4",304,266,"G",0,0,,,,,1,,"5","2","2","2","S",,
793,86,"05/07/1977, 00.00.00","1",225,254,"G",20,4,,,,,3,,,,,,,,
794,87,"06/07/1977, 00.00.00","2",250,251,"G",12,2,,,,,0,,"5","1","1","1","S",,
795,88,"15/06/1979, 00.00.00","2",198,254,"G",0,0,,,,,0,,"1","1","1","1","S",,
796,89,"03/11/1977, 00.00.00","2",186,247,"G",,,"1","1","1","1",4,"1","5","2","2","3","S",,
797,90,"15/07/1977, 00.00.00","1",186,231,"G",1,1,,,,,0,,"1","1","1","1",,,
798,90,"21/10/1977, 00.00.00","3",184,234,"G",,,,,,,,,,,,,,,
799,91,"18/07/1979, 00.00.00","2",197,249,"G",9,4,,"2",,,0,,"2","1","1","1","0",,
800,92,"25/05/1978, 00.00.00","3",198,234,"G",0,0,"2","2","2","2",5,"1","5","4","4","2","3",,
801,93,"18/10/1977, 00.00.00","3",231,263,"G",,,,,,,3,"1","5","5","3","3","6",,
802,94,"18/10/1977, 00.00.00","3",226,260,"G",,,"1","1","1","2",4,"1","5","5","5","5",,,
803,95,"19/10/1977, 00.00.00","3",184,248,"G",,,,,,,1,"4","1","1","1","1",,,
804,96,"20/10/1977, 00.00.00","3",245,260,"G",,,"1","2","1","1",1,"4","5","2","1","2","S",,
805,96,"21/11/1977, 00.00.00","2",235,260,"G",,,,,,,,,,,,,,,
806,96,"10/02/1978, 00.00.00","2",244,258,"G",,,,"3",,,1,,"5","2","1","2","S",,
807,97,"21/10/1977, 00.00.00","3",235,255,"G",,,,,,,1,"4","5","2","2","5","S",,
808,98,"25/10/1977, 00.00.00","3",205,260,"G",,,,,,,1,"4","5","5","3","4","6",,
809,99,"27/10/1977, 00.00.00","2",168,241,"G",,,"1","2","1","1",3,"1","5","3","1","3","S",,
810,100,"08/11/1977, 00.00.00","3",233,262,"G",,,"1","1","1","1",4,"1","5","5","4","5","S",,
811,101,"18/11/1977, 00.00.00","2",255,261,"G",,,"1","2","2","2",3,"1","5","5","5","5","K",,
812,101,"12/05/1978, 00.00.00","2",275,258,"G",1,0,"2","3","3","3",3,"3","5","5","5","4","S",,
813,102,"21/11/1977, 00.00.00","3",211,255,"G",,,"1","2","1","1",4,"1","5","4","2","2","S",,
814,103,"13/12/1977, 00.00.00","2",246,263,"G",,,"1","2","2","2",3,"1","5","5","5","5","K",,
815,104,"03/04/1978, 00.00.00","4",225,252,"G",,,,,,,0,,"2","1","1","1","H",,
816,105,"17/04/1978, 00.00.00","4",234,243,"G",0,0,,,,,,,"1","1","1","1","H",,
817,106,"19/04/1978, 00.00.00","4",248,245,"G",0,0,"3","3","3","3",3,,"5","3","5","5","6",,
818,107,"19/04/1978, 00.00.00","4",206,234,"G",0,0,,,,,0,,"1","1","1","1","H",,
819,108,"21/04/1978, 00.00.00","2",204,235,"G",0,0,,"3",,,,"0","1","1","1","1","H",,
820,109,"26/04/1978, 00.00.00","3",206,253,"G",0,0,"3","3","3","3",4,"1","5","2","1","2","5",,
821,110,"04/05/1978, 00.00.00","2",186,238,"G",0,0,"3","3","3","3",5,"1","5","5","2","3","6",,
822,111,"04/05/1978, 00.00.00","2",224,245,"G",0,0,,,,,0,,"1","1","1","1","H",,
823,112,"04/05/1978, 00.00.00","3",288,250,"G",0,0,,,,,1,,"5","5","2","5","6",,
824,112,"19/05/1978, 00.00.00","3",288,250,"G",1,0,,,,,,,,,,,,,
825,113,"05/05/1978, 00.00.00","4",298,260,"G",0,0,,,"2","2",0,"4","5","2","1","5","7",,
826,114,"08/05/1978, 00.00.00","2",270,252,"G",0,0,,,"2","2",0,,"5","4","4","5",,,
827,115,"09/05/1978, 00.00.00","2",293,260,"G",0,0,,,,,0,"4","5","2","1","2",,,
828,116,"09/05/1978, 00.00.00","2",282,245,"G",0,0,,,,,3,"3","5","5","3","4","S",,
829,116,"02/06/1978, 00.00.00","2",245,245,"G",4,3,,,,,,,,,,,,,
830,117,"10/05/1978, 00.00.00","3",294,247,"G",0,0,,,,,2,"3","5","4","2","5","7",,
831,117,"09/05/1979, 00.00.00","4",291,251,"G",0,0,,"3",,,1,,,"2","1","2","S",,
832,118,"11/05/1978, 00.00.00","3",272,261,"G",0,0,,,,,1,"4","5","2","2","3","6",,
833,119,"15/05/1978, 00.00.00","3",189,241,"G",0,0,"3","4","2","2",3,"3","2","3","3","4","6",,
834,120,"17/05/1978, 00.00.00","2",281,250,"G",7,0,,"2","2","2",3,"1",,"5","5","5","8",,
835,121,"17/05/1978, 00.00.00","2",249,250,"G",1,0,,"2","2","2",3,"2","5","5","2","5","6",,
836,122,"19/05/1978, 00.00.00","3",260,255,"G",0,0,,"2","3","1",3,"1","5","5","5","5","6",,
837,122,"19/06/1979, 00.00.00","2",251,247,"G",9,0,,,,,1,,"5","4","4","2","S",,
838,123,"19/05/1978, 00.00.00","2",213,248,"G",2,0,"4","3","4","4",4,"2","5","4","3","4","3",,
839,124,"22/05/1978, 00.00.00","3",307,264,"G",4,0,,,"3","3",2,"3","5","5","5","5","5",,
840,124,"15/06/1978, 00.00.00","1",245,264,"G",13,2,,,,,,,,,,,"9",,
841,125,"24/05/1978, 00.00.00","3",232,249,"G",0,0,"3","4","4","4",3,"3","4","5","5","5","3",,
842,125,"19/06/1979, 00.00.00","3",220,249,"G",3,0,,,,,0,,"1","1","2","1","H",,
843,126,"24/05/1978, 00.00.00","3",273,253,"G",4,0,,,"2","2",4,"2",,"5","5","5","6",,
844,127,"24/05/1978, 00.00.00","4",308,255,"G",0,0,,,,,0,"4",,"2","2","4","4",,
845,128,"26/05/1978, 00.00.00","3",300,254,"G",4,0,,,"2","2",2,"2","5","4","2","4","6",,
846,129,"02/06/1978, 00.00.00","3",271,253,"G",9,3,,,"3","3",3,"3",,"5","3","5","6",,
847,129,"19/06/1978, 00.00.00","1",251,253,"G",14,5,,,,,,,,,,,,,
848,130,"08/06/1978, 00.00.00","3",268,250,"G",4,1,,,"2","2",4,"2","5","5","5","5","7",,
849,131,"08/06/1978, 00.00.00","2",242,240,"G",1,0,,,"2","2",2,"1","5","5","5","5","7",,
850,132,"08/06/1978, 00.00.00","2",182,222,"G",3,0,,,,,0,"4","1","1","1","1","H",,
851,133,"08/06/1978, 00.00.00","4",198,235,"G",0,0,,"3",,,0,"4","1","1","1","1","H",,
852,134,"09/06/1978, 00.00.00","3",210,250,"G",1,0,,,,,0,"4","1","1","1","1","H",,
853,135,"04/06/1979, 00.00.00","3",261,250,"G",5,0,,,"1","2",4,,"5","5","5","5","S",,
854,135,"11/09/1979, 00.00.00","2",,251,"G",45,24,,,,,,,,,,,"1",1,1
855,135,"08/05/1980, 00.00.00","2",300,256,"G",1,0,,,,,,,,,,,,,
856,136,"21/05/1979, 00.00.00","1",259,248,"G",6,0,,,"2","2",4,,"5","4","5","5","S",,
857,137,"12/06/1978, 00.00.00","3",222,242,"G",5,0,,,,,0,"4","1","1","1","1","H",,
858,138,"12/06/1978, 00.00.00","2",274,252,"G",14,2,,,,,4,"1","5","5","5","5","8",,
859,138,"30/06/1978, 00.00.00","1",232,252,"G",20,4,,,,,,,,,,,,,
860,139,"12/06/1978, 00.00.00","2",289,253,"G",10,0,,,"2","2",3,"1","5","5","2","5","8",,
861,140,"13/06/1978, 00.00.00","4",213,244,"G",2,10,,,,,1,"4","2","1","1","1","H",,
862,146,"13/08/1975, 00.00.00","3",172,236,"S",,,"1","1","1","1",,,"5","5","5","5",,,
863,147,"13/08/1975, 00.00.00","3",180,253,"S",,,"1","1","1","1",,,"5","5","5","4",,,
864,148,"15/08/1975, 00.00.00","2",189,255,"S",,,"1","1","1","1",,,"5","2","2","3",,,
865,149,"16/08/1975, 00.00.00","2",193,246,"S",16,8,,,,,,,"2","1","1","1",,,
866,150,"17/08/1975, 00.00.00","2",189,257,"S",,,"1","1","1","1",,,"5","2","2","3",,,
867,151,"17/08/1975, 00.00.00","3",183,235,"S",,,"1","1","1","1",,,"5","2","2","4",,,
868,152,"17/08/1975, 00.00.00","3",180,242,"S",,,,,,,,,"5","4","4","5",,,
869,153,"18/08/1975, 00.00.00","3",164,228,"S",,,"1","1","1","1",,,"5","1","1","2",,,
870,154,"23/08/1975, 00.00.00","2",191,254,"S",,,"1","1","1","1",,,"5","2","2","2",,,
871,155,"25/08/1975, 00.00.00","3",183,238,"S",,,"1","1","1","1",,,"5","2","2","2",,,
872,156,"26/08/1975, 00.00.00","2",205,254,"S",,,,,,,,,,,,,,,
873,157,"28/08/1975, 00.00.00","2",165,237,"S",,,"1","1","1","1",,,"5","5","5","5",,,
874,158,"04/09/1975, 00.00.00","3",188,245,"S",,,"1","2","2","1",,,"5","5","5","5",,,
875,159,"08/09/1975, 00.00.00","3",190,246,"S",,,"1","1","1","1",,,"5","1","1","3",,,
876,160,"04/11/1975, 00.00.00","3",235,269,"S",,,"1","1","1","1",,,"5","3","3","5",,,
877,161,"19/07/1974, 00.00.00",,228,267,"S",0,1,,,,,,,"5","5","5","3",,,
878,162,"17/08/1974, 00.00.00",,190,250,"S",26,15,,,,,,,"1","1","1","1",,,
879,163,"17/08/1974, 00.00.00",,180,239,"S",,,,,,,,,"5","5","5","3",,,
880,164,"18/08/1974, 00.00.00",,178,237,"S",,,,,,,,,,,,,,,
881,165,"18/08/1974, 00.00.00",,195,234,"S",,,,,,,,,"5","3","3","1",,,
882,165,"19/08/1974, 00.00.00",,171,243,"S",,,,,,,,,,,,,,,
883,166,"19/08/1974, 00.00.00",,190,242,"S",,,,,,,,,,,,,,,
884,167,"22/08/1974, 00.00.00",,177,247,"S",,,,,,,,,,,,,,,
885,168,"27/08/1974, 00.00.00",,184,243,"S",,,,,,,,,,,,,,,
886,168,"20/08/1977, 00.00.00","2",188,244,"S",32,23,,,,,,,"1","1","1","1",,,
887,169,"27/08/1974, 00.00.00",,216,246,"S",,,,,,,,,,,,,,,
888,170,"28/08/1974, 00.00.00",,202,249,"S",,,"1","2","1","1",,,"5","1","1","3",,,
889,171,"30/08/1974, 00.00.00",,185,246,"S",,,,,,,,,,,,,,,
890,172,"30/08/1974, 00.00.00",,176,247,"S",,,,,,,,,,,,,,,
891,173,"30/08/1974, 00.00.00",,225,245,"S",,,"1","1","1","1",,,"5","5","5","3",,,
892,174,"31/08/1974, 00.00.00",,175,235,"S",,,,,,,,,,,,,,,
893,175,"09/09/1974, 00.00.00",,210,241,"S",,,"1","1","1","1",,,"5","5","5","5",,,
894,176,"10/09/1974, 00.00.00",,190,245,"S",,,"1","1","2","1",,,"5","5","5","5",,,
895,177,"11/09/1974, 00.00.00",,200,242,"S",,,"1","1","1","1",,,,,,,,,
896,178,"28/09/1974, 00.00.00",,211,241,"S",50,30,,,,,,,"3","1","1","1",,,
897,179,"16/10/1975, 00.00.00","2",202,250,"G",,,,"2","2",,,,"4","2","2","2","S",,
898,180,"16/10/1975, 00.00.00","3",200,239,"G",,,,"2",,,,,"2","1","1","1","H",,
899,181,"17/10/1975, 00.00.00","3",235,258,"G",,,"1","1","1","1",,,"5","5","5","5","K",,
900,182,"18/10/1975, 00.00.00","3",224,240,"G",,,,,,,,,"2","1","1","1","H",,
901,182,"18/03/1976, 00.00.00","3",210,245,"G",,,,,,,,,,,,,,,
902,183,"19/10/1975, 00.00.00","3",222,247,"G",,,,,,,,,"2","1","1","1","0",,
903,184,"19/10/1975, 00.00.00","4",236,258,"G",,,,,,,,,"5","5","4","5","K",,
904,185,"19/10/1975, 00.00.00","3",194,249,"G",,,"1","1","1","1",,,"5","3","1","2","S",,
905,186,"20/10/1975, 00.00.00","2",232,257,"G",,,,,,,,,"5","3","2","3","S",,
906,186,"21/10/1975, 00.00.00","2",217,257,"G",,,,,,,,,,,,,,,
907,187,"20/10/1975, 00.00.00","3",184,242,"G",,,"1","2","1","1",,,"2","2","2","2","S",,
908,188,"21/10/1975, 00.00.00","4",239,257,"G",,,,,,,,,"5","3","2","3","S",,
909,189,"26/10/1975, 00.00.00","3",203,244,"G",,,"2","2","1","1",,,"5","3","1","2","N",,
910,190,"24/11/1975, 00.00.00","3",211,265,"G",,,,,,,1,"4","2","2","1","1","H",,
911,191,"25/11/1975, 00.00.00","3",214,264,"G",,,,,,,,"2","5","4","5","5","S",,
912,192,"18/02/1976, 00.00.00","3",215,257,"G",,,,,,,,,"5","5","5","5","S",,
913,192,"29/10/1976, 00.00.00","3",216,254,"G",,,,"2",,,1,,"5","1","1","2","S",,
914,193,"19/02/1976, 00.00.00","4",259,261,"G",,,,,,,,,"5","5","2","3","S",,
915,194,"01/03/1976, 00.00.00","2",231,256,"G",,,,,,,,,"4","4","3","3","S",,
916,195,"02/03/1976, 00.00.00","3",222,253,"G",,,,,,,0,"4","1","1","1","1","0",,
917,196,"03/03/1976, 00.00.00","3",204,242,"G",,,,,,,0,"4","1","1","1","1","H",,
918,196,"13/03/1978, 00.00.00","3",213,236,"G",,,,,,,,,,,,,,,
919,196,"09/05/1979, 00.00.00","3",205,242,"G",0,0,,,,,0,,"1","1","1","1","H",,
920,197,"19/03/1976, 00.00.00","2",197,240,"G",,,,,,,0,"4","1","1","1","1","H",,
921,198,"07/05/1976, 00.00.00","3",309,253,"G",,,,,,,,,,,,,,,
922,199,"10/05/1976, 00.00.00","2",273,255,"G",,,,,,,0,"4","5","2","1","3","K",,
923,200,"23/05/1976, 00.00.00","2",191,242,"G",,,,,,,,,"4","1","2","3","S",,
924,200,"24/05/1977, 00.00.00","2",229,237,"G",,,,,,,0,,,"1","1","1","0",,
925,201,"23/05/1976, 00.00.00","3",222,255,"G",,,,,,,,,"1","1","1","1","0",,
926,202,"23/05/1976, 00.00.00","2",256,253,"G",,,,,,,,,"5",,,"3","S",,
927,202,"28/10/1976, 00.00.00","3",237,254,"G",,,,,,,,,,,,,,,
928,203,"25/05/1976, 00.00.00","3",217,254,"G",,,,,,,0,"4","1","1","1","1",,,
929,204,"26/05/1976, 00.00.00","1",197,247,"G",,,"2","2","1","1",,,"3","5","3","3","K",,
930,204,"20/05/1977, 00.00.00","2",216,246,"G",,,,,,,0,,"2","1","1","1","H",,
931,205,"28/05/1976, 00.00.00","3",214,241,"G",,,,,,,,,"1","1","1","1",,,
932,206,"30/05/1976, 00.00.00","2",180,240,"G",,,"4","4","2","2",,,"1","2","3","3","S",,
933,207,"03/06/1976, 00.00.00","2",198,237,"G",,,,,,,1,"4","1","1","1","1","H",,
934,208,"03/06/1976, 00.00.00","1",295,261,"G",,,,,,,,"3","5","2","2","4","K",,
935,209,"08/06/1976, 00.00.00","1",172,236,"G",,,"5","5","5","5",3,"1","1","1","1","1","S",,
936,210,"10/06/1976, 00.00.00","2",243,253,"G",,,,,,,,,,,,,,,
937,210,"23/06/1976, 00.00.00","1",236,253,"G",,,,,,,,,,,,,,,
938,211,"14/06/1976, 00.00.00","3",318,258,"G",,,,,,,3,,"5","3","3","3","K",,
939,212,"14/06/1976, 00.00.00","3",204,241,"G",,,,,,,0,,"1","1","1","1","0",,
940,213,"18/10/1976, 00.00.00","3",230,251,"G",,,,,,,,,"5","5","2","5","K",,
941,214,"27/10/1976, 00.00.00","3",217,247,"G",,,,,,,0,,"1","1","1","1","0",,
942,215,"04/11/1976, 00.00.00","2",214,244,"G",,,,,,,,,"5","2","1","1","S",,
943,216,"09/11/1976, 00.00.00","2",226,237,"G",,,,,,,,,"1","1","1","1",,,
944,217,"10/11/1976, 00.00.00","3",257,256,"G",,,,,,,0,,"5","3","3","5","S",,
945,218,"12/11/1976, 00.00.00","3",241,259,"G",,,,,,,0,,"1","1","1","1",,,
946,219,"17/11/1976, 00.00.00","2",236,250,"G",,,,,,,,,"1","1","1","1",,,
947,220,"18/11/1976, 00.00.00","2",218,240,"G",,,,,,,,,"1","1","1","1",,,
948,221,"15/02/1977, 00.00.00","2",208,248,"G",,,,,,,0,,"2","1","1","1","H",,
949,221,"16/05/1978, 00.00.00","3",209,245,"G",0,0,,,,,0,"4","1","1","1","1",,,
950,222,"08/03/1977, 00.00.00","2",234,255,"G",,,,,,,0,,"5","2","2","3","S",,
951,222,"15/05/1978, 00.00.00","2",271,253,"G",0,0,,,,,1,"4","5","1","1","4","6",,
952,223,"11/03/1977, 00.00.00","2",214,244,"G",,,,,,,1,,"2","1","1","2","H",,
953,223,"23/05/1978, 00.00.00","3",220,242,"G",0,0,,,,,,,,,,,,,
954,224,"15/03/1977, 00.00.00","3",218,241,"G",,,,,,,0,,"1","1","1","1","H",,
955,224,"18/05/1977, 00.00.00","2",218,238,"G",,,,,,,,,,,,,,,
956,225,"15/03/1977, 00.00.00","2",197,244,"G",,,,,,,0,,"2","1","1","1","H",,
957,226,"16/03/1977, 00.00.00","1",196,241,"G",,,,,,,,,"2","1","1","1","H",,
958,226,"07/06/1977, 00.00.00","2",193,241,"G",,,,,,,,,,,,,,,
959,227,"25/03/1977, 00.00.00","2",211,238,"G",,,"5","5","5","5",3,,"3","1","1","1","S",,
960,227,"04/04/1978, 00.00.00","3",201,237,"G",,,,,,,0,"0",,,,,,,
961,228,"29/03/1977, 00.00.00","2",198,250,"G",,,,,,,0,,"5","2","2","4","S",,
962,228,"15/05/1978, 00.00.00","3",249,253,"G",0,0,,,,,0,,"5","1","1","4","3",,
963,228,"18/06/1979, 00.00.00","2",219,254,"G",5,0,,,,,0,,,"1","1","2","N",,
964,229,"30/03/1977, 00.00.00","2",223,255,"G",,,,,,,3,,"3","5","2","5","S",,
965,230,"31/03/1977, 00.00.00","2",190,251,"G",,,,,,,0,,"1","1","1","2","H",,
966,230,"23/05/1977, 00.00.00","3",223,251,"G",,,,,,,,,,,,,,,
967,231,"08/04/1977, 00.00.00","2",194,242,"G",,,,,,,,,"1","1","1","1","H",,
968,232,"12/04/1977, 00.00.00","1",217,259,"G",,,,,,,0,,"5","1","1","3","S",,
969,233,"13/04/1977, 00.00.00","2",215,252,"G",,,,"3",,,3,,"5","3","3","5","S",,
970,233,"26/05/1977, 00.00.00","2",275,253,"G",,,,,,,,,,,,,,,
971,234,"15/04/1977, 00.00.00","2",211,257,"G",,,,,,,3,,"5","3","3","3","S",,
972,235,"15/04/1977, 00.00.00","3",190,238,"G",,,,"2",,,0,,"1","1","1","1","0",,
973,236,"20/04/1977, 00.00.00","3",200,231,"G",,,,,,,1,,"1","1","1","1","0",,
974,236,"04/05/1978, 00.00.00","3",224,231,"G",0,0,,,,,,,,,,,,,
975,237,"07/05/1977, 00.00.00","2",235,260,"G",,,,,"3","3",,,"5","5","5","5","K",,
976,238,"12/05/1977, 00.00.00","2",181,238,"G",,,,,,,,,"1","1","1","1","0",,
977,239,"13/05/1977, 00.00.00","3",280,251,"G",,,,,,,0,,,"2","2","2","S",,
978,240,"13/05/1977, 00.00.00","3",283,248,"G",,,,,,,0,,"5","1","1","1","S",,
979,240,"03/05/1978, 00.00.00","2",299,251,"G",0,0,,,,,0,,"5","2","1","4","S",,
980,240,"06/06/1978, 00.00.00","3",252,251,"G",0,0,,,,,,,,,,,,,
981,240,"11/06/1979, 00.00.00","2",234,253,"G",0,0,,,,,1,,,"2","2","4","S",,
982,241,"16/05/1977, 00.00.00","2",279,252,"G",,,,,,,0,,,,,,,,
983,242,"17/05/1977, 00.00.00","3",294,255,"G",,,,,"3","3",3,,"5","5","5","5","S",,
984,242,"08/05/1978, 00.00.00","3",280,257,"G",0,0,,,"2","2",0,,"5","3","2","4",,,
985,242,"09/05/1979, 00.00.00","2",286,263,"G",2,0,,"4",,,0,,,"2","1","3","S",,
986,242,"05/06/1979, 00.00.00","2",265,263,"G",7,0,,,,,,,,,,,,,
987,243,"19/05/1977, 00.00.00","1",189,239,"G",,,,,,,1,,"2","1","1","1","H",,
988,243,"19/06/1978, 00.00.00","2",211,245,"G",5,0,,,,,0,"4","1","1","1","1","H",,
989,244,"19/05/1977, 00.00.00","1",284,247,"G",,,,,,,,,,,,,,,
990,244,"15/06/1977, 00.00.00","1",262,249,"G",,,,,,,,,,,,,,,
991,245,"20/05/1977, 00.00.00","3",299,255,"G",,,,,,,0,,"5","1","1","1","S",,
992,246,"23/05/1977, 00.00.00","3",319,259,"G",,,,,,,0,,"5","2","2",,"S",,
993,246,"18/05/1978, 00.00.00","4",314,262,"G",1,0,,,,,0,,"5","3","2","3","5",,
994,246,"10/06/1979, 00.00.00","2",267,262,"G",0,0,,,,,0,,,"2","1","2","S",,
995,246,"18/06/1979, 00.00.00","2",243,262,"G",0,0,,,,,,,,,,,,,
996,247,"24/05/1977, 00.00.00","3",249,258,"G",,,,,,,,,,,,,,,
997,248,"24/05/1977, 00.00.00","3",265,251,"G",,,,,,,0,,"5","5","5","5","K",,
998,249,"25/05/1977, 00.00.00","3",273,253,"G",,,,,,,0,,,,,,"S",,
999,250,"25/05/1977, 00.00.00","3",312,257,"G",,,,,,,0,,,,,,"S",,
1000,250,"08/05/1979, 00.00.00","4",319,264,"G",0,0,,"2",,,0,,"5","1","1","2","S",,
1001,251,"28/05/1977, 00.00.00","2",293,240,"G",,,,,,,0,,,,,,,,
1002,252,"30/05/1977, 00.00.00","1",273,249,"G",,,,,,,1,,,,,,,,
1003,253,"02/06/1977, 00.00.00","2",195,242,"G",,,,,,,0,,"2","1","1","1","H",,
1004,254,"02/06/1977, 00.00.00","1",202,237,"G",,,,,,,0,,"1","1","1","1","H",,
1005,254,"14/06/1978, 00.00.00","2",201,237,"G",4,0,,,,,0,"4","1","1","1","1","H",,
1006,255,"07/06/1977, 00.00.00","3",287,259,"G",,,,,,,0,,,,,,"S",,
1007,256,"08/06/1977, 00.00.00","3",273,251,"G",,,,,,,0,,,,,,"S",,
1008,257,"09/06/1977, 00.00.00","2",253,255,"G",,,,,,,3,,,,,,"S",,
1009,258,"09/06/1977, 00.00.00","2",221,247,"G",,,,,,,0,,,,,,,,
1010,259,"09/06/1977, 00.00.00","2",264,252,"G",,,,,,,,"3",,,,,"S",,
1011,260,"25/05/1979, 00.00.00","3",198,245,"G",2,0,,,,,1,,,"1","1","1","H",,
1012,261,"15/06/1977, 00.00.00","2",211,245,"G",,,,,,,0,,,"1","1","1",,,
1013,262,"15/06/1977, 00.00.00","3",207,244,"G",,,,,,,0,,,"1","1","1",,,
1014,263,"02/12/1977, 00.00.00","3",195,249,"G",,,"1","2","2","2",5,"1","3","2","1","2","3",,
1015,263,"23/05/1978, 00.00.00","2",213,246,"G",0,0,"4","2","3","3",4,"2","3","2","1","2","S",,
1016,264,"18/10/1977, 00.00.00","2",225,262,"G",,,"1","1","1","2",4,"1","5","5","3","5","6",,
1017,264,"14/05/1980, 00.00.00","3",285,261,"G",0,0,,,,,0,"4",,,,,,,
1018,265,"22/06/1977, 00.00.00","3",200,244,"G",,,,,,,0,,,"1","1","1","H",,
1019,266,"22/06/1977, 00.00.00","1",239,264,"G",,,,,,,1,,,,,,,,
1020,267,"15/05/1978, 00.00.00","2",198,241,"G",0,0,"5","3","3","1",3,"2","3","2","1","3","S",,
1021,267,"19/06/1978, 00.00.00","3",205,241,"G",7,0,,,,,,,,,,,,,
1022,268,"16/05/1978, 00.00.00","2",204,244,"G",0,0,,"2","2","2",3,"1","5","5","2","5","6",,
1023,269,"23/06/1977, 00.00.00","1",190,241,"G",,,,,,,0,,"1","1","1","1","0",,
1024,270,"20/06/1979, 00.00.00","3",215,247,"G",4,0,,,,,0,,"2","1","1","1","H",,
1025,271,"23/06/1977, 00.00.00","2",192,243,"G",,,,,,,0,,,"1","1","1","H",,
1026,271,"01/06/1978, 00.00.00","3",198,245,"G",0,0,,,,,0,"4","1","1","1","1","H",,
1027,272,"25/06/1979, 00.00.00","2",202,241,"G",5,0,,,,,1,,"1","1","1","1","H",,
1028,273,"21/05/1979, 00.00.00","2",214,255,"G",1,9,,,,"0",,"1","1","1","1","1","H",,
1029,274,"24/06/1977, 00.00.00","1",226,256,"G",,,,,,,0,,,,,,,,
1030,275,"28/06/1977, 00.00.00","1",190,245,"G",12,4,,"3",,,0,,,"1","1","1","H",,
1031,276,"29/06/1977, 00.00.00","2",212,242,"G",4,0,,,,,,,,,,,,,
1032,277,"18/10/1977, 00.00.00","2",192,252,"G",,,"1","4","1","1",5,"1","4","5","1","2","S",,
1033,823,"23/02/1987, 00.00.00","2",235,247,"A",,,,"2","3","3",3,"4","5","5","5","5","5",6,2
1034,824,"23/02/1987, 00.00.00","2",203,252,"A",,,"3","3","3","3",3,"2","5","2","2","2","3",7,0
1035,825,"24/02/1987, 00.00.00","2",192,242,"M",,,"1","1","2","2",4,"1","5","5","4","5","4",7,0
1036,826,"24/02/1987, 00.00.00","3",202,248,"M",,,,,,,0,"5","2","1","1","1",,,0
1037,827,"25/02/1987, 00.00.00","2",184,243,"M",,,,,,,0,"5","2","1","1","1",,,0
1038,828,"25/02/1987, 00.00.00","1",196,259,"M",,,"1","2","1","1",4,"1","5","5","5","5","5",7,0
1039,829,"10/03/1987, 00.00.00","2",204,246,"A",,,"1","3","2","2",4,"2","5","5","5","5","5",5,0
1040,830,"12/03/1987, 00.00.00","1",173,245,"A",,,"1","1","1","1",3,"1","5","3","3","3","7",2,0
1041,831,"12/03/1987, 00.00.00","2",211,250,"A",,,"3","3","4","4",3,"3","5","5","5","4","5",7,0
1042,832,"12/03/1987, 00.00.00","3",216,236,"A",,,,,,,1,"5","1","1","1","1",,,0
1043,833,"13/03/1987, 00.00.00","2",215,245,"A",,,"1","2","1","1",3,"1","5","5","5","5","5",6,0
1044,834,"03/04/1987, 00.00.00","2",180,245,"A",,,,,,,0,"5","2","1","1","1",,,0
1045,835,"08/04/1987, 00.00.00","2",220,249,"A",,,"1","3","1","1",2,"4","5","5","5","5","5",4,0
1046,836,"09/04/1987, 00.00.00","1",182,233,"M",,,"2","2","2","2",3,"3","5","3","3","3","2",10,1
1047,837,"10/04/1987, 00.00.00","3",214,235,"A",,,,"3",,,1,"5","2","1","1","1",,,0
1048,838,"21/04/1987, 00.00.00","3",231,246,"A",,,,,,,1,"5","5","5","5","5","4",6,0
1049,839,"22/04/1987, 00.00.00","1",190,240,"A",,,"3","2","2","2",3,"1","5","4","4","5","3",7,1
1050,840,"23/04/1987, 00.00.00","2",196,245,"A",,,,,,,1,"5","1","1","1","1",,,0
1051,841,"04/05/1987, 00.00.00","1",213,245,"A",,,,,,,1,"5","1","1","1","1","H",,0
1052,842,"06/05/1987, 00.00.00","3",256,246,"M",,,,,,,2,"5","5","1","1","1","3",7,0
1053,843,"12/05/1987, 00.00.00","2",262,250,"A",0,0,,"3","3","3",4,"4","5","5","5","5","3",7,0
1054,844,"12/05/1987, 00.00.00","3",252,254,"A",0,0,,,,,0,"5","5","1","1","2","4",7,0
1055,845,"12/05/1987, 00.00.00","3",312,242,"A",0,0,,,,,0,"5","5","2","2","3","3",5,0
1056,846,"13/05/1987, 00.00.00","2",275,260,"M",3,0,"1","4","2","2",3,"4","5","5","5","5","3",7,0
1057,847,"14/05/1987, 00.00.00","2",257,255,"M",0,0,"2","2","2","2",4,"1","5","5","5","5","5",6,0
1058,848,"14/05/1987, 00.00.00","2",266,251,"A",0,0,"1","2","1","1",4,"5","5","5","5","5","5",7,0
1059,849,"14/05/1987, 00.00.00","3",304,250,"A",0,0,,,,,0,"5","5","2","2","5","5",7,0
1060,850,"15/05/1987, 00.00.00","2",273,254,"A",0,0,,,,,1,"5","5","3","3","5","4",7,0
1061,851,"15/05/1987, 00.00.00","1",245,249,"A",0,0,"3","3","3","3",3,"4","5","5","5","5","5",6,0
1062,852,"01/06/1987, 00.00.00","2",200,241,"M",0,0,,,,,0,"5","2","1","1","1",,,2
1063,853,"01/06/1987, 00.00.00","1",192,235,"M",0,0,,,,,1,"5","2","1","1","1",,,0
1064,854,"04/06/1987, 00.00.00","2",193,247,"A",0,0,,,,,0,"5","1","1","1","1","H",,0
1065,855,"27/05/1987, 00.00.00","2",185,243,"A",1,0,,,,,0,"5","1","1","1","1",,,0
1066,950,"24/02/1982, 00.00.00",,191,250,"W",,,,,,,,,,,,,,,
1067,141,"20/10/1981, 00.00.00","2",187,243,"M",,,"1","2","2","1",5,"1",,,,,,,
1068,51,"12/04/1978, 00.00.00",,,236,"S",,,,,,"1",,,"1","1","1","1",,,
1069,52,"19/04/1978, 00.00.00",,,266,"S",,,,,,,,,,,"3",,,,
1070,53,"19/04/1978, 00.00.00",,,251,"S",,,,,,,,,"5","1","1","4",,,
1071,54,"19/04/1978, 00.00.00",,,245,"S",,,"4","4","4","4",,,"5","1","1","5",,,
1072,55,"21/04/1978, 00.00.00",,,245,"S",,,,,,,,,"2","1","1","1",,,
1073,56,"25/08/1978, 00.00.00",,,,"S",,,"1","1","1","1",,,"5","5","5","5",,,
1074,57,"26/08/1978, 00.00.00",,,257,"S",,,"1","1","1","1",,,"5","2","2","4",,,
1075,58,"28/08/1978, 00.00.00",,,255,"S",,,"1","1","1","1",,,"5","2","2","3",,,
1076,59,"15/12/1978, 00.00.00",,,261,"S",,,"1","1","1","1",,,"5","5","5","5",,,
1079,824,"23/02/1987, 00.00.00","2",203,252,"A",,,"3","3","3","3",3,"2","5","2","2","2","3",7,0
1080,825,"24/02/1987, 00.00.00","2",192,242,"M",,,"1","1","2","2",4,"1","5","5","4","5","4",7,0
1081,826,"24/02/1987, 00.00.00","3",202,248,"M",,,,,,,0,"5","2","1","1","1",,,0
1082,827,"25/02/1987, 00.00.00","2",184,243,"M",,,,,,,0,"5","2","1","1","1",,,0
1083,828,"25/02/1987, 00.00.00","1",196,259,"M",,,"1","2","1","1",4,"1","5","5","5","5","5",7,0
1084,829,"10/03/1987, 00.00.00","2",204,246,"A",,,"1","3","2","2",4,"2","5","5","5","5","5",5,0
1086,830,"12/03/1987, 00.00.00","1",173,245,"A",,,"1","1","1","1",3,"1","5","3","3","3","7",2,0
1087,831,"12/03/1987, 00.00.00","2",211,250,"A",,,"3","3","4","4",3,"3","5","5","5","4","5",7,0
1089,832,"12/03/1987, 00.00.00","3",216,236,"A",,,,,,,1,"5","1","1","1","1",,,0
1091,833,"13/03/1987, 00.00.00","2",215,245,"A",,,"1","2","1","1",3,"1","5","5","5","5","5",6,0
1093,834,"03/04/1987, 00.00.00","2",180,245,"A",,,,,,,0,"5","2","1","1","1",,,0
1094,835,"08/04/1987, 00.00.00","2",220,249,"A",,,"1","3","1","1",2,"4","5","5","5","5","5",4,0
1095,836,"09/04/1987, 00.00.00","1",182,233,"M",,,"2","2","2","2",3,"3","5","3","3","3","2",10,1
1097,837,"10/04/1987, 00.00.00","3",214,235,"A",,,,"3",,,1,"5","2","1","1","1",,,0
1098,838,"21/04/1987, 00.00.00","3",231,246,"A",,,,,,,1,"5","5","5","5","5","4",6,0
1099,839,"22/04/1987, 00.00.00","1",190,240,"A",,,"3","2","2","2",3,"1","5","4","4","5","3",7,1
1101,840,"23/04/1987, 00.00.00","2",196,245,"A",,,,,,,1,"5","1","1","1","1",,,0
1105,841,"04/05/1987, 00.00.00","1",213,245,"A",,,,,,,1,"5","1","1","1","1","H",,0
1106,842,"06/05/1987, 00.00.00","3",256,246,"M",,,,,,,2,"5","5","1","1","1","3",7,0
1107,843,"12/05/1987, 00.00.00","2",262,250,"A",0,0,,"3","3","3",4,"4","5","5","5","5","3",7,0
1108,844,"12/05/1987, 00.00.00","3",252,254,"A",0,0,,,,,0,"5","5","1","1","2","4",7,0
1109,845,"12/05/1987, 00.00.00","3",312,242,"A",0,0,,,,,0,"5","5","2","2","3","3",5,0
1111,846,"13/05/1987, 00.00.00","2",275,260,"M",3,0,"1","4","2","2",3,"4","5","5","5","5","3",7,0
1112,847,"14/05/1987, 00.00.00","2",257,255,"M",0,0,"2","2","2","2",4,"1","5","5","5","5","5",6,0
1113,848,"14/05/1987, 00.00.00","2",266,251,"A",0,0,"1","2","1","1",4,"5","5","5","5","5","5",7,0
1114,849,"14/05/1987, 00.00.00","3",304,250,"A",0,0,,,,,0,"5","5","2","2","5","5",7,0
1115,850,"15/05/1987, 00.00.00","2",273,254,"A",0,0,,,,,1,"5","5","3","3","5","4",7,0
1116,851,"15/05/1987, 00.00.00","1",245,249,"A",0,0,"3","3","3","3",3,"4","5","5","5","5","5",6,0
1117,940,"27/05/1987, 00.00.00","3",263,254,"A",0,0,,,,,0,"5","5","3","3","5","4",5,0
1119,855,"27/05/1987, 00.00.00","2",185,243,"A",1,0,,,,,0,"5","1","1","1","1",,,0
1121,852,"01/06/1987, 00.00.00","2",200,241,"M",0,0,,,,,0,"5","2","1","1","1",,,2
1122,853,"01/06/1987, 00.00.00","1",192,235,"M",0,0,,,,,1,"5","2","1","1","1",,,0
1126,854,"04/06/1987, 00.00.00","2",193,247,"A",0,0,,,,,0,"5","1","1","1","1","H",,0
1130,839,"28/10/1987, 00.00.00","2",201,248,"A",,,,,,,0,"4","2","1","1","1","H",,0
1131,865,"07/11/1987, 00.00.00","2",207,259,"A",,,,,,,4,"2","5","5","5","5","3",7,0
1132,866,"07/11/1987, 00.00.00","2",189,239,"A",,,,,,,1,"4","3","1","1","1","H",,0
1133,800,"07/11/1987, 00.00.00",,215,246,"A",,,,,,,,,,,,,,,
1134,867,"11/11/1987, 00.00.00","1",168,241,"A",,,"2","2","1","1",4,"1","5","5","2","4","3",7,9
1135,868,"12/11/1987, 00.00.00","1",203,259,"A",,,"2","2","1","2",3,"2","5","5","4","5","5",5,0
1136,869,"12/11/1987, 00.00.00","1",,249,"A",,,"4","4","4","2",3,"3","5","5","5","5","5",7,1
1137,870,"18/11/1987, 00.00.00","1",,,"A",,,"3","2","1","1",4,"1","5","5","4","5","5",7,1
1138,871,"20/11/1987, 00.00.00","2",3,244,"A",,,"2","2","1","1",4,"2","5","2","2","2","3",8,0
1139,872,"21/11/1987, 00.00.00","2",257,257,"A",,,"4","3","5","1",3,"2","5","5","4","5","4",7,0
1140,873,"23/11/1987, 00.00.00","2",3,4,"A",,,,,,,1,"4","1","1","1","1","H",,0
1141,794,"23/11/1987, 00.00.00","3",5,7,"A",,,,,,,1,"4","2","1","1","1","H",,0
1142,856,"13/12/1987, 00.00.00","1",,,"A",,,"1","2","2","1",,,"5","5","3","4","5",7,0
1143,874,"12/02/1988, 00.00.00","1",211,247,"A",,,"1","2","2","2",3,"1","5","5","5","5","3",9,0
1144,875,"12/02/1988, 00.00.00","2",208,250,"A",,,"4","4","4","4",5,"3","5","3","3","2","H",,0
1145,862,"12/02/1988, 00.00.00","2",223,237,"A",,,"2","2","2","2",4,"3","5","3","3","4","3",8,0
1146,876,"16/02/1988, 00.00.00","2",196,251,"A",,,"3","2","2","2",6,"2","5","2","2","3","2",10,0
1147,877,"02/03/1988, 00.00.00","1",,245,"A",,,"2","3","2","2",3,"3","5","4","4","4","4",8,0
1148,878,"02/03/1988, 00.00.00","2",208,250,"A",,,"2","2","2","1",3,"2","5","5","5","5","5",4,0
1149,879,"30/03/1988, 00.00.00","2",208,257,"M",,,,,,,1,"4","2","1","1","1","0",,0
1150,880,"11/04/1988, 00.00.00","2",227,245,"A",,,"2","3","2","2",2,"3","5","5","5","5","6",5,3
1151,881,"11/04/1988, 00.00.00","2",224,250,"A",,,"2","3","2","2",2,"3","5","5","5","5","4",5,0
1152,882,"11/04/1988, 00.00.00","1",197,246,"A",,,,,,,,,"2","1","1","1","0",,0
1153,849,"11/04/1988, 00.00.00","3",300,253,"A",,,,,,,,,,,,,,,
1154,863,"12/04/1988, 00.00.00","2",204,253,"A",,,"2","2","1","1",5,"4","5","5","5","5","4",6,0
1155,883,"12/04/1988, 00.00.00","2",204,237,"A",,,,,,,0,"4","2","1","1","1",,,0
1156,884,"13/04/1988, 00.00.00","1",208,248,"A",,,"2","2","1","1",2,"1","5","5","5","5","5",7,0
1157,885,"14/04/1988, 00.00.00","2",174,229,"M",,,,,,,,,"2","1","1","1",,,
1158,886,"14/04/1988, 00.00.00","1",180,237,"M",,,"5","4","2","2",4,"3","4","1","1","2","2",7,
1159,759,"15/04/1988, 00.00.00","2",234,248,"M",,,,,,,1,"4","5","4","4","5","3",7,
1160,887,"15/04/1988, 00.00.00","2",182,240,"M",,,"2","2","2","2",4,"3","5","3","2","4","4",7,
1161,864,"19/04/1988, 00.00.00","1",178,236,"M",,,"2","2","2","1",5,"3","5","2","2","2","4",7,
1162,888,"20/04/1988, 00.00.00","2",271,246,"M",,,,,,,0,"4","5","1","1","2","3",7,
1163,889,"20/04/1988, 00.00.00","2",225,244,"M",,,,,,,0,"4","1","1","1","1","H",,
1164,928,"21/04/1988, 00.00.00","3",218,238,"A",,,,,,,2,"4","2","1","1","1",,,
1165,890,"25/04/1988, 00.00.00","1",203,245,"A",,,"2","2","1","1",4,"1","5","5","5","5","4",6,
1166,891,"25/04/1988, 00.00.00","2",194,245,"A",,,,,,,1,"4","2","1","1","1","0",,
1167,892,"28/04/1988, 00.00.00","2",244,256,"A",,,,,,,0,"4","5","1","1","4","5",5,
1168,862,"28/04/1988, 00.00.00","1",200,237,"A",,,"2","4","2","1",,,,,,,,,
1169,845,"28/04/1988, 00.00.00","1",240,247,"A",,,,,,,1,"4","5","3","3","3","4",8,
1170,929,"28/04/1988, 00.00.00","2",206,246,"A",,,,,,,2,"4","1","1","1","1",,,
1171,893,"03/05/1988, 00.00.00","2",266,253,"M",,,"4","3","2","2",2,"3","5","2","2","5","5",6,
1172,825,"03/05/1988, 00.00.00","2",184,247,"M",,,,,,,0,"4","2","1","1","1",,,
1173,894,"05/05/1988, 00.00.00","2",268,251,"A",0,0,"3","2","2","1",3,"3","5","5","5","5","6",5,
1174,895,"05/05/1988, 00.00.00","3",298,262,"A",0,0,"5","4","4","4",2,"3","5","3","2","2","5",4,
1175,896,"06/05/1988, 00.00.00","2",270,253,"M",0,0,"5","4","4","4",5,"3","5","5","5","5","5",6,
1176,897,"10/05/1988, 00.00.00","3",274,256,"M",0,0,,,,,1,"4","5","2","2","3","5",6,
1177,898,"10/05/1988, 00.00.00","2",290,255,"M",0,0,"2","4","2","2",3,"3","5","4","4","4","5",6,
1178,899,"13/05/1988, 00.00.00","1",267,257,"A",0,0,"3","5","5","5",3,"3",,,,"5","5",7,
1179,585,"13/05/1988, 00.00.00","2",198,236,"A",0,0,,,,,2,"4","2","1","1","1",,,
1180,826,"16/05/1988, 00.00.00","3",211,250,"M",0,0,,,,,2,"4","1","1","1","1",,,
1181,900,"16/05/1988, 00.00.00","1",253,249,"M",0,0,"5","4","4","4",3,"3","5","3","3","3","3",7,
1182,901,"16/05/1988, 00.00.00","1",264,246,"M",1,0,"1","2","1","1",3,"1","5","5","5","5","5",6,
1183,902,"19/05/1988, 00.00.00","3",292,248,"A",0,0,,,,,0,"4","5","3","3","4","4",7,
1184,903,"23/05/1988, 00.00.00","1",225,253,"M",1,0,"3","3","3","3",4,"2","5","5","5","5","4",6,
1185,904,"23/05/1988, 00.00.00","2",282,251,"M",0,0,"3","3","3","3",3,"3","5","5","5","5","5",6,
1186,905,"24/05/1988, 00.00.00","1",200,240,"M",2,0,"5","4","5","5",4,"4","3","1","1","1","H",,
1187,906,"25/05/1988, 00.00.00","2",259,258,"A",1,0,"3","2","2","2",3,"3","5","5","5","5","5",5,
1188,907,"25/05/1988, 00.00.00","2",191,241,"A",0,0,"2","2","2","2",4,"2","5","5","5","5","3",6,
1189,908,"27/05/1988, 00.00.00","2",278,256,"A",2,0,"2","2","1","1",3,"2","5","5","5","5","8",4,
1190,870,"27/05/1988, 00.00.00","3",280,242,"A",0,0,"2","2","2","1",4,"2","5","5","5","5",,,
1191,909,"01/06/1988, 00.00.00","2",262,246,"A",4,0,"4","3","1","1",4,"2","5","5","5","5","4",6,
1192,910,"01/06/1988, 00.00.00","1",238,259,"A",3,0,"2","3","2","2",3,"2","5","5","5","5","4",5,
1193,678,"06/06/1988, 00.00.00","3",283,238,"A",0,0,,,,,0,"4","5","3","3","3","4",6,
1194,911,"16/06/1988, 00.00.00","3",268,246,"A",1,0,"2","4","3","3",3,"2","5","5","5","5","4",7,
1196,858,"06/10/1988, 00.00.00","1",192,244,"A",,,"1","1","1","1",5,"1","5","5","5","5","2",7,
1197,859,"10/10/1988, 00.00.00","2",215,245,"A",,,"1","2","2","1",3,"2","5","5","5","5","2",6,
1198,860,"10/10/1988, 00.00.00","1",172,237,"A",,,,,,,0,"4","3","1","1","1","H",,
1199,912,"02/05/1989, 00.00.00","4",370,257,"M",0,0,,,,,0,"4","5","2","2","4",,,
1200,913,"03/05/1989, 00.00.00","3",290,258,"M",,,,,,,0,"4","4","1","1","4",,,
1201,914,"03/05/1989, 00.00.00","2",229,247,"M",,,,,,,4,"3","5","5","5","5",,,
1202,901,"03/05/1989, 00.00.00","3",280,253,"M",0,0,,,,,,,"5","3","3","5",,,
1203,915,"08/05/1989, 00.00.00","3",284,255,"M",0,0,,,"3","3",3,"2","5","3","3","3","H",,
1204,916,"09/05/1988, 00.00.00","3",262,250,"M",,,,,,,1,"4","5","2","2","2",,,
1205,917,"13/05/1989, 00.00.00","2",223,255,"A",,,,,,,5,"1","5","5","5","5",,,
1206,918,"13/05/1989, 00.00.00","2",216,246,"A",,,"5","2","2","2",4,"3","3","1","1","3","2",10,
1207,909,"15/05/1989, 00.00.00","3",283,258,"A",0,0,,,,,0,"4","5","2","2","3","3",5,
1208,919,"17/05/1989, 00.00.00","2",250,243,"A",0,0,,,,,3,"1","5","4","4","5","3",8,
1209,920,"18/05/1989, 00.00.00","2",230,251,"M",0,0,"1","2","1","1",3,"1","5","5","5","5","5",6,
1210,921,"19/05/1989, 00.00.00","2",256,246,"A",0,0,,,,,0,"4","5","2","2","5","4",6,
1211,892,"31/05/1989, 00.00.00","1",342,252,"A",0,0,,,,,,,,,,,,,
1212,922,"31/05/1989, 00.00.00","2",246,265,"A",1,0,,,,,0,"4",,,,,,,
1213,861,"28/06/1989, 00.00.00","1",260,256,"A",13,0,,,,,4,"3","5","5","5","5","4",8,
