"KestrelID","MarkedBird","RingLetters","RingNo","Sex","AgeStatus","HatchYear"
1,1,,11110,"M","2",1982
2,1,,11112,"M","1",
3,1,,11113,"M","2",1978
4,1,,11114,"F","2",1978
5,1,,11115,"F","2",1978
6,1,,11116,"F","2",1980
7,1,,11117,"M","2",1980
8,1,,11118,"M","1",
9,1,,11119,"F","2",1980
10,1,,11222,"F","2",1982
11,1,,19800,"F","2",1979
12,1,,19801,"M","2",1979
13,1,,19802,"M","1",
14,1,,19803,"F","2",1979
15,1,,19804,"M","1",
16,1,,19805,"M","1",
17,1,,19806,"M","2",1979
18,1,,19807,"M","1",
19,1,,19808,"M","1",
20,1,,19809,"F","1",
21,1,,23154,"F","1",
22,1,,29044,"F","2",1987
23,1,,44441,"F","2",1980
24,1,,44442,"F","2",1980
25,1,,44443,"M","2",1980
26,1,,44444,"F","2",1980
27,1,,44445,"M","2",1980
28,1,,80011,"M","2",1980
29,1,,80014,"M","2",1980
30,1,,81001,"M","1",
31,1,,81002,"M","1",
32,1,,81003,"M","2",1980
33,1,,81011,,"2",1981
34,1,,81012,,"1",
35,1,,82001,"M","2",1981
36,1,,82002,"M","2",1981
37,1,,82003,,"2",1981
38,1,,83001,,"2",1982
39,1,,83002,,"2",1982
40,1,,83003,"M","2",1982
41,1,,83004,,"2",1982
42,1,,83011,"M","2",1982
43,1,,83012,"M","2",1982
44,1,,84001,,"2",1983
45,1,,84002,,"2",1983
46,1,,85001,"M","1",
47,1,,85002,"M","1",
48,1,,85003,"M","2",1985
49,1,,85004,"M","2",1985
50,1,,90693,"F","2",1987
51,1,,99990,"M","1",
52,1,,99991,"F","1",
53,1,,99992,"F","1",
54,1,,99993,"M","2",1977
55,1,,99994,"M","1",
56,1,,99995,,"2",1978
57,1,,99996,,"2",1978
58,1,,99997,,"2",1978
59,1,,99998,,"2",1978
60,1,"EB",1629,"F","1",
61,1,"EB",1648,"M","1",
62,1,"EB",1649,"M","2",1973
63,1,"EB",1650,"M","2",1973
64,1,"EB",68424,"F","2",1977
65,1,"EB",8508,"M","2",1977
66,1,"EB",8514,"F","2",1976
67,1,"EB",8584,"F","2",1977
68,1,"EB",8585,"M","2",1977
69,1,"EB",8754,,"2",1977
70,1,"EB",88310,,"2",1976
71,1,"EB",88311,"M","2",1975
72,1,"EB",88312,"M","2",1975
73,1,"EB",88313,,"2",1976
74,1,"EB",88314,"M","1",
75,1,"EB",88318,"F","2",1975
76,1,"EB",88319,"F","2",1976
77,1,"EB",88322,,"2",1976
78,1,"EB",88325,"M","1",
79,1,"EB",88329,"M","1",
80,1,"EB",88332,"M","1",
81,1,"EB",88336,"M","2",1975
82,1,"EB",88337,,"2",1976
83,1,"EB",88339,"M","1",
84,1,"EB",88400,"M","2",1976
85,1,"EB",88406,"F","2",1976
86,1,"EB",88407,"F","2",1976
87,1,"EB",88410,"F","1",
88,1,"EB",88413,"M","2",1977
89,1,"EB",88415,"M","2",1977
90,1,"EB",88423,"M","1",
91,1,"EB",88426,"M","2",1977
92,1,"EB",88427,"M","2",1977
93,1,"EB",88433,"F","2",1977
94,1,"EB",88434,"F","2",1977
95,1,"EB",88435,"M","1",
96,1,"EB",88436,"M","2",1977
97,1,"EB",88437,"F","2",1977
98,1,"EB",88438,"F","1",
99,1,"EB",88439,"M","2",1977
100,1,"EB",88440,"F","2",1977
101,1,"EB",88441,"F","2",1977
102,1,"EB",88442,"M","2",1977
103,1,"EB",88443,"F","2",1977
104,1,"EB",88444,"M","1",
105,1,"EB",88445,"M","1",
106,1,"EB",88447,"F","2",1977
107,1,"EB",88448,"M","1",
108,1,"EB",88449,"M","1",
109,1,"EB",88450,"M","2",1977
110,1,"EB",88451,"M","2",1977
111,1,"EB",88452,"M","1",
112,1,"EB",88454,"F","1",
113,1,"EB",88455,"F","1",
114,1,"EB",88456,"F","1",
115,1,"EB",88457,"F","1",
116,1,"EB",88458,"F","2",1977
117,1,"EB",88459,"F","2",1977
118,1,"EB",88460,"F","1",
119,1,"EB",88462,"M","2",1977
120,1,"EB",88463,"F","2",1977
121,1,"EB",88464,"F","2",1977
122,1,"EB",88465,"F","2",1977
123,1,"EB",88466,"M","2",1977
124,1,"EB",88467,"F","2",1977
125,1,"EB",88468,"M","2",1977
126,1,"EB",88469,"F","2",1977
127,1,"EB",88470,"F","1",
128,1,"EB",88471,"F","2",1977
129,1,"EB",88472,"F","2",1977
130,1,"EB",88473,"F","2",1977
131,1,"EB",88474,"F","2",1977
132,1,"EB",88475,"M","1",
133,1,"EB",88476,"M","1",
134,1,"EB",88477,"M","1",
135,1,"EB",88484,"F","2",1978
136,1,"EB",88489,"F","2",1978
137,1,"EB",88490,"M","1",
138,1,"EB",88491,"F","2",1977
139,1,"EB",88492,"F","2",1977
140,1,"EB",88493,"M","1",
141,1,"EB",95990,"M","2",1981
142,1,"ED",58305,"M","1",
143,1,"EF",1650,"M","2",1973
144,1,"EF",32893,"F","1",
145,1,"EF",67324,"F","1",
146,1,"EF",90318,,"2",1975
147,1,"EF",90319,,"2",1975
148,1,"EF",90321,,"2",1975
149,1,"EF",90322,"M","1",
150,1,"EF",90324,,"2",1975
151,1,"EF",90325,,"2",1975
152,1,"EF",90327,,"2",1975
153,1,"EF",90328,,"2",1975
154,1,"EF",90329,,"2",1975
155,1,"EF",90330,,"2",1975
156,1,"EF",90332,,"2",1975
157,1,"EF",90334,,"2",1975
158,1,"EF",90335,"M","2",1975
159,1,"EF",90336,,"2",1975
160,1,"EF",90337,,"2",1975
161,1,"EF",90364,"F","1",
162,1,"EF",90365,"M","1",
163,1,"EF",90366,,"2",1974
164,1,"EF",90367,,"2",1974
165,1,"EF",90368,,"2",1974
166,1,"EF",90371,,"2",1974
167,1,"EF",90372,,"2",1974
168,1,"EF",90373,,"2",1974
169,1,"EF",90374,,"2",1974
170,1,"EF",90375,"M","2",1974
171,1,"EF",90376,,"2",1974
172,1,"EF",90377,,"2",1974
173,1,"EF",90378,"M","2",1974
174,1,"EF",90379,,"2",1974
175,1,"EF",90381,,"2",1974
176,1,"EF",90382,"M","2",1974
177,1,"EF",90385,,"2",1974
178,1,"EF",90387,"M","1",
179,1,"EF",90401,"M","2",1975
180,1,"EF",90402,"M","2",1973
181,1,"EF",90403,"F","2",1975
182,1,"EF",90404,"M","1",
183,1,"EF",90405,"M","1",
184,1,"EF",90406,"F","2",1975
185,1,"EF",90407,"M","2",1975
186,1,"EF",90408,"F","1",
187,1,"EF",90409,"M","2",1975
188,1,"EF",90410,"F","1",
189,1,"EF",90411,"M","2",1975
190,1,"EF",90412,"M","2",1975
191,1,"EF",90413,"F","2",1975
192,1,"EF",90414,"F","2",1975
193,1,"EF",90415,"F","2",1975
194,1,"EF",90416,"F","1",
195,1,"EF",90417,"M","1",
196,1,"EF",90418,"M","1",
197,1,"EF",90421,"M","1",
198,1,"EF",90425,"F","2",1974
199,1,"EF",90427,"F","1",
200,1,"EF",90428,"M","2",1975
201,1,"EF",90429,"M","1",
202,1,"EF",90430,"F","1",
203,1,"EF",90431,"M","1",
204,1,"EF",90432,"M","2",1975
205,1,"EF",90433,"M","1",
206,1,"EF",90434,"M","2",1975
207,1,"EF",90435,"M","2",1974
208,1,"EF",90436,"F","2",1975
209,1,"EF",90437,"M","2",1975
210,1,"EF",90438,"F","1",
211,1,"EF",90441,"F","2",1975
212,1,"EF",90442,"M","1",
213,1,"EF",90464,"F","2",1975
214,1,"EF",90465,"M","1",
215,1,"EF",90466,"F","2",1976
216,1,"EF",90467,"M","1",
217,1,"EF",90468,"F","1",
218,1,"EF",90470,"M","1",
219,1,"EF",90601,"M","1",
220,1,"EF",90602,"M","1",
221,1,"EF",90604,"M","2",1975
222,1,"EF",90606,"F","1",
223,1,"EF",90607,"M","1",
224,1,"EF",90608,"M","2",1974
225,1,"EF",90609,"M","1",
226,1,"EF",90610,"M","1",
227,1,"EF",90611,"M","2",1976
228,1,"EF",90612,"F","1",
229,1,"EF",90613,"F","2",1976
230,1,"EF",90615,"M","1",
231,1,"EF",90616,"M","1",
232,1,"EF",90618,"F","2",1976
233,1,"EF",90619,"F","2",1976
234,1,"EF",90620,"F","2",1976
235,1,"EF",90621,"M","1",
236,1,"EF",90623,"M","2",1976
237,1,"EF",90624,"F","2",1976
238,1,"EF",90625,"M","1",
239,1,"EF",90626,"F","1",
240,1,"EF",90627,"F","2",1974
241,1,"EF",90628,"F","1",
242,1,"EF",90629,"F","2",1976
243,1,"EF",90630,"M","1",
244,1,"EF",90631,"F","1",
245,1,"EF",90632,"F","1",
246,1,"EF",90633,"F","1",
247,1,"EF",90634,"F","1",
248,1,"EF",90635,"F","1",
249,1,"EF",90636,"F","1",
250,1,"EF",90637,"F","1",
251,1,"EF",90638,"F","1",
252,1,"EF",90639,"F","1",
253,1,"EF",90640,"M","1",
254,1,"EF",90641,"M","1",
255,1,"EF",90642,"F","1",
256,1,"EF",90643,"F","1",
257,1,"EF",90644,"F","2",1976
258,1,"EF",90645,"F","1",
259,1,"EF",90646,"F","2",1976
260,1,"EF",90647,"M","2",1977
261,1,"EF",90648,"M","1",
262,1,"EF",90649,"M","1",
263,1,"EF",90650,"M","2",1977
264,1,"EF",90651,"F","2",1977
265,1,"EF",90658,"M","1",
266,1,"EF",90659,"F","1",
267,1,"EF",90664,"M","2",1977
268,1,"EF",90665,"M","2",1977
269,1,"EF",90670,"M","1",
270,1,"EF",90676,"M","2",1977
271,1,"EF",90677,"M","1",
272,1,"EF",90679,"M","2",1977
273,1,"EF",90680,"M","2",1977
274,1,"EF",90684,"F","1",
275,1,"EF",90688,"M","1",
276,1,"EF",90689,"F","2",1976
277,1,"EF",90691,"M","2",1977
278,1,"EH",20561,"M","2",1976
279,1,"EH",20562,,"2",1977
280,1,"EH",20563,,"2",1977
281,1,"EH",20653,"M","2",1977
282,1,"EH",20654,"M","2",1976
283,1,"EH",20655,,"2",1977
284,1,"EH",20657,"M","1",
285,1,"EH",20658,,"2",1977
286,1,"EH",20659,,"2",1977
287,1,"EH",20660,,"2",1977
288,1,"EH",20666,,"2",1977
289,1,"EH",20670,"M","2",1977
290,1,"EH",20672,"M","2",1977
291,1,"EH",20673,,"2",1977
292,1,"EH",20674,"M","2",1977
293,1,"EH",20675,,"2",1977
294,1,"EH",20677,,"2",1977
295,1,"EH",20678,,"2",1977
296,1,"EH",20680,,"2",1977
297,1,"EH",20681,,"2",1977
298,1,"EH",20682,"M","1",
299,1,"EH",20683,"M","2",1977
300,1,"EH",20684,"M","1",
301,1,"EH",31318,"F","2",1978
302,1,"EH",31320,"M","2",1978
303,1,"EH",31325,"F","2",1978
304,1,"EH",31328,"M","2",1978
305,1,"EH",31334,"F","2",1978
306,1,"EH",31336,"M","2",1979
307,1,"EH",31350,"M","2",1977
308,1,"EH",31351,"F","2",1977
309,1,"EH",31382,"M","2",1978
310,1,"EH",31388,"F","2",1977
311,1,"EH",31393,"M","2",1977
312,1,"EH",31394,"F","2",1977
313,1,"EH",41234,"F","2",1980
314,1,"EH",42402,"F","2",1982
315,1,"EH",46387,"F","2",1980
316,1,"EH",46388,"M","2",1980
317,1,"EH",46397,"M","2",1981
318,1,"EH",51203,"M","2",1977
319,1,"EH",51208,"M","2",1978
320,1,"EH",51211,"M","2",1978
321,1,"EH",51221,"M","2",1977
322,1,"EH",51229,"M","2",1977
323,1,"EH",51246,"F","1",
324,1,"EH",51247,"F","2",1978
325,1,"EH",51248,"F","1",
326,1,"EH",51249,"F","2",1978
327,1,"EH",51250,"F","2",1978
328,1,"EH",51251,"F","2",1978
329,1,"EH",51252,"F","1",
330,1,"EH",51253,"M","2",1978
331,1,"EH",51254,"F","2",1978
332,1,"EH",51255,"M","2",1978
333,1,"EH",51256,"F","2",1978
334,1,"EH",51257,"F","2",1978
335,1,"EH",51258,"F","2",1978
336,1,"EH",51259,"F","2",1978
337,1,"EH",51260,"F","1",
338,1,"EH",51261,"F","1",
339,1,"EH",51262,"F","2",1978
340,1,"EH",51277,"F","1",
341,1,"EH",51278,"M","1",
342,1,"EH",51279,"F","2",1978
343,1,"EH",51280,"M","1",
344,1,"EH",51297,,"2",1979
345,1,"EH",51386,"F","1",
346,1,"EH",51387,"F","1",
347,1,"EH",51388,,"2",1979
348,1,"EH",51389,"M","1",
349,1,"EH",51390,,"2",1979
350,1,"EH",51391,"M","2",1979
351,1,"EH",51392,"M","1",
352,1,"EH",69536,"F","2",1978
353,1,"EH",69537,"F","2",1978
354,1,"EH",69543,"M","1",
355,1,"EH",69554,"F","1",
356,1,"EH",69559,"F","1",
357,1,"EH",69585,"M","2",1978
358,1,"EH",69586,,"2",1979
359,1,"EH",69593,"F","1",
360,1,"EH",69594,"F","2",1979
361,1,"EH",69602,"M","1",
362,1,"EH",69603,"M","1",
363,1,"EH",69604,"M","1",
364,1,"EH",69605,"F","1",
365,1,"EH",69606,"M","2",1980
366,1,"EH",69608,"F","1",
367,1,"EH",69609,"M","1",
368,1,"EH",69610,"F","2",1980
369,1,"EH",69611,"M","2",1980
370,1,"EH",69612,"F","1",
371,1,"EH",69613,"M","1",
372,1,"EH",69614,"F","2",1980
373,1,"EH",69615,"F","1",
374,1,"EH",69616,"F","1",
375,1,"EH",69617,"M","1",
376,1,"EH",69618,"M","2",1980
377,1,"EH",69619,"F","2",1980
378,1,"EH",69620,"F","1",
379,1,"EH",69621,"M","1",
380,1,"EH",69622,"F","2",1980
381,1,"EH",69623,"M","2",1980
382,1,"EH",69624,"F","1",
383,1,"EH",69625,"F","2",1980
384,1,"EH",69626,"M","1",
385,1,"EH",69627,"F","1",
386,1,"EH",69628,"M","1",
387,1,"EH",69629,"F","1",
388,1,"EH",69630,"F","2",1980
389,1,"EH",69631,"M","2",1980
390,1,"EH",69632,"M","2",1980
391,1,"EH",69633,"F","1",
392,1,"EH",69634,"F","2",1980
393,1,"EH",69635,"F","1",
394,1,"EH",69636,"F","1",
395,1,"EH",69637,"F","1",
396,1,"EH",69638,"F","1",
397,1,"EH",69639,"F","2",1980
398,1,"EH",69640,"F","2",1980
399,1,"EH",69641,"M","2",1980
400,1,"EH",69642,"F","2",1980
401,1,"EH",69643,"F","1",
402,1,"EH",69644,"F","2",1980
403,1,"EH",69645,"F","1",
404,1,"EH",69646,"M","1",
405,1,"EH",69647,"M","2",1980
406,1,"EH",69655,"F","1",
407,1,"EH",69737,"M","2",1980
408,1,"EH",69739,"F","2",1980
409,1,"EH",69740,"M","2",1980
410,1,"EH",69741,"M","2",1980
411,1,"EH",69742,"M","2",1980
412,1,"EH",69743,"M","2",1980
413,1,"EH",69744,"M","1",
414,1,"EH",69745,"F","1",
415,1,"EH",69746,"M","1",
416,1,"EH",69747,"M","2",1980
417,1,"EH",69748,"M","1",
418,1,"EH",69749,"F","1",
419,1,"EH",69750,"M","1",
420,1,"EH",69753,"F","2",1980
421,1,"EH",69754,"F","1",
422,1,"EH",69755,"F","1",
423,1,"EH",69756,"F","2",1980
424,1,"EH",69770,"M","2",1981
425,1,"EH",69777,"M","1",
426,1,"EH",69778,"F","1",
427,1,"EH",69779,"F","1",
428,1,"EH",69784,"M","2",1980
429,1,"EH",69789,"M","1",
430,1,"EH",69796,"M","1",
431,1,"EH",69909,"M","1",
432,1,"EH",69910,"M","2",1979
433,1,"EH",69912,"M","1",
434,1,"EH",69913,"M","2",1979
435,1,"EH",69914,"M","1",
436,1,"EH",69943,"M","2",1980
437,1,"EH",69944,"M","2",1980
438,1,"EH",69945,"F","2",1980
439,1,"EH",69947,"M","2",1980
440,1,"EH",69949,"M","2",1980
441,1,"EH",69951,"M","1",
442,1,"EH",69953,"M","2",1980
443,1,"EH",69955,"F","2",1980
444,1,"EH",69956,"M","2",1980
445,1,"EH",69957,"M","2",1980
446,1,"EH",69959,"F","1",
447,1,"EH",69960,"M","2",1980
448,1,"EH",69961,"F","1",
449,1,"EH",69962,"M","2",1980
450,1,"EH",69963,"M","2",1980
451,1,"EH",69964,"M","2",1980
452,1,"EH",69971,"M","2",1980
453,1,"EH",69972,"M","2",1980
454,1,"EH",69974,"M","1",
455,1,"EH",7908,"M","2",1980
456,1,"EH",83733,"M","2",1980
457,1,"EH",83735,"M","2",1980
458,1,"EH",84511,"F","2",1981
459,1,"EH",84514,"F","2",1981
460,1,"EH",84520,"M","2",1981
461,1,"EH",84522,"M","2",1981
462,1,"EH",84563,"M","2",1982
463,1,"EH",84566,"M","2",1982
464,1,"EH",84570,"M","2",1982
465,1,"EH",84571,"M","2",1982
466,1,"EH",84585,"M","1",
467,1,"EH",84604,"M","2",1980
468,1,"EH",84613,"F","2",1980
469,1,"EH",84629,"F","2",1981
470,1,"EH",84630,"F","1",
471,1,"EH",84631,"M","2",1981
472,1,"EH",84632,"M","2",1981
473,1,"EH",84633,"M","1",
474,1,"EH",84634,"F","1",
475,1,"EH",84635,"M","1",
476,1,"EH",84636,"F","2",1981
477,1,"EH",84637,"M","2",1981
478,1,"EH",84638,"F","2",1981
479,1,"EH",84639,"M","1",
480,1,"EH",84640,"M","1",
481,1,"EH",84642,"M","2",1981
482,1,"EH",84644,"M","2",1981
483,1,"EH",84645,"M","1",
484,1,"EH",84646,"F","1",
485,1,"EH",84647,"M","2",1981
486,1,"EH",84648,"M","1",
487,1,"EH",84649,"M","2",1981
488,1,"EH",84650,"F","1",
489,1,"EH",84651,"M","1",
490,1,"EH",84652,"M","2",1981
491,1,"EH",84653,"M","1",
492,1,"EH",84654,"F","1",
493,1,"EH",84655,"F","1",
494,1,"EH",84656,"F","1",
495,1,"EH",84657,"F","1",
496,1,"EH",84658,"F","2",1981
497,1,"EH",84659,"F","1",
498,1,"EH",84660,"F","2",1981
499,1,"EH",84661,"M","2",1981
500,1,"EH",84662,"F","2",1981
501,1,"EH",84663,"M","1",
502,1,"EH",84664,"F","2",1981
503,1,"EH",84665,"F","1",
504,1,"EH",84682,"M","1",
505,1,"EH",84684,"M","2",1982
506,1,"EH",84686,"M","1",
507,1,"EH",84687,"M","1",
508,1,"EH",84688,"M","1",
509,1,"EH",84689,"F","1",
510,1,"EH",84694,"M","1",
511,1,"EH",84712,"F","1",
512,1,"EH",84713,"M","2",1982
513,1,"EH",84715,"F","2",1982
514,1,"EH",84730,"F","2",1982
515,1,"EH",84734,"F","2",1982
516,1,"EH",84735,"M","2",1982
517,1,"EH",84736,"F","1",
518,1,"EH",84737,"M","1",
519,1,"EH",84738,"M","1",
520,1,"EH",84739,"M","1",
521,1,"EH",84740,"F","2",1982
522,1,"EH",84742,,"2",1982
523,1,"EH",84743,"M","2",1982
524,1,"EH",84744,"M","1",
525,1,"EH",84745,,"2",1982
526,1,"EH",84746,"M","2",1982
527,1,"EH",84747,"F","2",1981
528,1,"EH",84748,"F","1",
529,1,"EH",84749,"F","1",
530,1,"EH",84750,"F","2",1982
531,1,"EH",84751,"M","2",1982
532,1,"EH",84752,"M","1",
533,1,"EH",84753,"F","2",1982
534,1,"EH",84754,"F","1",
535,1,"EH",84755,"M","1",
536,1,"EH",84756,"F","2",1982
537,1,"EH",84757,"M","2",1982
538,1,"EH",84758,"F","2",1982
539,1,"EH",84759,"M","1",
540,1,"EH",84760,"F","1",
541,1,"EH",84762,"M","2",1982
542,1,"EH",84763,"M","2",1982
543,1,"EH",84764,"M","1",
544,1,"EH",84765,"F","1",
545,1,"EH",84767,"F","1",
546,1,"EH",84768,"F","2",1982
547,1,"EH",84769,"M","1",
548,1,"EH",84770,"M","1",
549,1,"EH",84771,"M","1",
550,1,"EH",84772,"M","1",
551,1,"EH",84773,"M","1",
552,1,"EH",84774,"M","1",
553,1,"EH",84775,"M","1",
554,1,"EH",84776,"M","1",
555,1,"EH",84777,"M","1",
556,1,"EH",84778,"M","1",
557,1,"EH",84779,"M","1",
558,1,"EH",84780,"M","1",
559,1,"EH",84781,"M","2",1982
560,1,"EH",84782,"F","1",
561,1,"EH",84783,"F","2",1982
562,1,"EH",84784,"F","1",
563,1,"EH",84785,"F","1",
564,1,"EH",84786,"F","1",
565,1,"EH",84787,"F","1",
566,1,"EH",84788,"F","1",
567,1,"EH",84789,"F","1",
568,1,"EH",84790,"F","2",1982
569,1,"EH",84791,"F","1",
570,1,"EH",84792,"M","2",1982
571,1,"EH",84793,"F","1",
572,1,"EH",84794,"F","2",1982
573,1,"EH",84795,"M","1",
574,1,"EK",23101,"M","1",
575,1,"EK",23102,"M","2",1982
576,1,"EK",23118,"M","2",1982
577,1,"EK",23123,"M","2",1982
578,1,"EK",23140,"F","2",1983
579,1,"EK",23148,"M","2",1983
580,1,"EK",23150,"F","2",1983
581,1,"EK",23157,"M","2",1983
582,1,"EK",23162,"M","2",1983
583,1,"EK",23171,"M","2",1983
584,1,"EK",23185,"M","2",1983
585,1,"EK",23191,"M","2",1983
586,1,"EK",23192,"F","2",1983
587,1,"EK",23193,"M","2",1983
588,1,"EK",23198,,"2",1983
589,1,"EK",23199,"M","2",1983
590,1,"EK",23200,"F","2",1983
591,1,"EK",23201,,"2",1983
592,1,"EK",23202,"M","2",1982
593,1,"EK",23204,,"2",1983
594,1,"EK",23205,"F","1",
595,1,"EK",23206,"M","1",
596,1,"EK",23208,"M","2",1983
597,1,"EK",23209,"M","2",1983
598,1,"EK",23211,"F","1",
599,1,"EK",23212,"M","2",1983
600,1,"EK",23213,"M","1",
601,1,"EK",23215,"M","2",1983
602,1,"EK",23216,"F","2",1983
603,1,"EK",23217,"M","2",1983
604,1,"EK",23218,"M","2",1983
605,1,"EK",23220,"F","2",1983
606,1,"EK",23221,"M","2",1983
607,1,"EK",23222,"M","2",1983
608,1,"EK",23223,"F","2",1983
609,1,"EK",23224,"M","1",
610,1,"EK",23225,"F","2",1983
611,1,"EK",23226,"F","1",
612,1,"EK",23227,"M","1",
613,1,"EK",23228,"F","2",1983
614,1,"EK",23229,"F","2",1983
615,1,"EK",23230,"M","1",
616,1,"EK",23231,"M","2",1983
617,1,"EK",23232,"F","2",1983
618,1,"EK",23233,"F","2",1983
619,1,"EK",23234,"M","1",
620,1,"EK",23235,"M","1",
621,1,"EK",23236,"F","2",1983
622,1,"EK",23237,"M","1",
623,1,"EK",23238,"M","2",1983
624,1,"EK",23239,"M","2",1983
625,1,"EK",23240,"M","1",
626,1,"EK",23241,"M","2",1983
627,1,"EK",23242,"F","1",
628,1,"EK",23243,"M","1",
629,1,"EK",23244,"M","1",
630,1,"EK",23246,"M","1",
631,1,"EK",23247,"M","2",1983
632,1,"EK",23248,"F","2",1983
633,1,"EK",23249,"M","1",
634,1,"EK",23250,"M","1",
635,1,"EK",23251,"M","2",1983
636,1,"EK",23252,"F","1",
637,1,"EK",23253,"F","2",1983
638,1,"EK",23254,"M","2",1983
639,1,"EK",23255,"F","1",
640,1,"EK",23256,"F","1",
641,1,"EK",23257,"M","2",1983
642,1,"EK",23258,"F","1",
643,1,"EK",23259,"M","1",
644,1,"EK",23260,"M","1",
645,1,"EK",23261,"F","1",
646,1,"EK",23262,"F","1",
647,1,"EK",23263,"F","1",
648,1,"EK",23264,"F","1",
649,1,"EK",23265,"F","2",1983
650,1,"EK",23266,"F","1",
651,1,"EK",23267,"F","2",1983
652,1,"EK",23268,"F","1",
653,1,"EK",23269,"F","1",
654,1,"EK",23270,"F","1",
655,1,"EK",23271,"M","1",
656,1,"EK",23272,"F","1",
657,1,"EK",23273,"F","2",1983
658,1,"EK",23274,"F","1",
659,1,"EK",23275,"M","2",1984
660,1,"EK",23282,"M","1",
661,1,"EK",23283,"F","2",1983
662,1,"EK",23284,"F","2",1983
663,1,"EK",23285,"F","1",
664,1,"EK",23286,"F","1",
665,1,"EK",23287,"F","2",1983
666,1,"EK",23288,"F","1",
667,1,"EK",23289,"F","2",1983
668,1,"EK",23312,"M","1",
669,1,"EK",23314,"M","2",1983
670,1,"EK",23317,"F","2",1984
671,1,"EK",23319,"F","2",1984
672,1,"EK",23320,"M","1",
673,1,"EK",23327,"M","1",
674,1,"EK",23362,"F","1",
675,1,"EK",23371,"M","1",
676,1,"EK",23405,"M","2",1984
677,1,"EK",23414,"M","1",
678,1,"EK",23428,"F","1",
679,1,"EK",23430,"M","2",1984
680,1,"EK",23442,"F","2",1984
681,1,"EK",23443,"M","2",1984
682,1,"EK",23447,"M","2",1983
683,1,"EK",23456,"M","2",1984
684,1,"EK",23499,"M","2",1983
685,1,"EK",23500,"F","1",
686,1,"EN",27259,"M","2",1984
687,1,"EN",28701,"F","2",1983
688,1,"EN",28702,"F","2",1983
689,1,"EN",28703,"M","2",1984
690,1,"EN",28704,"M","2",1984
691,1,"EN",28705,"F","1",
692,1,"EN",28706,,"2",1984
693,1,"EN",28707,"F","2",1984
694,1,"EN",28708,,"2",1984
695,1,"EN",28709,"M","2",1984
696,1,"EN",28710,,"2",1984
697,1,"EN",28711,"M","1",
698,1,"EN",28712,"F","1",
699,1,"EN",28713,"F","2",1984
700,1,"EN",28714,,"2",1984
701,1,"EN",28715,"F","2",1984
702,1,"EN",28716,"M","2",1984
703,1,"EN",28717,"M","1",
704,1,"EN",28718,"F","2",1984
705,1,"EN",28719,"M","2",1984
706,1,"EN",28720,"F","2",1984
707,1,"EN",28721,"F","2",1984
708,1,"EN",28722,"F","2",1984
709,1,"EN",28723,"F","1",
710,1,"EN",28726,"F","2",1984
711,1,"EN",28727,"M","2",1984
712,1,"EN",28728,"F","1",
713,1,"EN",28729,"M","2",1984
714,1,"EN",28730,"M","2",1984
715,1,"EN",28731,"M","1",
716,1,"EN",28732,"F","2",1984
717,1,"EN",28733,"F","1",
718,1,"EN",28734,"F","1",
719,1,"EN",28735,"F","2",1984
720,1,"EN",28736,"M","2",1984
721,1,"EN",28737,"M","2",1984
722,1,"EN",28738,"F","2",1984
723,1,"EN",28739,"M","2",1984
724,1,"EN",28740,"F","1",
725,1,"EN",28741,"F","2",1984
726,1,"EN",28742,"M","1",
727,1,"EN",28743,"M","2",1984
728,1,"EN",28746,"F","1",
729,1,"EN",28747,"M","1",
730,1,"EN",28748,"M","2",1984
731,1,"EN",28750,"F","1",
732,1,"EN",28751,"M","2",1984
733,1,"EN",28752,"M","2",1984
734,1,"EN",28753,"F","1",
735,1,"EN",28754,"M","1",
736,1,"EN",28755,"M","1",
737,1,"EN",28756,"M","1",
738,1,"EN",28757,"M","1",
739,1,"EN",28758,"M","2",1984
740,1,"EN",28759,"M","1",
741,1,"EN",28761,"F","2",1984
742,1,"EN",28762,"M","1",
743,1,"EN",28763,"F","1",
744,1,"EN",28764,"M","1",
745,1,"EN",28765,"M","1",
746,1,"EN",28766,"M","2",1984
747,1,"EN",28767,"F","1",
748,1,"EN",28768,"F","1",
749,1,"EN",28769,"F","2",1984
750,1,"EN",28770,"F","1",
751,1,"EN",28771,"M","2",1984
752,1,"EN",28772,"F","1",
753,1,"EN",28773,"F","1",
754,1,"EN",28774,"F","1",
755,1,"EN",28775,"F","2",1984
756,1,"EN",28780,"F","1",
757,1,"EN",28781,"F","1",
758,1,"EN",28782,"M","1",
759,1,"EN",28783,"F","2",1984
760,1,"EN",28784,"M","2",1984
761,1,"EN",28785,"F","2",1984
762,1,"EN",28788,"F","2",1984
763,1,"EN",28795,"M","2",1984
764,1,"EN",28796,"F","2",1984
765,1,"EN",28797,"F","2",1984
766,1,"EN",28799,"F","2",1985
767,1,"EN",50503,"M","2",1985
768,1,"EN",50504,"F","2",1985
769,1,"EN",50505,"M","2",1985
770,1,"EN",50512,"F","2",1985
771,1,"EN",50519,"M","1",
772,1,"EN",50550,"M","2",1985
773,1,"EN",50564,,"2",1985
774,1,"EN",50565,,"2",1985
775,1,"EN",50566,,"2",1985
776,1,"EN",50567,"F","2",1985
777,1,"EN",50568,"F","2",1985
778,1,"EN",50569,"F","2",1985
779,1,"EN",50571,"F","1",
780,1,"EN",50572,"F","2",1985
781,1,"EN",50573,"M","2",1985
782,1,"EN",50574,"F","2",1985
783,1,"EN",50575,"F","2",1985
784,1,"EN",50576,"F","2",1985
785,1,"EN",50577,"M","2",1985
786,1,"EN",50578,"M","2",1985
787,1,"EN",50579,"M","2",1985
788,1,"EN",50580,"F","2",1985
789,1,"EN",50582,"F","2",1985
790,1,"EN",50583,"F","1",
791,1,"EN",50584,"F","2",1985
792,1,"EN",50585,"M","2",1985
793,1,"EN",50586,"F","2",1985
794,1,"EN",50587,"M","2",1985
795,1,"EN",50588,"F","2",1985
796,1,"EN",50589,"M","2",1985
797,1,"EN",50590,"M","1",
798,1,"EN",50591,"F","1",
799,1,"EN",50592,"F","1",
800,1,"EN",50593,"M","2",1985
801,1,"EN",50594,"M","1",
802,1,"EN",50595,"M","1",
803,1,"EN",50596,"M","1",
804,1,"EN",50597,"M","2",1985
805,1,"EN",50598,"M","1",
806,1,"EN",50600,"F","1",
807,1,"EN",50601,"F","1",
808,1,"EN",50602,"M","1",
809,1,"EN",50603,"F","1",
810,1,"EN",50604,"M","1",
811,1,"EN",50605,"F","2",1985
812,1,"EN",50606,"M","1",
813,1,"EN",50607,"M","1",
814,1,"EN",50608,"M","1",
815,1,"EN",50609,"F","1",
816,1,"EN",50610,"F","2",1985
817,1,"EN",50611,"F","1",
818,1,"EN",50612,"F","2",1985
819,1,"EN",50613,"F","1",
820,1,"EN",50614,"F","2",1985
821,1,"EN",50624,"F","1",
822,1,"EN",52086,"F","2",1985
823,1,"EN",90605,"F","2",1986
824,1,"EN",90606,"M","2",1986
825,1,"EN",90607,"M","2",1986
826,1,"EN",90608,"M","1",
827,1,"EN",90609,"M","1",
828,1,"EN",90610,"F","2",1986
829,1,"EN",90611,"F","2",1986
830,1,"EN",90612,"M","2",1986
831,1,"EN",90613,"F","2",1986
832,1,"EN",90614,"M","1",
833,1,"EN",90615,"F","2",1986
834,1,"EN",90616,"M","1",
835,1,"EN",90617,"F","2",1986
836,1,"EN",90618,"M","2",1986
837,1,"EN",90619,"M","1",
838,1,"EN",90620,"F","1",
839,1,"EN",90621,"M","2",1986
840,1,"EN",90622,"M","1",
841,1,"EN",90623,"M","1",
842,1,"EN",90624,"F","1",
843,1,"EN",90625,"F","2",1986
844,1,"EN",90626,"F","1",
845,1,"EN",90627,"F","1",
846,1,"EN",90628,"F","2",1986
847,1,"EN",90629,"F","2",1986
848,1,"EN",90630,"F","2",1986
849,1,"EN",90631,"F","1",
850,1,"EN",90632,"F","1",
851,1,"EN",90633,"F","2",1986
852,1,"EN",90634,"M","1",
853,1,"EN",90635,"M","1",
854,1,"EN",90636,"M","1",
855,1,"EN",90637,"M","1",
856,1,"EN",90693,"F","2",1987
857,1,"EN",90704,"M","2",1987
858,1,"EN",90705,"M","2",1988
859,1,"EN",90706,"F","2",1988
860,1,"EN",90707,"M","2",1987
861,1,"EN",90760,"F","2",1988
862,1,"EP",29007,"M","2",1987
863,1,"EP",29010,"F","2",1987
864,1,"EP",29046,"M","2",1987
865,1,"EP",29047,"F","2",1987
866,1,"EP",29048,"M","1",
867,1,"EP",29049,"M","2",1987
868,1,"EP",29050,"F","2",1987
869,1,"EP",29051,"F","2",1987
870,1,"EP",29052,"F","2",1987
871,1,"EP",29053,"M","2",1987
872,1,"EP",29054,"F","2",1987
873,1,"EP",29055,"M","1",
874,1,"EP",29057,"M","2",1987
875,1,"EP",29058,"M","2",1987
876,1,"EP",29059,"M","2",1987
877,1,"EP",29060,"M","2",1987
878,1,"EP",29061,"F","2",1987
879,1,"EP",29062,"M","1",
880,1,"EP",29063,"F","2",1987
881,1,"EP",29064,"F","2",1987
882,1,"EP",29065,"M","1",
883,1,"EP",29066,"M","1",
884,1,"EP",29067,"F","2",1987
885,1,"EP",29068,"M","1",
886,1,"EP",29069,"M","2",1987
887,1,"EP",29070,"M","2",1987
888,1,"EP",29071,"F","1",
889,1,"EP",29072,"M","1",
890,1,"EP",29073,"F","2",1987
891,1,"EP",29074,"M","1",
892,1,"EP",29075,"F","2",1987
893,1,"EP",29076,"F","2",1987
894,1,"EP",29077,"F","2",1987
895,1,"EP",29078,"F","2",1987
896,1,"EP",29079,"F","2",1987
897,1,"EP",29080,"F","1",
898,1,"EP",29081,"F","2",1987
899,1,"EP",29082,"F","2",1987
900,1,"EP",29083,"F","2",1987
901,1,"EP",29084,"F","2",1987
902,1,"EP",29085,"F","1",
903,1,"EP",29086,"F","2",1987
904,1,"EP",29087,"F","2",1987
905,1,"EP",29088,"M","2",1987
906,1,"EP",29089,"F","2",1987
907,1,"EP",29090,"M","2",1987
908,1,"EP",29091,"F","2",1987
909,1,"EP",29092,"F","2",1987
910,1,"EP",29093,"F","2",1987
911,1,"EP",29131,"F","2",1987
912,1,"EP",29176,"F","1",
913,1,"EP",29177,"F","1",
914,1,"EP",29178,"F","2",1988
915,1,"EP",29179,"F","2",1988
916,1,"EP",29180,"F","1",
917,1,"EP",29181,"F","2",1988
918,1,"EP",29182,"M","2",1988
919,1,"EP",29183,"F","2",1988
920,1,"EP",29184,"F","2",1988
921,1,"EP",29185,"F","1",
922,1,"EP",29187,"F","1",
923,1,"XX",23035,"M","2",1983
924,1,"XX",23036,"M","2",1983
925,1,"XX",23037,"F","2",1983
926,1,"XX",23041,"F","2",1983
927,1,"XX",23044,"M","1",
928,1,"XX",50517,"M","2",1985
929,1,"XX",50649,"M","2",1986
930,1,"XX",55550,"M","2",1981
931,1,"XX",55551,"M","2",1981
932,1,"XX",55552,"M","1",
933,1,"XX",55553,"F","1",
934,1,"XX",55554,"F","1",
935,1,"XX",55555,"F","1",
936,1,"XX",55556,"M","1",
937,1,"XX",55557,"F","2",1981
938,1,"XX",55558,"F","2",1981
939,1,"XX",55559,"M","1",
940,1,"XX",58788,"F","2",1984
941,1,"XX",66661,"F","2",1982
942,1,"XX",66662,"M","1",
943,1,"XX",66664,"M","2",1982
944,1,"XX",66665,"F","2",1982
945,1,"XX",66666,"M","1",
946,1,"XX",67743,"M","2",1980
947,1,"XX",67772,"M","2",1980
948,1,"XX",67778,"F","2",1980
949,1,"XX",77771,"M","1",
950,0,"XX",92337,"M","2",1981
1067,0,,,"M","0",
1068,0,,,"M","0",
1069,0,,,"M","0",
1070,0,,,"M","0",
1071,0,,,"M","0",
1072,0,,,"M","0",
1073,0,,,"M","0",
1074,0,,,"M","0",
1075,0,,,"M","0",
1076,0,,,"M","0",
1077,0,,,"M","0",
1078,0,,,"M","0",
1079,0,,,"M","0",
1080,0,,,"M","0",
1081,0,,,"M","0",
1082,0,,,"M","0",
1083,0,,,"M","0",
1084,0,,,"M","0",
1085,0,,,"M","0",
1086,0,,,"M","0",
1087,0,,,"M","0",
1088,0,,,"M","0",
1089,0,,,"M","0",
1090,0,,,"M","0",
1091,0,,,"M","0",
1092,0,,,"M","0",
1093,0,,,"M","0",
1094,0,,,"M","0",
1095,0,,,"M","0",
1096,0,,,"M","0",
1097,0,,,"M","0",
1098,0,,,"M","0",
1099,0,,,"M","0",
1100,0,,,"M","0",
1101,0,,,"M","0",
1102,0,,,"M","0",
1103,0,,,"M","0",
1104,0,,,"M","0",
1105,0,,,"M","0",
1106,0,,,"M","0",
1107,0,,,"M","0",
1108,0,,,"M","0",
1109,0,,,"M","0",
1110,0,,,"M","0",
1111,0,,,"M","0",
1112,0,,,"M","0",
1113,0,,,"M","0",
1114,0,,,"M","0",
1115,0,,,"M","0",
1116,0,,,"M","0",
1117,0,,,"M","0",
1118,0,,,"M","0",
1119,0,,,"M","0",
1120,0,,,"M","0",
1121,0,,,"M","0",
1122,0,,,"M","0",
1123,0,,,"M","0",
1124,0,,,"M","0",
1125,0,,,"M","0",
1126,0,,,"M","0",
1127,0,,,"M","0",
1128,0,,,"M","0",
1129,0,,,"M","0",
1130,0,,,"M","0",
1131,0,,,"M","0",
1132,0,,,"M","0",
1133,0,,,"M","0",
1134,0,,,"M","0",
1135,0,,,"M","0",
1136,0,,,"M","0",
1137,0,,,"M","0",
1138,0,,,"M","0",
1139,0,,,"M","0",
1140,0,,,"M","0",
1141,0,,,"M","0",
1142,0,,,"M","0",
1143,0,,,"M","0",
1144,0,,,"M","0",
1145,0,,,"M","0",
1146,0,,,"M","0",
1147,0,,,"M","0",
1148,0,,,"M","0",
1149,0,,,"M","0",
1150,0,,,"M","0",
1151,0,,,"M","0",
1152,0,,,"M","0",
1153,0,,,"M","0",
1154,0,,,"M","0",
1155,0,,,"M","0",
1156,0,,,"M","0",
1157,0,,,"M","0",
1158,0,,,"M","2",1980
1159,0,,,"M","2",1980
1160,0,,,"M","2",1980
1161,0,,,"M","2",1980
1162,0,,,"M","2",1983
1163,0,,,"M","2",1983
1164,0,,,"M","2",1984
1165,0,,,"M","2",1984
1166,0,,,"M","2",1984
1167,0,,,"M","2",1984
1168,0,,,"M","2",1985
1169,0,,,"M","2",1985
1170,0,,,"M","2",1985
1171,0,,,"M","2",1985
1172,0,,,"M","2",1987
1173,0,,,"M","2",1987
1174,0,,,"M","2",1987
1175,0,,,"M","2",1987
1176,0,,,"M","2",1987
1177,0,,,"M","2",1987
1178,0,,,"M","2",1987
1179,0,,,"M","2",1988
1180,0,,,"M","2",1988
1181,0,,,"M","2",1988
1182,0,,,"M","1",
1183,0,,,"M","1",
1184,0,,,"M","1",
1185,0,,,"M","1",
1186,0,,,"M","1",
1187,0,,,"M","1",
1188,0,,,"M","1",
1189,0,,,"M","1",
1190,0,,,"M","1",
1191,0,,,"M","1",
1192,0,,,"M","1",
1193,0,,,"M","1",
1194,0,,,"M","1",
1195,0,,,"M","1",
1196,0,,,"M","1",
1197,0,,,"M","1",
1198,0,,,"M","1",
1199,0,,,"M","1",
1200,0,,,"M","1",
1201,0,,,"M","1",
1202,0,,,"M","1",
1203,0,,,"M","1",
1204,0,,,"M","1",
1205,0,,,"M","1",
1206,0,,,"M","1",
1207,0,,,"M","1",
1208,0,,,"M","1",
1209,0,,,"M","1",
1210,0,,,"M","1",
1211,0,,,"M","1",
1212,0,,,"M","1",
1213,0,,,"M","1",
1214,0,,,"M","1",
1215,0,,,"M","1",
1216,0,,,"M","1",
1217,0,,,"M","1",
1218,0,,,"M","1",
1219,0,,,"M","1",
1220,0,,,"M","1",
1221,0,,,"M","1",
1222,0,,,"M","1",
1223,0,,,"M","1",
1224,0,,,"M","1",
1225,0,,,"M","1",
1226,0,,,"M","1",
1227,0,,,"M","1",
1228,0,,,"M","1",
1229,0,,,"M","1",
1230,0,,,"M","1",
1231,0,,,"M","1",
1232,0,,,"M","1",
1233,0,,,"M","1",
1234,0,,,"M","1",
1235,0,,,"M","1",
1236,0,,,"M","1",
1237,0,,,"M","1",
1238,0,,,"M","1",
1239,0,,,"M","1",
1240,0,,,"M","1",
1241,0,,,"M","1",
1242,0,,,"M","1",
1243,0,,,"M","1",
1244,0,,,"M","1",
1245,0,,,"M","1",
1246,0,,,"M","1",
1247,0,,,"M","1",
1248,0,,,"M","1",
1249,0,,,"M","1",
1250,0,,,"M","1",
1251,0,,,"M","1",
1252,0,,,"M","1",
1253,0,,,"M","1",
1254,0,,,"M","1",
1255,0,,,"M","1",
1256,0,,,"M","1",
1257,0,,,"M","1",
1258,0,,,"M","1",
1259,0,,,"M","1",
1260,0,,,"M","1",
1261,0,,,"M","1",
1262,0,,,"M","1",
1263,0,,,"M","1",
1264,0,,,"M","1",
1265,0,,,"M","1",
1266,0,,,"M","1",
1267,0,,,"M","1",
1268,0,,,"M","1",
1269,0,,,"M","1",
1270,0,,,"M","1",
1271,0,,,"M","1",
1272,0,,,"M","1",
1273,0,,,"M","1",
1274,0,,,"M","1",
1275,0,,,"M","1",
1276,0,,,"M","1",
1277,0,,,"M","1",
1278,0,,,"M","1",
1279,0,,,"M","1",
1280,0,,,"M","1",
1281,0,,,"M","1",
1282,0,,,"M","1",
1283,0,,,"M","1",
1284,0,,,"M","1",
1285,0,,,"M","1",
1286,0,,,"M","1",
1287,0,,,"M","1",
1467,0,,,"F","2",1983
1468,0,,,"F","2",1983
1469,0,,,"F","2",1983
1470,0,,,"F","2",1987
1471,0,,,"F","2",1988
1472,0,,,"F","2",1988
1473,0,,,"F","2",1988
1474,0,,,"F","2",1988
1475,0,,,"F","2",1988
1476,0,,,"F","1",
1477,0,,,"F","1",
1478,0,,,"F","1",
1479,0,,,"F","1",
1480,0,,,"F","0",
1481,0,,,"F","0",
1482,0,,,"F","0",
1483,0,,,"F","0",
1484,0,,,"F","0",
1485,0,,,"F","0",
1486,0,,,"F","0",
1487,0,,,"F","0",
1488,0,,,"F","0",
1489,0,,,"F","0",
1490,0,,,"F","0",
1491,0,,,"F","0",
1492,0,,,"F","0",
1493,0,,,"F","0",
1494,0,,,"F","0",
1495,0,,,"F","0",
1496,0,,,"F","0",
1497,0,,,"F","0",
1498,0,,,"F","0",
1499,0,,,"F","0",
1500,0,,,"F","0",
1501,0,,,"F","0",
1502,0,,,"F","0",
1503,0,,,"F","0",
1504,0,,,"F","0",
1505,0,,,"F","0",
1506,0,,,"F","0",
1507,0,,,"F","0",
1508,0,,,"F","0",
1509,0,,,"F","0",
1510,0,,,"F","0",
1511,0,,,"F","0",
1512,0,,,"F","0",
1513,0,,,"F","0",
1514,0,,,"F","0",
1515,0,,,"F","0",
1516,0,,,"F","0",
1517,0,,,"F","0",
1518,0,,,"F","0",
1519,0,,,"F","0",
1520,0,,,"F","0",
1521,0,,,"F","0",
1522,0,,,"F","0",
1523,0,,,"F","0",
1524,0,,,"F","0",
1525,0,,,"F","0",
1526,0,,,"F","0",
1527,0,,,"F","0",
1528,0,,,"F","0",
1529,0,,,"F","0",
1530,0,,,"F","0",
1531,0,,,"F","0",
1532,0,,,"F","0",
1533,0,,,"F","0",
1534,0,,,"F","0",
1535,0,,,"F","0",
1536,0,,,"F","0",
1537,0,,,"F","0",
1538,0,,,"F","0",
1539,0,,,"F","0",
1540,0,,,"F","0",
1541,0,,,"F","0",
1542,0,,,"F","0",
1543,0,,,"F","0",
1544,0,,,"F","0",
1545,0,,,"F","0",
1546,0,,,"F","0",
1547,0,,,"F","0",
1548,0,,,"F","0",
1549,0,,,"F","0",
1550,0,,,"F","0",
1551,0,,,"F","0",
1552,0,,,"F","0",
1553,0,,,"F","0",
1554,0,,,"F","0",
1555,0,,,"F","0",
1556,0,,,"F","0",
1557,0,,,"F","0",
1558,0,,,"F","0",
1559,0,,,"F","0",
1560,0,,,"F","0",
1561,0,,,"F","0",
1562,0,,,"F","0",
1563,0,,,"F","0",
1564,0,,,"F","0",
1565,0,,,"F","0",
1566,0,,,"F","0",
1567,0,,,"F","0",
1568,0,,,"F","0",
1569,0,,,"F","0",
1570,0,,,"F","0",
1571,0,,,"F","0",
1572,0,,,"F","0",
1573,0,,,"F","0",
1574,0,,,"F","0",
1575,0,,,"F","0",
1576,0,,,"F","0",
1577,0,,,"F","0",
1578,0,,,"F","0",
1579,0,,,"F","0",
1580,0,,,"F","0",
1581,0,,,"F","0",
1582,0,,,"F","0",
1583,0,,,"F","0",
1584,0,,,"F","0",
1585,0,,,"F","0",
1586,0,,,"F","0",
1587,0,,,"F","0",
1588,0,,,"F","0",
1589,0,,,"F","0",
1590,0,,,"F","0",
1591,0,,,"F","0",
1592,0,,,"F","0",
1593,0,,,"F","0",
1594,0,,,"F","0",
1595,0,,,"F","0",
1596,0,,,"F","0",
1597,0,,,"F","0",
1598,0,,,"F","0",
1599,0,,,"F","0",
1600,0,,,"F","0",
1601,0,,,"F","0",
1602,0,,,"F","0",
1603,0,,,"F","0",
1604,0,,,"F","0",
1605,0,,,"F","0",
1606,0,,,"F","0",
1607,0,,,"F","0",
1608,0,,,"F","0",
1609,0,,,"F","0",
1610,0,,,"F","0",
1611,0,,,"F","0",
1612,0,,,"F","0",
1613,0,,,"F","0",
1614,0,,,"F","0",
1615,0,,,"F","0",
1616,0,,,"F","0",
1617,0,,,"F","0",
1618,0,,,"F","0",
1619,0,,,"F","0",
1620,0,,,"F","0",
1621,0,,,"F","0",
1622,0,,,"F","0",
1623,0,,,"F","0",
1624,0,,,"F","0",
1625,0,,,"F","0",
1626,0,,,"F","0",
1627,0,,,"F","0",
1628,0,,,"F","0",
1629,0,,,"F","0",
1630,0,,,"F","0",
1631,0,,,"F","0",
1632,0,,,"F","0",
1633,0,,,"F","0",
1634,0,,,"F","0",
1635,0,,,"F","0",
1636,0,,,"F","0",
1637,0,,,"F","0",
1638,0,,,"F","0",
1639,0,,,"F","0",
1640,0,,,"F","0",
1641,0,,,"F","0",
1642,0,,,"F","0",
1643,0,,,"F","0",
1644,0,,,"F","0",
1645,0,,,"F","0",
1646,0,,,"F","1",
1647,0,,,"F","1",
1648,0,,,"F","1",
1649,0,,,"F","1",
1650,0,,,"F","1",
1651,0,,,"F","1",
1652,0,,,"F","1",
1653,0,,,"F","1",
1654,0,,,"F","1",
1655,0,,,"F","1",
1656,0,,,"F","1",
1657,0,,,"F","1",
1658,0,,,"F","1",
1659,0,,,"F","1",
1660,0,,,"F","1",
1661,0,,,"F","1",
1662,0,,,"F","1",
1663,0,,,"F","1",
1664,0,,,"F","1",
1665,0,,,"F","1",
1666,0,,,"F","1",
1667,0,,,"F","1",
1668,0,,,"F","1",
1669,0,,,"F","1",
1670,0,,,"F","1",
1671,0,,,"F","1",
1672,0,,,"F","1",
1673,0,,,"F","1",
1674,0,,,"F","1",
1675,0,,,"F","1",
1676,0,,,"F","1",
1677,0,,,"F","1",
1678,0,,,"F","1",
1679,0,,,"F","1",
1680,0,,,"F","1",
1681,0,,,"F","1",
1682,0,,,"F","1",
1683,0,,,"F","1",
1684,0,,,"F","1",
1685,0,,,"F","1",
1686,0,,,"F","1",
1687,0,,,"F","1",
1688,0,,,"F","1",
1689,0,,,"F","1",
1690,0,,,"F","1",
1691,0,,,"F","1",
1692,0,,,"F","1",
1693,0,,,"F","1",
1694,0,,,"F","1",
1695,0,,,"F","1",
1696,0,,,"F","1",
1697,0,,,"F","1",
1698,0,,,"F","1",
1699,0,,,"F","1",
1700,0,,,"F","1",
1701,0,,,"F","1",
1702,0,,,"F","1",
1703,0,,,"F","1",
1704,0,,,"F","1",
1705,0,,,"F","1",
1706,0,,,"F","1",
1707,0,,,"F","1",
1708,0,,,"F","1",
1709,0,,,"F","1",
1710,0,,,"F","1",
1711,0,,,"F","1",
1712,0,,,"F","1",
1713,0,,,"F","1",
1714,0,,,"F","1",
1715,0,,,"F","1",
1716,0,,,"F","1",
1717,0,,,"F","1",
1718,0,,,"F","1",
1719,0,,,"F","1",
1720,0,,,"F","1",
1721,0,,,"F","1",
1722,0,,,"F","1",
1723,0,,,"F","1",
1724,0,,,"F","1",
1725,0,,,"F","1",
1726,0,,,"F","1",
1727,0,,,"F","1",
1728,0,,,"F","1",
1729,0,,,"F","1",
1730,0,,,"F","1",
1731,0,,,"F","1",
1732,0,,,"F","1",
1733,0,,,"F","1",
1734,0,,,"F","1",
1735,0,,,"F","1",
1736,0,,,"F","1",
1737,0,,,"F","1",
1738,0,,,"F","1",
1739,0,,,"F","1",
1740,0,,,"F","1",
1741,0,,,"F","1",
1742,0,,,"F","1",
1743,0,,,"F","1",
1744,0,,,"F","1",
1745,0,,,"F","1",
1746,0,,,"F","1",
1747,0,,,"F","1",
1748,0,,,"F","1",
1749,0,,,"F","1",
1750,0,,,"F","1",
1751,0,,,"F","1",
1752,0,,,"F","1",
1753,0,,,"F","1",
1754,0,,,"F","1",
1755,0,,,"F","1",
1756,0,,,"F","1",
1757,0,,,"F","1",
1758,0,,,"F","1",
1759,0,,,"F","1",
1760,0,,,"F","1",
1761,0,,,"F","1",
1762,0,,,"F","1",
1763,0,,,"F","1",
1764,0,,,"F","1",
1765,0,,,"F","1",
1766,0,,,"F","1",
1767,0,,,"F","1",
1768,0,,,"F","1",
1769,0,,,"F","1",
1770,0,,,"F","1",
1771,0,,,"F","1",
1772,0,,,"F","1",
1773,0,,,"F","1",
1774,0,,,"F","1",
1775,0,,,"F","1",
1776,0,,,"F","1",
1777,0,,,"F","1",
1778,0,,,"F","1",
1779,0,,,"F","1",
1780,0,,,"F","1",
1781,0,,,"F","1",
1782,0,,,"F","1",
1783,0,,,"F","1",
1784,0,,,"F","1",
1785,0,,,"F","1",
1786,0,,,"F","1",
1787,0,,,"F","1",
1788,0,,,"F","1",
1789,0,,,"F","1",
1790,0,,,"F","1",
1791,0,,,"F","1",
1792,0,,,"F","1",
1793,0,,,"F","2",1983
1794,0,,,"F","2",1980
1795,0,,,"F","2",1980
1796,0,,,"F","2",1980
1797,0,,,"F","2",1980
1798,0,,,"F","2",1980
1799,0,,,"F","2",1980
1800,0,,,"F","2",1980
1801,0,,,"F","2",1980
1802,0,,,"F","2",1980
1803,0,,,"F","2",1980
1804,0,,,"F","2",1980
1805,0,,,"F","2",1980
1806,0,,,"F","2",1980
1807,0,,,"F","2",1980
1808,0,,,"F","2",1980
1809,0,,,"F","2",1980
1810,0,,,"F","2",1980
1811,0,,,"F","2",1980
1812,0,,,"F","2",1980
1813,0,,,"F","2",1980
1814,0,,,"F","2",1981
1815,0,,,"F","2",1981
1816,0,,,"F","2",1983
1817,0,,,"F","2",1983
1818,0,,,"F","2",1985
1819,0,,,"M","2",1980
1820,0,,,"M","2",1980
1821,0,,,"M","2",1980
1822,0,,,"M","2",1980
1823,0,,,"M","2",1980
1824,0,,,"M","2",1980
1825,0,,,"M","2",1980
1826,0,,,"M","2",1980
1827,0,,,"M","2",1980
1828,0,,,"M","2",1980
1829,0,,,"M","2",1980
1830,0,,,"M","2",1980
1831,0,,,"M","2",1980
1832,0,,,"M","2",1981
1833,0,,,"M","2",1981
1834,0,,,"M","2",1981
1835,0,,,"M","2",1982
1836,0,,,"M","2",1982
1837,0,,,"M","2",1982
1838,0,,,"M","2",1982
1839,0,,,"M","2",1982
1840,0,,,"M","2",1982
1841,0,,,"M","2",1982
1842,0,,,"M","2",1982
1843,0,,,"M","2",1982
1844,0,,,"M","2",1982
1845,0,,,"M","2",1982
1846,0,,,"M","2",1982
1847,0,,,"M","2",1983
1848,0,,,"M","2",1983
1849,0,,,"M","2",1983
1850,0,,,"M","2",1983
1851,0,,,"M","2",1983
1852,0,,,"M","2",1983
1853,0,,,"M","2",1984
1854,0,,,"M","2",1984
1855,0,,,"M","2",1984
1856,0,,,"M","2",1985
1857,0,,,"M","2",1985
1858,0,,,"M","2",1980
1859,0,,,"M","2",1980
1860,0,,,"M","2",1980
1861,0,,,"M","2",1980
1862,0,,,"M","2",1980
1863,0,,,"M","2",1980
1864,0,,,"M","2",1980
1865,0,,,"M","2",1980
1866,0,,,"M","2",1980
1867,0,,,"M","2",1980
1868,0,,,"M","2",1980
1869,0,,,"M","2",1980
1870,0,,,"M","2",1980
1871,0,,,"M","2",1980
1872,0,,,"M","2",1980
1873,0,,,"M","2",1980
1874,0,,,"M","2",1980
1875,0,,,"M","2",1980
1876,0,,,"M","2",1980
1877,0,,,"M","2",1981
1878,0,,,"M","2",1981
1879,0,,,"M","2",1981
1880,0,,,"M","2",1981
1881,0,,,"M","2",1981
1882,0,,,"M","2",1981
1883,0,,,"M","2",1981
1884,0,,,"M","2",1981
1885,0,,,"M","2",1981
1886,0,,,"M","2",1981
1887,0,,,"M","2",1981
1888,0,,,"M","2",1981
1889,0,,,"M","2",1981
1890,0,,,"M","2",1981
1891,0,,,"M","2",1981
1892,0,,,"M","2",1981
1893,0,,,"M","2",1981
1894,0,,,"M","2",1981
1895,0,,,"M","2",1981
1896,0,,,"M","2",1981
1897,0,,,"M","2",1981
1898,0,,,"M","2",1982
1899,0,,,"M","2",1982
1900,0,,,"M","2",1982
1901,0,,,"M","2",1982
1902,0,,,"M","2",1982
1903,0,,,"M","2",1982
1904,0,,,"M","2",1982
1905,0,,,"M","2",1982
1906,0,,,"M","2",1982
1907,0,,,"M","2",1982
1908,0,,,"M","2",1982
1909,0,,,"M","2",1982
1910,0,,,"M","2",1983
1911,0,,,"M","2",1983
1912,0,,,"M","2",1983
1913,0,,,"M","2",1984
1914,0,,,"M","2",1984
1915,0,,,"M","2",1984
1916,0,,,"M","2",1984
1917,0,,,"M","2",1984
1918,0,,,"M","2",1984
1919,0,,,"M","2",1984
1920,0,,,"M","2",1984
1921,0,,,"M","2",1984
1922,0,,,"M","2",1984
1923,0,,,"M","2",1984
1924,0,,,"M","2",1984
1925,0,,,"M","2",1984
1926,0,,,"M","2",1984
1927,0,,,"M","2",1984
1928,0,,,"M","2",1984
1929,0,,,"M","2",1984
1930,0,,,"M","2",1984
1931,0,,,"M","2",1984
1932,0,,,"M","2",1984
1933,0,,,"M","2",1984
1934,0,,,"M","2",1984
1935,0,,,"M","2",1984
1936,0,,,"M","2",1984
1937,0,,,"M","2",1984
1938,0,,,"M","2",1984
1939,0,,,"M","2",1985
1940,0,,,"M","2",1985
1941,0,,,"M","2",1985
1942,0,,,"M","2",1985
1943,0,,,"M","2",1985
1944,0,,,"M","2",1985
1945,0,,,"M","2",1985
1946,0,,,"M","2",1985
1947,0,,,"M","2",1985
1948,0,,,"M","2",1985
1949,0,,,"M","2",1985
1950,0,,,"M","2",1985
1951,0,,,"M","1",
1952,0,,,"M","1",
1953,0,,,"M","1",
1954,0,,,"M","1",
1955,0,,,"M","1",
1956,0,,,"M","1",
1957,0,,,"M","1",
1958,0,,,"M","1",
1959,0,,,"M","1",
1960,0,,,"M","1",
1961,0,,,"M","1",
1962,0,,,"M","1",
1963,0,,,"M","1",
1964,0,,,"M","1",
1965,0,,,"M","1",
1966,0,,,"M","1",
1967,0,,,"M","1",
1968,0,,,"M","1",
1969,0,,,"M","1",
1970,0,,,"M","1",
1971,0,,,"M","1",
1972,0,,,"M","1",
1973,0,,,"M","1",
1974,0,,,"M","1",
1975,0,,,"M","1",
1976,0,,,"M","1",
1977,0,,,"M","1",
1978,0,,,"M","1",
1979,0,,,"M","1",
1980,0,,,"M","1",
1981,0,,,"M","1",
1982,0,,,"M","1",
1983,0,,,"M","1",
1984,0,,,"M","1",
1985,0,,,"M","1",
1986,0,,,"M","1",
1987,0,,,"M","1",
1988,0,,,"M","1",
1989,0,,,"M","1",
1990,0,,,"M","1",
1991,0,,,"M","1",
1992,0,,,"M","1",
1993,0,,,"M","1",
1994,0,,,"M","1",
1995,0,,,"M","1",
1996,0,,,"M","1",
1997,0,,,"M","1",
1998,0,,,"M","1",
1999,0,,,"M","1",
2000,0,,,"M","1",
2001,0,,,"M","1",
2002,0,,,"M","1",
2003,0,,,"M","1",
2004,0,,,"M","1",
2005,0,,,"M","1",
2006,0,,,"M","1",
2007,0,,,"M","1",
2008,0,,,"M","1",
2009,0,,,"M","1",
2010,0,,,"M","1",
2011,0,,,"M","1",
2012,0,,,"M","1",
2013,0,,,"M","1",
2014,0,,,"M","1",
2015,0,,,"M","1",
2016,0,,,"M","1",
2017,0,,,"M","1",
2018,0,,,"M","1",
2019,0,,,"M","1",
2020,0,,,"M","1",
2021,0,,,"M","1",
2022,0,,,"M","1",
2023,0,,,"M","1",
2024,0,,,"M","1",
2025,0,,,"M","1",
2026,0,,,"M","1",
2027,0,,,"M","1",
2028,0,,,"M","1",
2029,0,,,"M","1",
2030,0,,,"M","1",
2031,0,,,"M","1",
2032,0,,,"M","1",
2033,0,,,"M","1",
2034,0,,,"M","1",
2035,0,,,"M","1",
2036,0,,,"M","1",
2037,0,,,"M","1",
2038,0,,,"M","1",
2039,0,,,"M","1",
2040,0,,,"M","1",
2041,0,,,"M","1",
2042,0,,,"M","1",
2043,0,,,"M","1",
2044,0,,,"M","1",
2045,0,,,"M","1",
2046,0,,,"M","1",
2047,0,,,"M","1",
2048,0,,,"M","1",
2049,0,,,"M","1",
2050,0,,,"M","1",
2051,0,,,"M","1",
2052,0,,,"M","1",
2053,0,,,"M","1",
2054,0,,,"M","1",
2055,0,,,"M","1",
2056,0,,,"M","1",
2057,0,,,"M","1",
2058,0,,,"M","1",
2059,0,,,"M","1",
2060,0,,,"M","1",
2061,0,,,"M","1",
2062,0,,,"M","1",
2063,0,,,"M","1",
2064,0,,,"M","1",
2065,0,,,"M","1",
2066,0,,,"M","1",
2067,0,,,"M","1",
2068,0,,,"M","1",
2069,0,,,"M","1",
2070,0,,,"M","1",
2071,0,,,"M","1",
2072,0,,,"M","1",
2073,0,,,"M","1",
2074,0,,,"M","1",
2075,0,,,"M","1",
2076,0,,,"M","1",
2077,0,,,"M","1",
2078,0,,,"M","1",
2079,0,,,"M","1",
2080,0,,,"M","1",
2081,0,,,"M","1",
2082,0,,,"M","1",
2083,0,,,"M","1",
2084,0,,,"M","1",
2085,0,,,"M","1",
2086,0,,,"M","1",
2087,0,,,"M","1",
2088,0,,,"M","1",
2089,0,,,"M","1",
2090,0,,,"M","1",
2091,0,,,"M","1",
2092,0,,,"M","1",
2093,0,,,"M","1",
2094,0,,,"M","1",
2095,0,,,"M","1",
2096,0,,,"M","1",
2097,0,,,"M","1",
2098,0,,,"M","1",
2099,0,,,"M","1",
2100,0,,,"M","1",
2101,0,,,"M","1",
2102,0,,,"M","1",
2103,0,,,"M","1",
2104,0,,,"M","1",
2105,0,,,"M","1",
2106,0,,,"M","1",
2107,0,,,"M","1",
2108,0,,,"M","1",
2109,0,,,"M","1",
2110,0,,,"M","1",
2111,0,,,"M","1",
2112,0,,,"M","1",
2113,0,,,"M","1",
2114,0,,,"M","1",
2115,0,,,"M","1",
2116,0,,,"M","1",
2117,0,,,"M","1",
2118,0,,,"M","1",
2119,0,,,"M","1",
2120,0,,,"M","1",
2121,0,,,"M","1",
2122,0,,,"M","1",
2123,0,,,"M","1",
2124,0,,,"M","1",
2125,0,,,"M","1",
2126,0,,,"M","1",
2127,0,,,"M","1",
2128,0,,,"M","1",
2129,0,,,"M","1",
2130,0,,,"M","1",
2131,0,,,"M","1",
2132,0,,,"M","1",
2133,0,,,"M","1",
2134,0,,,"M","1",
2135,0,,,"M","1",
2136,0,,,"M","1",
2137,0,,,"M","1",
2138,0,,,"M","1",
2139,0,,,"M","1",
2140,0,,,"M","1",
2141,0,,,"M","1",
2142,0,,,"M","1",
2143,0,,,"M","1",
2144,0,,,"M","1",
2145,0,,,"M","1",
2146,0,,,"M","1",
2147,0,,,"M","1",
2148,0,,,"M","1",
2149,0,,,"M","1",
2150,0,,,"M","1",
2151,0,,,"M","1",
2152,0,,,"M","1",
2153,0,,,"M","1",
2154,0,,,"M","1",
2155,0,,,"M","1",
2156,0,,,"M","1",
2157,0,,,"M","1",
2158,0,,,"M","1",
2159,0,,,"M","1",
2160,0,,,"M","1",
2161,0,,,"M","1",
2162,0,,,"M","1",
2163,0,,,"M","1",
2164,0,,,"M","1",
2165,0,,,"M","1",
2166,0,,,"M","1",
2167,0,,,"M","1",
2168,0,,,"M","1",
2169,0,,,"M","1",
2170,0,,,"M","1",
2171,0,,,"M","1",
2172,0,,,"M","1",
2173,0,,,"M","1",
2174,0,,,"M","1",
2175,0,,,"M","1",
2176,0,,,"M","1",
2177,0,,,"M","1",
2178,0,,,"M","1",
2179,0,,,"M","1",
2180,0,,,"M","1",
2181,0,,,"M","1",
2182,0,,,"M","1",
2183,0,,,"M","1",
2184,0,,,"M","1",
2185,0,,,"M","1",
2186,0,,,"M","1",
2187,0,,,"M","1",
2188,0,,,"M","1",
2189,0,,,"M","1",
2190,0,,,"M","1",
2191,0,,,"M","1",
2192,0,,,"M","1",
2193,0,,,"M","1",
2194,0,,,"M","1",
2195,0,,,"M","1",
2196,0,,,"M","1",
2197,0,,,"M","1",
2198,0,,,"M","1",
2199,0,,,"M","1",
2200,0,,,"M","1",
2201,0,,,"M","1",
2202,0,,,"M","1",
2203,0,,,"M","1",
2204,0,,,"M","1",
2205,0,,,"M","1",
2206,0,,,"M","1",
2207,0,,,"M","1",
2208,0,,,"M","1",
2209,0,,,"M","1",
2210,0,,,"M","1",
2211,0,,,"M","1",
2212,0,,,"M","1",
2213,0,,,"M","1",
2214,0,,,"M","1",
2215,0,,,"M","1",
2216,0,,,"M","1",
2217,0,,,"M","1",
2218,0,,,"M","1",
2219,0,,,"M","1",
2220,0,,,"M","1",
2221,0,,,"M","1",
2222,0,,,"M","1",
2223,0,,,"M","1",
2224,0,,,"M","1",
2225,0,,,"M","1",
2226,0,,,"M","1",
2227,0,,,"M","1",
2228,0,,,"M","1",
2229,0,,,"M","1",
2230,0,,,"M","1",
2231,0,,,"M","1",
2232,0,,,"M","1",
2233,0,,,"M","1",
2234,0,,,"M","1",
2235,0,,,"M","1",
2236,0,,,"M","1",
2237,0,,,"M","1",
2238,0,,,"M","1",
2239,0,,,"M","1",
2240,0,,,"M","1",
2241,0,,,"M","1",
2242,0,,,"M","1",
2243,0,,,"M","1",
2244,0,,,"M","1",
2245,0,,,"M","1",
2246,0,,,"M","1",
2247,0,,,"M","1",
2248,0,,,"M","1",
2249,0,,,"M","1",
2250,0,,,"M","1",
2251,0,,,"M","1",
2252,0,,,"M","1",
2253,0,,,"M","1",
2254,0,,,"M","1",
2255,0,,,"M","1",
2256,0,,,"M","1",
2257,0,,,"M","1",
2258,0,,,"M","1",
2259,0,,,"M","1",
2260,0,,,"M","1",
2261,0,,,"M","1",
2262,0,,,"M","1",
2263,0,,,"M","1",
2264,0,,,"M","1",
2265,0,,,"M","1",
2266,0,,,"M","1",
2267,0,,,"M","1",
2268,0,,,"M","1",
2269,0,,,"M","1",
2270,0,,,"M","1",
2271,0,,,"M","1",
2272,0,,,"M","1",
2273,0,,,"M","1",
2274,0,,,"M","1",
2275,0,,,"M","1",
2276,0,,,"M","1",
2277,0,,,"M","1",
2278,0,,,"M","1",
2279,0,,,"M","1",
2280,0,,,"M","1",
2281,0,,,"M","1",
2282,0,,,"M","1",
2283,0,,,"M","1",
2284,0,,,"M","1",
2285,0,,,"M","1",
2286,0,,,"M","1",
2287,0,,,"M","1",
2288,0,,,"M","1",
2289,0,,,"M","1",
2290,0,,,"M","1",
2291,0,,,"M","1",
2292,0,,,"M","1",
2293,0,,,"M","1",
2294,0,,,"M","1",
2295,0,,,"M","1",
2296,0,,,"M","1",
2297,0,,,"M","1",
2298,0,,,"M","1",
2299,0,,,"M","1",
2300,0,,,"M","1",
2301,0,,,"M","1",
2302,0,,,"M","1",
2303,0,,,"M","1",
2304,0,,,"M","1",
2305,0,,,"M","1",
2306,0,,,"M","1",
2307,0,,,,"2",1980
2308,0,,,,"2",1980
2309,0,,,,"2",1980
2310,0,,,,"2",1981
2311,0,,,,"2",1981
2312,0,,,,"2",1981
2313,0,,,,"2",1981
2314,0,,,,"2",1982
2315,0,,,,"2",1982
2316,0,,,,"2",1982
2317,0,,,,"2",1982
2318,0,,,,"2",1982
2319,0,,,,"2",1982
2320,0,,,,"2",1982
2321,0,,,,"2",1982
2322,0,,,,"2",1982
2323,0,,,,"2",1982
2324,0,,,,"2",1982
2325,0,,,,"2",1982
2326,0,,,,"2",1983
2327,0,,,,"2",1983
2328,0,,,,"2",1983
2329,0,,,,"2",1983
2330,0,,,,"2",1983
2331,0,,,,"2",1983
2332,0,,,,"2",1983
2333,0,,,,"2",1983
2334,0,,,,"2",1983
2335,0,,,,"2",1983
2336,0,,,,"2",1983
2337,0,,,,"2",1983
2338,0,,,,"2",1983
2339,0,,,,"2",1983
2340,0,,,,"2",1983
2341,0,,,,"2",1983
2342,0,,,,"2",1983
2343,0,,,,"2",1983
2344,0,,,,"2",1983
2345,0,,,,"2",1983
2346,0,,,,"2",1983
2347,0,,,,"2",1983
2348,0,,,,"2",1983
2349,0,,,,"2",1983
2350,0,,,,"2",1983
2351,0,,,,"2",1983
2352,0,,,,"2",1983
2353,0,,,,"2",1983
2354,0,,,,"2",1983
2355,0,,,,"2",1983
2356,0,,,,"2",1983
2357,0,,,,"2",1983
2358,0,,,,"2",1983
2359,0,,,,"2",1983
2360,0,,,,"2",1983
2361,0,,,,"2",1983
2362,0,,,,"2",1983
2363,0,,,,"2",1983
2364,0,,,,"2",1983
2365,0,,,,"2",1983
2366,0,,,,"2",1983
2367,0,,,,"2",1983
2368,0,,,,"2",1983
2369,0,,,,"2",1983
2370,0,,,,"2",1983
2371,0,,,,"2",1983
2372,0,,,,"2",1983
2373,0,,,,"2",1983
2374,0,,,,"2",1983
2375,0,,,,"2",1983
2376,0,,,,"2",1983
2377,0,,,,"2",1983
2378,0,,,,"2",1983
2379,0,,,,"2",1984
2380,0,,,,"2",1984
2381,0,,,,"2",1984
2382,0,,,,"2",1984
2383,0,,,,"2",1985
2384,0,,,,"2",1985
2385,0,,,,"2",1985
2386,0,,,,"2",1985
2387,0,,,,"2",1980
2388,0,,,,"2",1981
2389,0,,,,"2",1981
2390,0,,,,"2",1981
2391,0,,,,"2",1981
2392,0,,,,"2",1981
2393,0,,,,"2",1981
2394,0,,,,"2",1981
2395,0,,,,"2",1981
2396,0,,,,"2",1981
2397,0,,,,"2",1981
2398,0,,,,"2",1981
2399,0,,,,"2",1981
2400,0,,,,"2",1981
2401,0,,,,"2",1981
2402,0,,,,"2",1981
2403,0,,,,"2",1981
2404,0,,,,"2",1981
2405,0,,,,"2",1982
2406,0,,,,"2",1982
2407,0,,,,"2",1982
2408,0,,,,"2",1982
2409,0,,,,"2",1982
2410,0,,,,"2",1982
2411,0,,,,"2",1982
2412,0,,,,"2",1982
2413,0,,,,"2",1982
2414,0,,,,"2",1982
2415,0,,,,"2",1982
2416,0,,,,"2",1982
2417,0,,,,"2",1982
2418,0,,,,"2",1982
2419,0,,,,"2",1982
2420,0,,,,"2",1982
2421,0,,,,"2",1982
2422,0,,,,"2",1982
2423,0,,,,"2",1982
2424,0,,,,"2",1982
2425,0,,,,"2",1982
2426,0,,,,"2",1982
2427,0,,,,"2",1982
2428,0,,,,"2",1982
2429,0,,,,"2",1982
2430,0,,,,"2",1982
2431,0,,,,"2",1982
2432,0,,,,"2",1982
2433,0,,,,"2",1982
2434,0,,,,"2",1982
2435,0,,,,"2",1982
2436,0,,,,"2",1982
2437,0,,,,"2",1982
2438,0,,,,"2",1982
2439,0,,,,"2",1983
2440,0,,,,"2",1983
2441,0,,,,"2",1983
2442,0,,,,"2",1983
2443,0,,,,"2",1983
2444,0,,,,"2",1983
2445,0,,,,"2",1983
2446,0,,,,"2",1983
2447,0,,,,"2",1983
2448,0,,,,"2",1983
2449,0,,,,"2",1984
2450,0,,,,"2",1984
2451,0,,,,"2",1984
2452,0,,,,"2",1984
2453,0,,,,"2",1984
2454,0,,,,"2",1984
2455,0,,,,"2",1984
2456,0,,,,"2",1984
2457,0,,,,"2",1984
2458,0,,,,"2",1984
2459,0,,,,"2",1984
2460,0,,,,"2",1984
2461,0,,,,"2",1984
2462,0,,,,"2",1984
2463,0,,,,"2",1984
2464,0,,,,"2",1984
2465,0,,,,"2",1984
2466,0,,,,"2",1984
2467,0,,,,"2",1984
2468,0,,,,"2",1984
2469,0,,,,"2",1984
2470,0,,,,"2",1984
2471,0,,,,"2",1984
2472,0,,,,"2",1984
2473,0,,,,"2",1984
2474,0,,,,"2",1984
2475,0,,,,"2",1984
2476,0,,,,"2",1984
2477,0,,,,"2",1984
2478,0,,,,"2",1984
2479,0,,,,"2",1984
2480,0,,,,"2",1984
2481,0,,,,"2",1984
2482,0,,,,"2",1984
2483,0,,,,"2",1984
2484,0,,,,"2",1984
2485,0,,,,"2",1984
2486,0,,,,"2",1984
2487,0,,,,"2",1984
2488,0,,,,"2",1984
2489,0,,,,"2",1984
2490,0,,,,"2",1984
2491,0,,,,"2",1984
2492,0,,,,"2",1984
2493,0,,,,"2",1984
2494,0,,,,"2",1984
2495,0,,,,"2",1984
2496,0,,,,"2",1984
2497,0,,,,"2",1984
2498,0,,,,"2",1984
2499,0,,,,"2",1984
2500,0,,,,"2",1984
2501,0,,,,"2",1984
2502,0,,,,"2",1984
2503,0,,,,"2",1984
2504,0,,,,"2",1984
2505,0,,,,"2",1984
2506,0,,,,"2",1984
2507,0,,,,"2",1984
2508,0,,,,"2",1984
2509,0,,,,"2",1984
2510,0,,,,"2",1984
2511,0,,,,"2",1984
2512,0,,,,"2",1984
2513,0,,,,"2",1984
2514,0,,,,"2",1984
2515,0,,,,"2",1984
2516,0,,,,"2",1984
2517,0,,,,"2",1985
2518,0,,,,"2",1985
2519,0,,,,"2",1985
2520,0,,,,"2",1985
2521,0,,,,"2",1985
2522,0,,,,"2",1985
2523,0,,,,"2",1985
2524,0,,,,"2",1985
2525,0,,,,"2",1985
2526,0,,,,"2",1985
2527,0,,,,"2",1985
2528,0,,,,"2",1985
2529,0,,,,"2",1985
2530,0,,,,"2",1985
2531,0,,,,"2",1985
2532,0,,,,"2",1985
2533,0,,,,"2",1985
2534,0,,,,"2",1985
2535,0,,,,"2",1985
2536,0,,,,"2",1985
2537,0,,,,"2",1985
2538,0,,,,"2",1985
2539,0,,,,"2",1985
2540,0,,,,"2",1985
2541,0,,,,"2",1985
2542,0,,,,"2",1985
2543,0,,,,"2",1985
2544,0,,,,"2",1985
2545,0,,,,"2",1985
2546,0,,,,"2",1985
2547,0,,,,"2",1985
2548,0,,,,"2",1985
2549,0,,,,"2",1985
2550,0,,,,"2",1985
2551,0,,,,"2",1985
2552,0,,,,"2",1985
2553,0,,,,"2",1985
2554,0,,,,"2",1985
2555,0,,,,"2",1985
2556,0,,,,"2",1985
2557,0,,,,"2",1985
2558,0,,,,"2",1985
2559,0,,,,"2",1985
2560,0,,,,"2",1985
2561,0,,,,"2",1985
2562,0,,,,"2",1985
2563,0,,,"B","2",
2564,0,,,"B","2",
2565,0,,,"B","2",
2566,0,,,"B","2",
2567,0,,,"B","2",
2568,0,,,"B","2",
2569,0,,,"B","2",
2570,0,,,"B","2",
2571,0,,,"B","2",
2572,0,,,"B","2",
2573,0,,,"B","2",
2574,0,,,"B","2",
2575,0,,,"B","2",
2576,0,,,"B","2",
2577,0,,,"B","2",
2578,0,,,"B","2",
2579,0,,,"B","2",
2580,0,,,"B","2",
2581,0,,,"B","2",
2582,0,,,"B","2",
2583,0,,,"B","2",
2584,0,,,"B","2",
2585,0,,,"B","2",
2586,0,,,"B","2",
2587,0,,,"B","2",
2588,0,,,"B","2",
2589,0,,,"B","2",
2590,0,,,"B","2",
2591,0,,,"B","2",
2592,0,,,"B","2",
2593,0,,,"B","2",
2594,0,,,"B","2",
2595,0,,,"B","2",
2596,0,,,"B","2",
2597,0,,,"B","2",
2598,0,,,"B","2",
2599,0,,,"B","2",
2600,0,,,"B","2",
2601,0,,,"B","2",
2602,0,,,"B","2",
2603,0,,,"B","2",
2604,0,,,"B","2",
2605,0,,,"B","2",
2606,0,,,"B","2",
2607,0,,,"B","2",
2608,0,,,"B","2",
2609,0,,,"B","2",
2610,0,,,"B","2",
2611,0,,,"B","2",
2612,0,,,"B","2",
2613,0,,,"B","2",
2614,0,,,"B","2",
2615,0,,,"B","2",
2616,0,,,"B","2",
2617,0,,,"B","2",
2618,0,,,"B","2",
2619,0,,,"B","2",
2620,0,,,"B","2",
2621,0,,,"B","2",
2622,0,,,"B","2",
2623,0,,,"B","2",
2624,0,,,"B","2",
2625,0,,,"B","2",
2626,0,,,"B","2",
2627,0,,,"B","2",
2628,0,,,"B","2",
2629,0,,,"B","2",
2630,0,,,"B","2",
2631,0,,,"B","2",
2632,0,,,"B","2",
2633,0,,,"B","2",
2634,0,,,"B","2",
2635,0,,,"B","2",
2636,0,,,"B","2",
2637,0,,,"B","2",
2638,0,,,"B","2",
2639,0,,,"B","2",
2640,0,,,"B","2",
2641,0,,,"B","2",
2642,0,,,"B","2",
2643,0,,,"B","2",
2644,0,,,"B","2",
2645,0,,,"B","2",
2646,0,,,"B","2",
2647,0,,,"B","2",
2648,0,,,"B","2",
2649,0,,,"B","2",
2650,0,,,"B","2",
2651,0,,,"B","2",
2652,0,,,"B","2",
2653,0,,,"B","2",
2654,0,,,"B","2",
2655,0,,,"B","2",
2656,0,,,"B","2",
2657,0,,,"B","2",
2658,0,,,"B","2",
2659,0,,,"B","2",
2660,0,,,"B","2",
2661,0,,,"B","2",
2662,0,,,"B","2",
2663,0,,,"B","2",
2664,0,,,"B","2",
2665,0,,,"B","2",
2666,0,,,"B","2",
2667,0,,,"B","2",
2668,0,,,"B","2",
2669,0,,,"B","2",
2670,0,,,"B","2",
2671,0,,,"B","2",
2672,0,,,"B","2",
2673,0,,,"B","2",
2674,0,,,"B","2",
2675,0,,,"B","2",
2676,0,,,"B","2",
2677,0,,,"B","2",
2678,0,,,"B","2",
2679,0,,,"B","2",
2680,0,,,"B","2",
2681,0,,,"B","2",
2682,0,,,"B","2",
2683,0,,,"B","2",
2684,0,,,"B","2",
2685,0,,,"B","2",
2686,0,,,"B","2",
2687,0,,,"B","2",
2688,0,,,"B","2",
2689,0,,,"B","2",
2690,0,,,"B","2",
2691,0,,,"B","2",
2692,0,,,"B","2",
2693,0,,,"B","2",
2694,0,,,"B","2",
2695,0,,,"B","2",
2696,0,,,"B","2",
2697,0,,,"B","2",
2698,0,,,"B","2",
2699,0,,,"B","2",
2700,0,,,"B","2",
2701,0,,,"B","2",
2702,0,,,"B","2",
2703,0,,,"B","2",
2704,0,,,"B","2",
2705,0,,,"B","2",
2706,0,,,"B","2",
2707,0,,,"B","2",
2708,0,,,"B","2",
2709,0,,,"B","2",
2710,0,,,"B","2",
2711,0,,,"B","2",
2712,0,,,"B","2",
2713,0,,,"B","2",
2714,0,,,"B","2",
2715,0,,,"B","2",
2716,0,,,"B","2",
2717,0,,,"B","2",
2718,0,,,"B","2",
2719,0,,,"B","2",
2720,0,,,"B","2",
2721,0,,,"B","2",
2722,0,,,"B","2",
2723,0,,,"B","2",
2724,0,,,"B","2",
2725,0,,,"B","2",
2726,0,,,"B","2",
2727,0,,,"B","2",
2728,0,,,"B","2",
2729,0,,,"B","2",
2730,0,,,"B","2",
2731,0,,,"B","2",
2732,0,,,"B","2",
2733,0,,,"B","2",
2734,0,,,"B","2",
2735,0,,,"B","2",
2736,0,,,"B","2",
2737,0,,,"B","2",
2738,0,,,"B","2",
2739,0,,,"B","2",
2740,0,,,"B","2",
2741,0,,,"B","2",
2742,0,,,"B","2",
2743,0,,,"B","2",
2744,0,,,"B","2",
2745,0,,,"B","2",
2746,0,,,"B","2",
2747,0,,,"B","2",
2748,0,,,"B","2",
2749,0,,,"B","2",
2750,0,,,"B","2",
2751,0,,,"B","2",
2752,0,,,"B","2",
2753,0,,,"B","2",
2754,0,,,"B","2",
2755,0,,,"B","2",
2756,0,,,"B","2",
2757,0,,,"B","2",
2758,0,,,"B","2",
2759,0,,,"B","2",
2760,0,,,"B","2",
2761,0,,,"B","2",
2762,0,,,"B","2",
2763,0,,,"B","2",
2764,0,,,"B","2",
2765,0,,,"B","2",
2766,0,,,"B","2",
2767,0,,,"B","2",
2768,0,,,"B","2",
2769,0,,,"B","2",
2770,0,,,"B","2",
2771,0,,,"B","2",
2772,0,,,"B","2",
2773,0,,,"B","2",
2774,0,,,"B","2",
2775,0,,,"B","2",
2776,0,,,"B","2",
2777,0,,,"B","2",
2778,0,,,"B","2",
2779,0,,,"B","2",
2780,0,,,"B","2",
2781,0,,,"B","2",
2782,0,,,"B","2",
2783,0,,,"B","2",
2784,0,,,"B","2",
2785,0,,,"B","2",
2786,0,,,"B","2",
2787,0,,,"B","2",
2788,0,,,"B","2",
2789,0,,,"B","2",
2790,0,,,"B","2",
2791,0,,,"B","2",
2792,0,,,"B","2",
2793,0,,,"B","2",
2794,0,,,"B","2",
2795,0,,,"B","2",
2796,0,,,"B","2",
2797,0,,,"B","2",
2798,0,,,"B","2",
2799,0,,,"B","2",
2800,0,,,"B","2",
2801,0,,,"B","2",
2802,0,,,"B","2",
2803,0,,,"B","2",
2804,0,,,"B","2",
2805,0,,,"B","2",
2806,0,,,"B","2",
2807,0,,,"B","2",
2808,0,,,"B","2",
2809,0,,,"B","2",
2810,0,,,"B","2",
2811,0,,,"B","2",
2812,0,,,"B","2",
2813,0,,,"B","2",
2814,0,,,"B","2",
2815,0,,,"B","2",
2816,0,,,"B","2",
2817,0,,,"B","2",
2818,0,,,"B","2",
2819,0,,,"B","2",
2820,0,,,"B","2",
2821,0,,,"B","2",
2822,0,,,"B","2",
2823,0,,,"B","2",
2824,0,,,"B","2",
2825,0,,,"B","2",
2826,0,,,"B","2",
2827,0,,,"B","2",
2828,0,,,"B","2",
2829,0,,,"B","2",
2830,0,,,"B","2",
2831,0,,,"B","2",
2832,0,,,"B","2",
2833,0,,,"B","2",
2834,0,,,"B","2",
2835,0,,,"B","2",
2836,0,,,"B","2",
2837,0,,,"B","2",
2838,0,,,"B","2",
2839,0,,,"B","2",
2840,0,,,"B","2",
2841,0,,,"B","2",
2842,0,,,"B","2",
2843,0,,,"B","2",
2844,0,,,"B","2",
2845,0,,,"B","2",
2846,0,,,"B","2",
2847,0,,,"B","2",
2848,0,,,"B","2",
2849,0,,,"B","2",
2850,0,,,"B","2",
2851,0,,,"B","2",
2852,0,,,"B","2",
2853,0,,,"B","2",
2854,0,,,"B","2",
2855,0,,,"B","2",
2856,0,,,"B","2",
2857,0,,,"B","2",
2858,0,,,"B","2",
2859,0,,,"B","2",
2860,0,,,"B","2",
2861,0,,,"B","2",
2862,0,,,"B","2",
2863,0,,,"B","2",
2864,0,,,"B","2",
2865,0,,,"B","2",
2866,0,,,"B","2",
2867,0,,,"B","2",
2868,0,,,"B","2",
2869,0,,,"B","2",
2870,0,,,"B","2",
2871,0,,,"B","2",
2872,0,,,"B","2",
2873,0,,,"B","2",
2874,0,,,"B","2",
2875,0,,,"B","2",
2876,0,,,"B","2",
2877,0,,,"B","2",
2878,0,,,"B","2",
2879,0,,,"B","2",
2880,0,,,"B","2",
2881,0,,,"B","2",
2882,0,,,"B","2",
2883,0,,,"B","2",
2884,0,,,"B","2",
2885,0,,,"B","2",
2886,0,,,"B","2",
2887,0,,,"B","2",
2888,0,,,"B","2",
2889,0,,,"B","2",
2890,0,,,"B","2",
2891,0,,,"B","2",
2892,0,,,"B","2",
2893,0,,,"B","2",
2894,0,,,"B","2",
2895,0,,,"B","2",
2896,0,,,"B","2",
2897,0,,,"B","2",
2898,0,,,"B","2",
2899,0,,,"B","2",
2900,0,,,"B","2",
2901,0,,,"B","2",
2902,0,,,"B","2",
2903,0,,,"B","2",
2904,0,,,"B","2",
2905,0,,,"B","2",
2906,0,,,"B","2",
2907,0,,,"B","2",
2908,0,,,"B","2",
2909,0,,,"B","2",
2910,0,,,"B","2",
2911,0,,,"B","2",
2912,0,,,"B","2",
2913,0,,,"B","2",
2914,0,,,"B","2",
2915,0,,,"B","2",
2916,0,,,"B","2",
2917,0,,,"B","2",
2918,0,,,"B","2",
2919,0,,,"B","2",
2920,0,,,"B","2",
2921,0,,,"B","2",
2922,0,,,"B","2",
2923,0,,,"B","2",
2924,0,,,"B","2",
2925,0,,,"B","2",
2926,0,,,"B","2",
2927,0,,,"B","2",
2928,0,,,"B","2",
2929,0,,,"B","2",
2930,0,,,"B","2",
2931,0,,,"B","2",
2932,0,,,"B","2",
2933,0,,,"B","2",
2934,0,,,"B","2",
2935,0,,,"B","2",
2936,0,,,"B","2",
2937,0,,,"B","2",
2938,0,,,"B","2",
2939,0,,,"B","2",
2940,0,,,"B","2",
2941,0,,,"B","2",
2942,0,,,"B","2",
2943,0,,,"B","2",
2944,0,,,"B","2",
2945,0,,,"B","2",
2946,0,,,"B","2",
2947,0,,,"B","2",
2948,0,,,"B","2",
2949,0,,,"B","2",
2950,0,,,"B","2",
2951,0,,,"B","2",
2952,0,,,"B","2",
2953,0,,,"B","2",
2954,0,,,"B","2",
2955,0,,,"B","2",
2956,0,,,"B","2",
2957,0,,,"B","2",
2958,0,,,"B","2",
2959,0,,,"B","2",
2960,0,,,"B","2",
2961,0,,,"B","2",
2962,0,,,"B","2",
2963,0,,,"B","2",
2964,0,,,"B","2",
2965,0,,,"B","2",
2966,0,,,"B","2",
2967,0,,,"B","2",
2968,0,,,"B","2",
2969,0,,,"B","2",
2970,0,,,"B","2",
2971,0,,,"B","2",
2972,0,,,"B","2",
2973,0,,,"B","2",
2974,0,,,"B","2",
2975,0,,,"B","2",
2976,0,,,"B","2",
2977,0,,,"B","2",
2978,0,,,"B","2",
2979,0,,,"B","2",
2980,0,,,"B","2",
2981,0,,,"B","2",
2982,0,,,"B","2",
2983,0,,,"B","2",
2984,0,,,"B","2",
2985,0,,,"B","2",
2986,0,,,"B","2",
2987,0,,,"B","2",
2988,0,,,"B","2",
2989,0,,,"B","2",
2990,0,,,"B","2",
2991,0,,,"B","2",
2992,0,,,"B","2",
2993,0,,,"B","2",
2994,0,,,"B","2",
2995,0,,,"B","2",
2996,0,,,"B","2",
2997,0,,,"B","2",
2998,0,,,"B","2",
2999,0,,,"B","2",
3000,0,,,"B","2",
3001,0,,,"B","2",
3002,0,,,"B","2",
3003,0,,,"B","2",
3004,0,,,"B","2",
3005,0,,,"B","2",
3006,0,,,"B","2",
3007,0,,,"B","2",
3008,0,,,"B","2",
3009,0,,,"B","2",
3010,0,,,"B","2",
3011,0,,,"B","2",
3012,0,,,"B","2",
3013,0,,,"B","2",
3014,0,,,"B","2",
3015,0,,,"B","2",
3016,0,,,"B","2",
3017,0,,,"B","2",
3018,0,,,"B","2",
3019,0,,,"B","2",
3020,0,,,"B","2",
3021,0,,,"B","2",
3022,0,,,"B","2",
3023,0,,,"B","2",
3024,0,,,"B","2",
3025,0,,,"B","2",
3026,0,,,"B","2",
3027,0,,,"B","2",
3028,0,,,"B","2",
3029,0,,,"B","2",
3030,0,,,"B","2",
3031,0,,,"B","2",
3032,0,,,"B","2",
3033,0,,,"B","2",
3034,0,,,"B","2",
3035,0,,,"B","2",
3036,0,,,"B","2",
3037,0,,,"B","2",
3038,0,,,"B","2",
3039,0,,,"B","2",
3040,0,,,"B","2",
3041,0,,,"B","2",
3042,0,,,"B","2",
3043,0,,,"B","2",
3044,0,,,"B","2",
3045,0,,,"B","2",
3046,0,,,"B","2",
3047,0,,,"B","2",
3048,0,,,"B","2",
3049,0,,,"B","2",
3050,0,,,"B","2",
3051,0,,,"B","2",
3052,0,,,"B","2",
3053,0,,,"B","2",
3054,0,,,"B","2",
3055,0,,,"B","2",
3056,0,,,"B","2",
3057,0,,,"B","2",
3058,0,,,"B","2",
3059,0,,,"B","2",
3060,0,,,"B","2",
3061,0,,,"B","2",
3062,0,,,"B","2",
3063,0,,,"B","2",
3064,0,,,"B","2",
3065,0,,,"B","2",
3066,0,,,"B","2",
3067,0,,,"B","2",
3068,0,,,"B","2",
3069,0,,,"B","2",
3070,0,,,"B","2",
3071,0,,,"B","2",
3072,0,,,"B","2",
3073,0,,,"B","2",
3074,0,,,"B","2",
3075,0,,,"B","2",
3076,0,,,"B","2",
3077,0,,,"B","2",
3078,0,,,"B","2",
3079,0,,,"B","2",
3080,0,,,"B","2",
3081,0,,,"B","2",
3082,0,,,"B","2",
3083,0,,,"B","2",
3084,0,,,"B","2",
3085,0,,,"B","2",
3086,0,,,"B","2",
3087,0,,,"B","2",
3088,0,,,"B","2",
3089,0,,,"B","2",
3090,0,,,"B","2",
3091,0,,,"B","2",
3092,0,,,"B","2",
3093,0,,,"B","2",
3094,0,,,"B","2",
3095,0,,,"B","2",
3096,0,,,"B","2",
3097,0,,,"B","2",
3098,0,,,"B","2",
3099,0,,,"B","2",
3100,0,,,"B","2",
3101,0,,,"B","2",
3102,0,,,"B","2",
3103,0,,,"B","2",
3104,0,,,"B","2",
3105,0,,,"B","2",
3106,0,,,"B","2",
3107,0,,,"B","2",
3108,0,,,"B","2",
3109,0,,,"B","2",
3110,0,,,"B","2",
3111,0,,,"B","2",
3112,0,,,"B","2",
3113,0,,,"B","2",
3114,0,,,"B","2",
3115,0,,,"B","2",
3116,0,,,"B","2",
3117,0,,,"B","2",
3118,0,,,"B","2",
3119,0,,,"B","2",
3120,0,,,"B","2",
3121,0,,,"B","2",
3122,0,,,"B","2",
3123,0,,,"B","2",
3124,0,,,"B","2",
3125,0,,,"B","2",
3126,0,,,"B","2",
3127,0,,,"B","2",
3128,0,,,"B","2",
3129,0,,,"B","2",
3130,0,,,"B","2",
3131,0,,,"B","2",
3132,0,,,"B","2",
3133,0,,,"B","2",
3134,0,,,"B","2",
3135,0,,,"B","2",
3136,0,,,"B","2",
3137,0,,,"B","2",
3138,0,,,"B","2",
3139,0,,,"B","2",
3140,0,,,"B","2",
3141,0,,,"B","2",
3142,0,,,"B","2",
3143,0,,,"B","2",
3144,0,,,"B","2",
3145,0,,,"B","2",
3146,0,,,"B","2",
3147,0,,,"B","2",
3148,0,,,"B","2",
3149,0,,,"B","2",
3150,0,,,"B","2",
3151,0,,,"B","2",
3152,0,,,"B","2",
3153,0,,,"B","2",
3154,0,,,"B","2",
3155,0,,,"B","2",
3156,0,,,"B","2",
3157,0,,,"B","2",
3158,0,,,"B","2",
3159,0,,,"B","2",
3160,0,,,"B","2",
3161,0,,,"B","2",
3162,0,,,"B","2",
3163,0,,,"B","2",
3164,0,,,"B","2",
3165,0,,,"B","2",
3166,0,,,"B","2",
3167,0,,,"B","2",
3168,0,,,"B","2",
3169,0,,,"B","2",
3170,0,,,"B","2",
3171,0,,,"B","2",
3172,0,,,"B","2",
3173,0,,,"B","2",
3174,0,,,"B","2",
3175,0,,,"B","2",
3176,0,,,"B","2",
3177,0,,,"B","2",
3178,0,,,"B","2",
3179,0,,,"B","2",
3180,0,,,"B","2",
3181,0,,,"B","2",
3182,0,,,"B","2",
3183,0,,,"B","2",
3184,0,,,"B","2",
3185,0,,,"B","2",
3186,0,,,"B","2",
3187,0,,,"B","2",
3188,0,,,"B","2",
3189,0,,,"B","2",
3190,0,,,"B","2",
3191,0,,,"B","2",
3192,0,,,"B","2",
3193,0,,,"B","2",
3194,0,,,"B","2",
3195,0,,,"B","2",
3196,0,,,"B","2",
3197,0,,,"B","2",
3198,0,,,"B","2",
3199,0,,,"B","2",
3200,0,,,"B","2",
3201,0,,,"B","2",
3202,0,,,"B","2",
3203,0,,,"B","2",
3204,0,,,"B","2",
3205,0,,,"B","2",
3206,0,,,"B","2",
3207,0,,,"B","2",
3208,0,,,"B","2",
3209,0,,,"B","2",
3210,0,,,"B","2",
3211,0,,,"B","2",
3212,0,,,"B","2",
3213,0,,,"B","2",
3214,0,,,"B","2",
3215,0,,,"B","2",
3216,0,,,"B","2",
3217,0,,,"B","2",
3218,0,,,"B","2",
3219,0,,,"B","2",
3220,0,,,"B","2",
3221,0,,,"B","2",
3222,0,,,"B","2",
3223,0,,,"B","2",
3224,0,,,"B","2",
3225,0,,,"B","2",
3226,0,,,"B","2",
3227,0,,,"B","2",
3228,0,,,"B","2",
3229,0,,,"B","2",
3230,0,,,"B","2",
3231,0,,,"B","2",
3232,0,,,"B","2",
3233,0,,,"B","2",
3234,0,,,"B","2",
3235,0,,,"B","2",
3236,0,,,"B","2",
3237,0,,,"B","2",
3238,0,,,"B","2",
3239,0,,,"B","2",
3240,0,,,"B","2",
3241,0,,,"B","2",
3242,0,,,"B","2",
3243,0,,,"B","2",
3244,0,,,"B","2",
3245,0,,,"B","2",
3246,0,,,"B","2",
3247,0,,,"B","2",
3248,0,,,"B","2",
3249,0,,,"B","2",
3250,0,,,"B","2",
3251,0,,,"B","2",
3252,0,,,"B","2",
3253,0,,,"B","2",
3254,0,,,"B","2",
3255,0,,,"B","2",
3256,0,,,"B","2",
3257,0,,,"B","2",
3258,0,,,"B","2",
3259,0,,,"B","2",
3260,0,,,"B","2",
3261,0,,,"B","2",
3262,0,,,"B","2",
3263,0,,,"B","2",
3264,0,,,"B","2",
3265,0,,,"B","2",
3266,0,,,"B","2",
3267,0,,,"B","2",
3268,0,,,"B","2",
3269,0,,,"B","2",
3270,0,,,"B","2",
3271,0,,,"B","2",
3272,0,,,"B","2",
3273,0,,,"B","2",
3274,0,,,"B","2",
3275,0,,,"B","2",
3276,0,,,"B","2",
3277,0,,,"B","2",
3278,0,,,"B","2",
3279,0,,,"B","2",
3280,0,,,"B","2",
3281,0,,,"B","2",
3282,0,,,"B","2",
3283,0,,,"B","2",
3284,0,,,"B","2",
3285,0,,,"B","2",
3286,0,,,"B","2",
3287,0,,,"B","2",
3288,0,,,"B","2",
3289,0,,,"B","2",
3290,0,,,"B","2",
3291,0,,,"B","2",
3292,0,,,"B","2",
3293,0,,,"B","2",
3294,0,,,"B","2",
3295,0,,,"B","2",
3296,0,,,"B","2",
3297,0,,,"B","2",
3298,0,,,"B","2",
3299,0,,,"B","2",
3300,0,,,"B","2",
3301,0,,,"B","2",
3302,0,,,"B","2",
3303,0,,,"B","2",
3304,0,,,"B","2",
3305,0,,,"B","2",
3306,0,,,"B","2",
3307,0,,,"B","2",
3308,0,,,"B","2",
3309,0,,,"B","2",
3310,0,,,"B","2",
3311,0,,,"B","2",
3312,0,,,"B","2",
3313,0,,,"B","2",
3314,0,,,"B","2",
3315,0,,,"B","2",
3316,0,,,"B","2",
3317,0,,,"B","2",
3318,0,,,"B","2",
3319,0,,,"B","2",
3320,0,,,"B","2",
3321,0,,,"B","2",
3322,0,,,"B","2",
3323,0,,,"B","2",
3324,0,,,"B","2",
3325,0,,,"B","2",
3326,0,,,"B","2",
3327,0,,,"B","2",
3328,0,,,"B","2",
3329,0,,,"B","2",
3330,0,,,"B","2",
3331,0,,,"B","2",
3332,0,,,"B","2",
3333,0,,,"B","2",
3334,0,,,"B","2",
3335,0,,,"B","2",
3336,0,,,"B","2",
3337,0,,,"B","2",
3338,0,,,"B","2",
3339,0,,,"B","2",
3340,0,,,"B","2",
3341,0,,,"B","2",
3342,0,,,"B","2",
3343,0,,,"B","2",
3344,0,,,"B","2",
3345,0,,,"B","2",
3346,0,,,"B","2",
3347,0,,,"B","2",
3348,0,,,"B","2",
3349,0,,,"B","2",
3350,0,,,"B","2",
3351,0,,,"B","2",
3352,0,,,"B","2",
3353,0,,,"B","2",
3354,0,,,"B","2",
3355,0,,,"B","2",
3356,0,,,"B","2",
3357,0,,,"B","2",
3358,0,,,"B","2",
3359,0,,,"B","2",
3360,0,,,"B","2",
3361,0,,,"B","2",
3362,0,,,"B","2",
3363,0,,,"B","2",
3364,0,,,"B","2",
3365,0,,,"B","2",
3366,0,,,"B","2",
3367,0,,,"B","2",
3368,0,,,"B","2",
3369,0,,,"B","2",
3370,0,,,"B","2",
3371,0,,,"B","2",
3372,0,,,"B","2",
3373,0,,,"B","2",
3374,0,,,"B","2",
3375,0,,,"B","2",
3376,0,,,"B","2",
3377,0,,,"B","2",
3378,0,,,"B","2",
3379,0,,,"B","2",
3380,0,,,"B","2",
3381,0,,,"B","2",
3382,0,,,"B","2",
3383,0,,,"B","2",
3384,0,,,"B","2",
3385,0,,,"B","2",
3386,0,,,"B","2",
3387,0,,,"B","2",
3388,0,,,"B","2",
3389,0,,,"B","2",
3390,0,,,"B","2",
3391,0,,,"B","2",
3392,0,,,"B","2",
3393,0,,,"B","2",
3394,0,,,"B","2",
3395,0,,,"B","2",
3396,0,,,"B","2",
3397,0,,,"B","2",
3398,0,,,"B","2",
3399,0,,,"B","2",
3400,0,,,"B","2",
3401,0,,,"B","2",
3402,0,,,"B","2",
3403,0,,,"B","2",
3404,0,,,"B","2",
3405,0,,,"B","2",
3406,0,,,"B","2",
3407,0,,,"B","2",
3408,0,,,"B","2",
3409,0,,,"B","2",
3410,0,,,"B","2",
3411,0,,,"B","2",
3412,0,,,"B","2",
3413,0,,,"B","2",
3414,0,,,"B","2",
3415,0,,,"B","2",
3416,0,,,"B","2",
3417,0,,,"B","2",
3418,0,,,"B","2",
3419,0,,,"B","2",
3420,0,,,"B","2",
3421,0,,,"B","2",
3422,0,,,"B","2",
3423,0,,,"B","2",
3424,0,,,"B","2",
3425,0,,,"B","2",
3426,0,,,"B","2",
3427,0,,,"B","2",
3428,0,,,"B","2",
3429,0,,,"B","2",
3430,0,,,"B","2",
3431,0,,,"B","2",
3432,0,,,"B","2",
3433,0,,,"B","2",
3434,0,,,"B","2",
3435,0,,,"B","2",
3436,0,,,"B","2",
3437,0,,,"B","2",
3438,0,,,"B","2",
3439,0,,,"B","2",
3440,0,,,"B","2",
3441,0,,,"B","2",
3442,0,,,"B","2",
3443,0,,,"B","2",
3444,0,,,"B","2",
3445,0,,,"B","2",
3446,0,,,"B","2",
3447,0,,,"B","2",
3448,0,,,"B","2",
3449,0,,,"B","2",
3450,0,,,"B","2",
3451,0,,,"B","2",
3452,0,,,"B","2",
3453,0,,,"B","2",
3454,0,,,"B","2",
3455,0,,,"B","2",
3456,0,,,"B","2",
3457,0,,,"B","2",
3458,0,,,"B","2",
3459,0,,,"B","2",
3460,0,,,"B","2",
3461,0,,,"B","2",
3462,0,,,"B","2",
3463,0,,,"B","2",
3464,0,,,"B","2",
3465,0,,,"B","2",
3466,0,,,"B","2",
3467,0,,,"B","2",
3468,0,,,"B","2",
3469,0,,,"B","2",
3470,0,,,"B","2",
3471,0,,,"B","2",
3472,0,,,"B","2",
3473,0,,,"B","2",
3474,0,,,"B","2",
3475,0,,,"B","2",
3476,0,,,"B","2",
3477,0,,,"B","2",
3478,0,,,"B","2",
3479,0,,,"B","2",
3480,0,,,"B","2",
3481,0,,,"B","2",
3482,0,,,"B","2",
3483,0,,,"B","2",
3484,0,,,"B","2",
3485,0,,,"B","2",
3486,0,,,"B","2",
3487,0,,,"B","2",
3488,0,,,"B","2",
3489,0,,,"B","2",
3490,0,,,"B","2",
3491,0,,,"B","2",
3492,0,,,"B","2",
3493,0,,,"B","2",
3494,0,,,"B","2",
3495,0,,,"B","2",
3496,0,,,"B","2",
3497,0,,,"B","2",
3498,0,,,"B","2",
3499,0,,,"B","2",
3500,0,,,"B","2",
3501,0,,,"B","2",
3502,0,,,"B","2",
3503,0,,,"B","2",
3504,0,,,"B","2",
3505,0,,,"B","2",
3506,0,,,"B","2",
3507,0,,,"B","2",
3508,0,,,"B","2",
3509,0,,,"B","2",
3510,0,,,"B","2",
3511,0,,,"B","2",
3512,0,,,"B","2",
3513,0,,,"B","2",
3514,0,,,"B","2",
3515,0,,,"B","2",
3516,0,,,"B","2",
3517,0,,,"B","2",
3518,0,,,"B","2",
3519,0,,,"B","2",
3520,0,,,"B","2",
3521,0,,,"B","2",
3522,0,,,"B","2",
3523,0,,,"B","2",
3524,0,,,"B","2",
3525,0,,,"B","2",
3526,0,,,"B","2",
3527,0,,,"B","2",
3528,0,,,"B","2",
3529,0,,,"B","2",
3530,0,,,"B","2",
3531,0,,,"B","2",
3532,0,,,"B","2",
3533,0,,,"B","2",
3534,0,,,"B","2",
3535,0,,,"B","2",
3536,0,,,"B","2",
3537,0,,,"B","2",
3538,0,,,"B","2",
3539,0,,,"B","2",
3540,0,,,"B","2",
3541,0,,,"B","2",
3542,0,,,"B","2",
3543,0,,,"B","2",
3544,0,,,"B","2",
3545,0,,,"B","2",
3546,0,,,"B","2",
3547,0,,,"B","2",
3548,0,,,"B","2",
3549,0,,,"B","2",
3550,0,,,"B","2",
3551,0,,,"B","2",
3552,0,,,"B","2",
3553,0,,,"B","2",
3554,0,,,"B","2",
3555,0,,,"B","2",
3556,0,,,"B","2",
3557,0,,,"B","2",
3558,0,,,"B","2",
3559,0,,,"B","2",
3560,0,,,"B","2",
3561,0,,,"B","2",
3562,0,,,"B","2",
3563,0,,,"B","2",
3564,0,,,"B","2",
3565,0,,,"B","2",
3566,0,,,"B","2",
3567,0,,,"B","2",
3568,0,,,"B","2",
3569,0,,,"B","2",
3570,0,,,"B","2",
3571,0,,,"B","2",
3572,0,,,"B","2",
3573,0,,,"B","2",
3574,0,,,"B","2",
3575,0,,,"B","2",
3576,0,,,"B","2",
3577,0,,,"B","2",
3578,0,,,"B","2",
3579,0,,,"B","2",
3580,0,,,"B","2",
3581,0,,,"B","2",
3582,0,,,"B","2",
3583,0,,,"B","2",
3584,0,,,"B","2",
3585,0,,,"B","2",
3586,0,,,"B","2",
3587,0,,,"B","2",
3588,0,,,"B","2",
3589,0,,,"B","2",
3590,0,,,"B","2",
3591,0,,,"B","2",
3592,0,,,"B","2",
3593,0,,,"B","2",
3594,0,,,"B","2",
3595,0,,,"B","2",
3596,0,,,"B","2",
3597,0,,,"B","2",
3598,0,,,"B","2",
3599,0,,,"B","2",
3600,0,,,"B","2",
3601,0,,,"B","2",
3602,0,,,,"0",
3603,0,,,,"0",
3604,0,,,,"0",
3605,0,,,,"0",
3606,0,,,,"0",
3607,0,,,,"0",
3608,0,,,,"0",
3609,0,,,,"0",
3610,0,,,,"0",
3611,0,,,,"0",
3612,0,,,,"0",
3613,0,,,,"0",
3614,0,,,,"0",
3615,0,,,,"0",
3616,0,,,,"0",
3617,0,,,,"0",
3618,0,,,,"0",
3619,0,,,,"0",
3620,0,,,,"0",
3621,0,,,,"0",
3622,0,,,,"0",
3623,0,,,,"0",
3624,0,,,,"0",
3625,0,,,,"0",
3626,0,,,,"0",
3627,0,,,,"0",
3628,0,,,,"0",
3629,0,,,,"0",
3630,0,,,,"0",
3631,0,,,,"0",
3632,0,,,,"0",
3633,0,,,,"0",
3634,0,,,,"0",
3635,0,,,,"0",
3636,0,,,,"0",
3637,0,,,,"0",
3638,0,,,,"0",
3639,0,,,,"0",
3640,0,,,,"0",
3641,0,,,,"0",
3642,0,,,,"0",
3643,0,,,,"0",
3644,0,,,,"0",
3645,0,,,,"0",
3646,0,,,,"0",
3647,0,,,,"0",
3648,0,,,,"0",
3649,0,,,,"0",
3650,0,,,,"0",
3651,0,,,,"0",
3652,0,,,,"0",
3653,0,,,,"0",
3654,0,,,,"0",
3655,0,,,,"0",
3656,0,,,,"0",
3657,0,,,,"0",
3658,0,,,,"0",
3659,0,,,,"0",
3660,0,,,,"0",
3661,0,,,,"0",
3662,0,,,,"0",
3663,0,,,,"0",
3664,0,,,,"0",
3665,0,,,,"0",
3666,0,,,,"0",
3667,0,,,,"0",
3668,0,,,,"0",
3669,0,,,,"0",
3670,0,,,,"0",
3671,0,,,,"0",
3672,0,,,,"0",
3673,0,,,,"0",
3674,0,,,,"0",
3675,0,,,,"0",
3676,0,,,,"0",
3677,0,,,,"0",
3678,0,,,,"0",
3679,0,,,,"0",
3680,0,,,,"0",
3681,0,,,,"0",
3682,0,,,,"0",
3683,0,,,,"0",
3684,0,,,,"0",
3685,0,,,,"0",
3686,0,,,,"0",
3687,0,,,,"0",
3688,0,,,,"0",
3689,0,,,,"0",
3690,0,,,,"0",
3691,0,,,,"0",
3692,0,,,,"0",
3693,0,,,,"0",
3694,0,,,,"0",
3695,0,,,,"0",
3696,0,,,,"0",
3697,0,,,,"0",
3698,0,,,,"0",
3699,0,,,,"0",
3700,0,,,,"0",
3701,0,,,,"0",
3702,0,,,,"0",
3703,0,,,,"0",
3704,0,,,,"0",
3705,0,,,,"0",
3706,0,,,,"0",
3707,0,,,,"0",
3708,0,,,,"0",
3709,0,,,,"0",
3710,0,,,,"0",
3711,0,,,,"0",
3712,0,,,,"0",
3713,0,,,,"0",
3714,0,,,,"0",
3715,0,,,,"0",
3716,0,,,,"0",
3717,0,,,,"0",
3718,0,,,,"0",
3719,0,,,,"0",
3720,0,,,,"0",
3721,0,,,,"0",
3722,0,,,,"0",
3723,0,,,,"0",
3724,0,,,,"0",
3725,0,,,,"0",
3726,0,,,,"0",
3727,0,,,,"0",
3728,0,,,,"0",
3729,0,,,,"0",
3730,0,,,,"0",
3731,0,,,,"0",
3732,0,,,,"0",
3733,0,,,,"0",
3734,0,,,,"0",
3735,0,,,,"0",
3736,0,,,,"0",
3737,0,,,,"0",
3738,0,,,,"0",
3739,0,,,,"0",
3740,0,,,,"0",
3741,0,,,,"0",
3742,0,,,,"0",
3743,0,,,,"0",
3744,0,,,,"0",
3745,0,,,,"0",
3746,0,,,,"0",
3747,0,,,,"0",
3748,0,,,,"0",
3749,0,,,,"0",
3750,0,,,,"0",
3751,0,,,,"0",
3752,0,,,,"0",
3753,0,,,,"0",
3754,0,,,,"0",
3755,0,,,,"0",
3756,0,,,,"0",
3757,0,,,,"0",
3758,0,,,,"0",
3759,0,,,,"0",
3760,0,,,,"0",
3761,0,,,,"0",
3762,0,,,,"0",
3763,0,,,,"0",
3764,0,,,,"0",
3765,0,,,,"0",
3766,0,,,,"0",
3767,0,,,,"0",
3768,0,,,,"0",
3769,0,,,,"0",
3770,0,,,,"0",
3771,0,,,,"0",
3772,0,,,,"0",
3773,0,,,,"0",
3774,0,,,,"0",
3775,0,,,,"0",
3776,0,,,,"0",
3777,0,,,,"0",
3778,0,,,,"0",
3779,0,,,,"0",
3780,0,,,,"0",
3781,0,,,,"0",
3782,0,,,,"0",
3783,0,,,,"0",
3784,0,,,,"0",
3785,0,,,,"0",
3786,0,,,,"0",
3787,0,,,,"0",
3788,0,,,,"0",
3789,0,,,,"0",
3790,0,,,,"0",
3791,0,,,,"0",
3792,0,,,,"0",
3793,0,,,,"0",
3794,0,,,,"0",
3795,0,,,,"0",
3796,0,,,,"0",
3797,0,,,,"0",
3798,0,,,,"0",
3799,0,,,,"0",
3800,0,,,,"0",
3801,0,,,,"0",
3802,0,,,,"0",
3803,0,,,,"0",
3804,0,,,,"0",
3805,0,,,,"0",
3806,0,,,,"0",
3807,0,,,,"0",
3808,0,,,,"0",
3809,0,,,,"0",
3810,0,,,,"0",
3811,0,,,,"0",
3812,0,,,,"0",
3813,0,,,,"0",
3814,0,,,,"0",
3815,0,,,,"0",
3816,0,,,,"0",
3817,0,,,,"0",
3818,0,,,,"0",
3819,0,,,,"0",
3820,0,,,,"0",
3821,0,,,,"0",
3822,0,,,,"0",
3823,0,,,,"0",
3824,0,,,,"0",
3825,0,,,,"0",
3826,0,,,,"0",
3827,0,,,,"0",
3828,0,,,,"0",
3829,0,,,,"0",
3830,0,,,,"0",
3831,0,,,,"0",
3832,0,,,,"0",
3833,0,,,,"0",
3834,0,,,,"0",
3835,0,,,,"0",
3836,0,,,,"0",
3837,0,,,,"0",
3838,0,,,,"0",
3839,0,,,,"0",
3840,0,,,,"0",
3841,0,,,,"0",
3842,0,,,,"0",
3843,0,,,,"0",
3844,0,,,,"0",
3845,0,,,,"0",
3846,0,,,,"0",
3847,0,,,,"0",
3848,0,,,,"0",
3849,0,,,,"0",
3850,0,,,,"0",
3851,0,,,,"0",
3852,0,,,,"0",
3853,0,,,,"0",
3854,0,,,,"0",
3855,0,,,,"0",
3856,0,,,,"0",
3857,0,,,,"0",
3858,0,,,,"0",
3859,0,,,,"0",
3860,0,,,,"0",
3861,0,,,,"0",
3862,0,,,,"0",
3863,0,,,,"0",
3864,0,,,,"0",
3865,0,,,,"0",
3866,0,,,,"0",
3867,0,,,,"0",
3868,0,,,,"0",
3869,0,,,,"0",
3870,0,,,,"0",
3871,0,,,,"0",
3872,0,,,,"0",
3873,0,,,,"0",
3874,0,,,,"0",
3875,0,,,,"0",
3876,0,,,,"0",
3877,0,,,,"0",
3878,0,,,,"0",
3879,0,,,,"0",
3880,0,,,,"0",
3881,0,,,,"0",
3882,0,,,,"0",
3883,0,,,,"0",
3884,0,,,,"0",
3885,0,,,,"0",
3886,0,,,,"0",
3887,0,,,,"0",
3888,0,,,,"0",
3889,0,,,,"0",
3890,0,,,,"0",
3891,0,,,,"0",
3892,0,,,,"0",
3893,0,,,,"0",
3894,0,,,,"0",
3895,0,,,,"0",
3896,0,,,,"0",
3897,0,,,,"0",
3898,0,,,,"0",
3899,0,,,,"0",
3900,0,,,,"0",
3901,0,,,,"0",
3902,0,,,,"0",
3903,0,,,,"0",
3904,0,,,,"0",
3905,0,,,,"0",
3906,0,,,,"0",
3907,0,,,,"0",
3908,0,,,,"0",
3909,0,,,,"0",
3910,0,,,,"0",
3911,0,,,,"0",
3912,0,,,,"0",
3913,0,,,,"0",
3914,0,,,,"0",
3915,0,,,,"0",
3916,0,,,,"0",
3917,0,,,,"0",
3918,0,,,,"0",
3919,0,,,,"0",
3920,0,,,,"0",
3921,0,,,,"0",
3922,0,,,,"0",
3923,0,,,,"0",
3924,0,,,,"0",
3925,0,,,,"0",
3926,0,,,,"0",
3927,0,,,,"0",
3928,0,,,,"0",
3929,0,,,,"0",
3930,0,,,,"0",
3931,0,,,,"0",
3932,0,,,,"0",
3933,0,,,,"0",
3934,0,,,,"0",
3935,0,,,,"0",
3936,0,,,,"0",
3937,0,,,,"0",
3938,0,,,,"0",
3939,0,,,,"0",
3940,0,,,,"0",
3941,0,,,,"0",
3942,0,,,,"0",
3943,0,,,,"0",
3944,0,,,,"0",
3945,0,,,,"0",
3946,0,,,,"0",
3947,0,,,,"0",
3948,0,,,,"0",
3949,0,,,,"0",
3950,0,,,,"0",
3951,0,,,,"0",
3952,0,,,,"0",
3953,0,,,,"0",
3954,0,,,,"0",
3955,0,,,,"0",
3956,0,,,,"0",
3957,0,,,,"0",
3958,0,,,,"0",
3959,0,,,,"0",
3960,0,,,,"0",
3961,0,,,,"0",
3962,0,,,,"0",
3963,0,,,,"0",
3964,0,,,,"0",
3965,0,,,,"0",
3966,0,,,,"0",
3967,0,,,,"0",
3968,0,,,,"0",
3969,0,,,,"0",
3970,0,,,,"0",
3971,0,,,,"0",
3972,0,,,,"0",
3973,0,,,,"0",
3974,0,,,,"0",
3975,0,,,,"0",
3976,0,,,,"0",
3977,0,,,,"0",
3978,0,,,,"0",
3979,0,,,,"0",
3980,0,,,,"0",
3981,0,,,,"0",
3982,0,,,,"0",
3983,0,,,,"0",
3984,0,,,,"0",
3985,0,,,,"0",
3986,0,,,,"0",
3987,0,,,,"0",
3988,0,,,,"0",
3989,0,,,,"0",
3990,0,,,,"0",
3991,0,,,,"0",
3992,0,,,,"0",
3993,0,,,,"0",
3994,0,,,,"0",
3995,0,,,,"0",
3996,0,,,,"0",
3997,0,,,,"0",
3998,0,,,,"0",
3999,0,,,,"0",
4000,0,,,,"0",
4001,0,,,,"0",
4002,0,,,,"0",
4003,0,,,,"0",
4004,0,,,,"0",
4005,0,,,,"0",
4006,0,,,,"0",
4007,0,,,,"0",
4008,0,,,,"0",
4009,0,,,,"0",
4010,0,,,,"0",
4011,0,,,,"0",
4012,0,,,,"0",
4013,0,,,,"0",
4014,0,,,,"0",
4015,0,,,,"0",
4016,0,,,,"0",
4017,0,,,,"0",
4018,0,,,,"0",
4019,0,,,,"0",
4020,0,,,,"0",
4021,0,,,,"0",
4022,0,,,,"0",
4023,0,,,,"0",
4024,0,,,,"0",
4025,0,,,,"0",
4026,0,,,,"0",
4027,0,,,,"0",
4028,0,,,,"0",
4029,0,,,,"0",
4030,0,,,,"0",
4031,0,,,,"0",
4032,0,,,,"0",
4033,0,,,,"0",
4034,0,,,,"0",
4035,0,,,,"0",
4036,0,,,,"0",
4037,0,,,,"0",
4038,0,,,,"0",
4039,0,,,,"0",
4040,0,,,,"0",
4041,0,,,,"0",
4042,0,,,,"0",
4043,0,,,,"0",
4044,0,,,,"0",
4045,0,,,,"0",
4046,0,,,,"0",
4047,0,,,,"0",
4048,0,,,,"0",
4049,0,,,,"0",
4050,0,,,,"0",
4051,0,,,,"0",
4052,0,,,,"0",
4053,0,,,,"0",
4054,0,,,,"0",
4055,0,,,,"0",
4056,0,,,,"0",
4057,0,,,,"0",
4058,0,,,,"0",
4059,0,,,,"0",
4060,0,,,,"0",
4061,0,,,,"0",
4062,0,,,,"0",
4063,0,,,,"0",
4064,0,,,,"0",
4065,0,,,,"0",
4066,0,,,,"0",
4067,0,,,,"0",
4068,0,,,,"0",
4069,0,,,,"0",
4070,0,,,,"0",
4071,0,,,,"0",
4072,0,,,,"0",
4073,0,,,,"0",
4074,0,,,,"0",
4075,0,,,,"0",
4076,0,,,,"0",
4077,0,,,,"0",
4078,0,,,,"0",
4079,0,,,,"0",
4080,0,,,,"0",
4081,0,,,,"0",
4082,0,,,,"0",
4083,0,,,,"0",
4084,0,,,,"0",
4085,0,,,,"0",
4086,0,,,,"0",
4087,0,,,,"0",
4088,0,,,,"0",
4089,0,,,,"0",
4090,0,,,,"0",
4091,0,,,,"0",
4092,0,,,,"0",
4093,0,,,,"0",
4094,0,,,,"0",
4095,0,,,,"0",
4096,0,,,,"0",
4097,0,,,,"0",
4098,0,,,,"0",
4099,0,,,,"0",
4100,0,,,,"0",
4101,0,,,,"0",
4102,0,,,,"0",
4103,0,,,,"0",
4104,0,,,,"0",
4105,0,,,,"0",
4106,0,,,,"0",
4107,0,,,,"0",
4108,0,,,,"0",
4109,0,,,,"0",
4110,0,,,,"0",
4111,0,,,,"0",
4112,0,,,,"0",
4113,0,,,,"0",
4114,0,,,,"0",
4115,0,,,,"0",
4116,0,,,,"0",
4117,0,,,,"0",
4118,0,,,,"0",
4119,0,,,,"0",
4120,0,,,,"0",
4121,0,,,,"0",
4122,0,,,,"0",
4123,0,,,,"0",
4124,0,,,,"0",
4125,0,,,,"0",
4126,0,,,,"0",
4127,0,,,,"0",
4128,0,,,,"0",
4129,0,,,,"0",
4130,0,,,,"0",
4131,0,,,,"0",
4132,0,,,,"0",
4133,0,,,,"0",
4134,0,,,,"0",
4135,0,,,,"0",
4136,0,,,,"0",
4137,0,,,,"0",
4138,0,,,,"0",
4139,0,,,,"0",
4140,0,,,,"0",
4141,0,,,,"0",
4142,0,,,,"0",
4143,0,,,,"0",
4144,0,,,,"0",
4145,0,,,,"0",
4146,0,,,,"0",
4147,0,,,,"0",
4148,0,,,,"0",
4149,0,,,,"0",
4150,0,,,,"0",
4151,0,,,,"0",
4152,0,,,,"0",
4153,0,,,,"0",
4154,0,,,,"0",
4155,0,,,,"0",
4156,0,,,,"0",
4157,0,,,,"0",
4158,0,,,,"0",
4159,0,,,,"0",
4160,0,,,,"0",
4161,0,,,,"0",
4162,0,,,,"0",
4163,0,,,,"0",
4164,0,,,,"0",
4165,0,,,,"0",
4166,0,,,,"0",
4167,0,,,,"0",
4168,0,,,,"0",
4169,0,,,,"0",
4170,0,,,,"0",
4171,0,,,,"0",
4172,0,,,,"0",
4173,0,,,,"0",
4174,0,,,,"0",
4175,0,,,,"0",
4176,0,,,,"0",
4177,0,,,,"0",
4178,0,,,,"0",
4179,0,,,,"0",
4180,0,,,,"0",
4181,0,,,,"0",
4182,0,,,,"0",
4183,0,,,,"0",
4184,0,,,,"0",
4185,0,,,,"0",
4186,0,,,,"0",
4187,0,,,,"0",
4188,0,,,,"0",
4189,0,,,,"0",
4190,0,,,,"0",
4191,0,,,,"0",
4192,0,,,,"0",
4193,0,,,,"0",
4194,0,,,,"0",
4195,0,,,,"0",
4196,0,,,,"0",
4197,0,,,,"0",
4198,0,,,,"0",
4199,0,,,,"0",
4200,0,,,,"0",
4201,0,,,,"0",
4202,0,,,,"0",
4203,0,,,,"0",
4204,0,,,,"0",
4205,0,,,,"0",
4206,0,,,,"0",
4207,0,,,,"0",
4208,0,,,,"0",
4209,0,,,,"0",
4210,0,,,,"0",
4211,0,,,,"0",
4212,0,,,,"0",
4213,0,,,,"0",
4214,0,,,,"0",
4215,0,,,,"0",
4216,0,,,,"0",
4217,0,,,,"0",
4218,0,,,,"0",
4219,0,,,,"0",
4220,0,,,,"0",
4221,0,,,,"0",
4222,0,,,,"0",
4223,0,,,,"0",
4224,0,,,,"0",
4225,0,,,,"0",
4226,0,,,,"0",
4227,0,,,,"0",
4228,0,,,,"0",
4229,0,,,,"0",
4230,0,,,,"0",
4231,0,,,,"0",
4232,0,,,,"0",
4233,0,,,,"0",
4234,0,,,,"0",
4235,0,,,,"0",
4236,0,,,,"0",
4237,0,,,,"0",
4238,0,,,,"0",
4239,0,,,,"0",
4240,0,,,,"0",
4241,0,,,,"0",
4242,0,,,,"0",
4243,0,,,,"0",
4244,0,,,,"0",
4245,0,,,,"0",
4246,0,,,,"0",
4247,0,,,,"0",
4248,0,,,,"0",
4249,0,,,,"0",
4250,0,,,,"0",
4251,0,,,,"0",
4252,0,,,,"0",
4253,0,,,,"0",
4254,0,,,,"0",
4255,0,,,,"0",
4256,0,,,,"0",
4257,0,,,,"0",
4258,0,,,,"0",
4259,0,,,,"0",
4260,0,,,,"0",
4261,0,,,,"0",
4262,0,,,,"0",
4263,0,,,,"0",
4264,0,,,,"0",
4265,0,,,,"0",
4266,0,,,,"0",
4267,0,,,,"0",
4268,0,,,,"0",
4269,0,,,,"0",
4270,0,,,,"0",
4271,0,,,,"0",
4272,0,,,,"0",
4273,0,,,,"0",
4274,0,,,,"0",
4275,0,,,,"0",
4276,0,,,,"0",
4277,0,,,,"0",
4278,0,,,,"0",
4279,0,,,,"0",
4280,0,,,,"0",
4281,0,,,,"0",
4282,0,,,,"0",
4283,0,,,,"0",
4284,0,,,,"0",
4285,0,,,,"0",
4286,0,,,,"0",
4287,0,,,,"0",
4288,0,,,,"0",
4289,0,,,,"0",
4290,0,,,,"0",
4291,0,,,,"0",
4292,0,,,,"0",
4293,0,,,,"0",
4294,0,,,,"0",
4295,0,,,,"0",
4296,0,,,,"0",
4297,0,,,,"0",
4298,0,,,,"0",
4299,0,,,,"0",
4300,0,,,,"0",
4301,0,,,,"0",
4302,0,,,,"0",
4303,0,,,,"0",
4304,0,,,,"0",
4305,0,,,,"0",
4306,0,,,,"0",
4307,0,,,,"0",
4308,0,,,,"0",
4309,0,,,,"0",
4310,0,,,,"0",
4311,0,,,,"0",
4312,0,,,,"0",
4313,0,,,,"0",
4314,0,,,,"0",
4315,0,,,,"0",
4316,0,,,,"0",
4317,0,,,,"0",
4318,0,,,,"0",
4319,0,,,,"0",
4320,0,,,,"0",
4321,0,,,,"0",
4322,0,,,,"0",
4323,0,,,,"0",
4324,0,,,,"0",
4325,0,,,,"0",
4326,0,,,,"0",
4327,0,,,,"0",
4328,0,,,,"0",
4329,0,,,,"0",
4330,0,,,,"0",
4331,0,,,,"0",
4332,0,,,,"0",
4333,0,,,,"0",
4334,0,,,,"0",
4335,0,,,,"0",
4336,0,,,,"0",
4337,0,,,,"0",
4338,0,,,,"0",
4339,0,,,,"0",
4340,0,,,,"0",
4341,0,,,,"0",
4342,0,,,,"0",
4343,0,,,,"0",
4344,0,,,,"0",
4345,0,,,,"0",
4346,0,,,,"0",
4347,0,,,,"0",
4348,0,,,,"0",
4349,0,,,,"0",
4350,0,,,,"0",
4351,0,,,,"0",
4352,0,,,,"0",
4353,0,,,,"0",
4354,0,,,,"0",
4355,0,,,,"0",
4356,0,,,,"0",
4357,0,,,,"0",
4358,0,,,,"0",
4359,0,,,,"0",
4360,0,,,,"0",
4361,0,,,,"0",
4362,0,,,,"0",
4363,0,,,,"0",
4364,0,,,,"0",
4365,0,,,,"0",
4366,0,,,,"0",
4367,0,,,,"0",
4368,0,,,,"0",
4369,0,,,,"0",
4370,0,,,,"0",
4371,0,,,,"0",
4372,0,,,,"0",
4373,0,,,,"0",
4374,0,,,,"0",
4375,0,,,,"0",
4376,0,,,,"0",
4377,0,,,,"0",
4378,0,,,,"0",
4379,0,,,,"0",
4380,0,,,,"0",
4381,0,,,,"0",
4382,0,,,,"0",
4383,0,,,,"0",
4384,0,,,,"0",
4385,0,,,,"0",
4386,0,,,,"0",
4387,0,,,,"0",
4388,0,,,,"0",
4389,0,,,,"0",
4390,0,,,,"0",
4391,0,,,,"0",
4392,0,,,,"0",
4393,0,,,,"0",
4394,0,,,,"0",
4395,0,,,,"0",
4396,0,,,,"0",
4397,0,,,,"0",
4398,0,,,,"0",
4399,0,,,,"0",
4400,0,,,,"0",
4401,0,,,,"0",
4402,0,,,,"0",
4403,0,,,,"0",
4404,0,,,,"0",
4405,0,,,,"0",
4406,0,,,,"0",
4407,0,,,,"0",
4408,0,,,,"0",
4409,0,,,,"0",
4410,0,,,,"0",
4411,0,,,,"0",
4412,0,,,,"0",
4413,0,,,,"0",
4414,0,,,,"0",
4415,0,,,,"0",
4416,0,,,,"0",
4417,0,,,,"0",
4418,0,,,,"0",
4419,0,,,,"0",
4420,0,,,,"0",
4421,0,,,,"0",
4422,0,,,,"0",
4423,0,,,,"0",
4424,0,,,,"0",
4425,0,,,,"0",
4426,0,,,,"0",
4427,0,,,,"0",
4428,0,,,,"0",
4429,0,,,,"0",
4430,0,,,,"0",
4431,0,,,,"0",
4432,0,,,,"0",
4433,0,,,,"0",
4434,0,,,,"0",
4435,0,,,,"0",
4436,0,,,,"0",
4437,0,,,,"0",
4438,0,,,,"0",
4439,0,,,,"0",
4440,0,,,,"0",
4441,0,,,,"0",
4442,0,,,,"0",
4443,0,,,,"0",
4444,0,,,,"0",
4445,0,,,,"0",
4446,0,,,,"0",
4447,0,,,,"0",
4448,0,,,,"0",
4449,0,,,,"0",
4450,0,,,,"0",
4451,0,,,,"0",
4452,0,,,,"0",
4453,0,,,,"0",
4454,0,,,,"0",
4455,0,,,,"0",
4456,0,,,,"0",
4457,0,,,,"0",
4458,0,,,,"0",
4459,0,,,,"0",
4460,0,,,,"0",
4461,0,,,,"0",
4462,0,,,,"0",
4463,0,,,,"0",
4464,0,,,,"0",
4465,0,,,,"0",
4466,0,,,,"0",
4467,0,,,,"0",
4468,0,,,,"0",
4469,0,,,,"0",
4470,0,,,,"0",
4471,0,,,,"0",
4472,0,,,,"0",
4473,0,,,,"0",
4474,0,,,,"0",
4475,0,,,,"0",
4476,0,,,,"0",
4477,0,,,,"0",
4478,0,,,,"0",
4479,0,,,,"0",
4480,0,,,,"0",
4481,0,,,,"0",
4482,0,,,,"0",
4483,0,,,,"0",
4484,0,,,,"0",
4485,0,,,,"0",
4486,0,,,,"0",
4487,0,,,,"0",
4488,0,,,,"0",
4489,0,,,,"0",
4490,0,,,,"0",
4491,0,,,,"0",
4492,0,,,,"0",
4493,0,,,,"0",
4494,0,,,,"0",
4495,0,,,,"0",
4496,0,,,,"0",
4497,0,,,,"0",
4498,0,,,,"0",
4499,0,,,,"0",
4500,0,,,,"0",
4501,0,,,,"0",
4502,0,,,,"0",
4503,0,,,,"0",
4504,0,,,,"0",
4505,0,,,,"0",
4506,0,,,,"0",
4507,0,,,,"0",
4508,0,,,,"0",
4509,0,,,,"0",
4510,0,,,,"0",
4511,0,,,,"0",
4512,0,,,,"0",
4513,0,,,,"0",
4514,0,,,,"0",
4515,0,,,,"0",
4516,0,,,,"0",
4517,0,,,,"0",
4518,0,,,,"0",
4519,0,,,,"0",
4520,0,,,,"0",
4521,0,,,,"0",
4522,0,,,,"0",
4523,0,,,,"0",
4524,0,,,,"0",
4525,0,,,,"0",
4526,0,,,,"0",
4527,0,,,,"0",
4528,0,,,,"0",
4529,0,,,,"0",
4530,0,,,,"0",
4531,0,,,,"0",
4532,0,,,,"0",
4533,0,,,,"0",
4534,0,,,,"0",
4535,0,,,,"0",
4536,0,,,,"0",
4537,0,,,,"0",
4538,0,,,,"0",
4539,0,,,,"0",
4540,0,,,,"0",
4541,0,,,,"0",
4542,0,,,,"0",
4543,0,,,,"0",
4544,0,,,,"0",
4545,0,,,,"0",
4546,0,,,,"0",
4547,0,,,,"0",
4548,0,,,,"0",
4549,0,,,,"0",
4550,0,,,,"0",
4551,0,,,,"0",
4552,0,,,,"0",
4553,0,,,,"0",
4554,0,,,,"0",
4555,0,,,,"0",
4556,0,,,,"0",
4557,0,,,,"0",
4558,0,,,,"0",
4559,0,,,,"0",
4560,0,,,,"0",
4561,0,,,,"0",
4562,0,,,,"0",
4563,0,,,,"0",
4564,0,,,,"0",
4565,0,,,,"0",
4566,0,,,,"0",
4567,0,,,,"0",
4568,0,,,,"0",
4569,0,,,,"0",
4570,0,,,,"0",
4571,0,,,,"0",
4572,0,,,,"0",
4573,0,,,,"0",
4574,0,,,,"0",
4575,0,,,,"0",
4576,0,,,,"0",
4577,0,,,,"0",
4578,0,,,,"0",
4579,0,,,,"0",
4580,0,,,,"0",
4581,0,,,,"0",
4582,0,,,,"0",
4583,0,,,,"0",
4584,0,,,,"0",
4585,0,,,,"0",
4586,0,,,,"0",
4587,0,,,,"0",
4588,0,,,,"0",
4589,0,,,,"0",
4590,0,,,,"0",
4591,0,,,,"0",
4592,0,,,,"0",
4593,0,,,,"0",
4594,0,,,,"0",
4595,0,,,,"0",
4596,0,,,,"0",
4597,0,,,,"0",
4598,0,,,,"0",
4599,0,,,,"0",
4600,0,,,,"0",
4601,0,,,,"0",
4602,0,,,,"0",
4603,0,,,,"0",
4604,0,,,,"0",
4605,0,,,,"0",
4606,0,,,,"0",
4607,0,,,,"0",
4608,0,,,,"0",
4609,0,,,,"0",
4610,0,,,,"0",
4611,0,,,,"0",
4612,0,,,,"0",
4613,0,,,,"0",
4614,0,,,,"0",
4615,0,,,,"0",
4616,0,,,,"0",
4617,0,,,,"0",
4618,0,,,,"0",
4619,0,,,,"0",
4620,0,,,,"0",
4621,0,,,,"0",
4622,0,,,,"0",
4623,0,,,,"0",
4624,0,,,,"0",
4625,0,,,,"0",
4626,0,,,,"0",
4627,0,,,,"0",
4628,0,,,,"0",
4629,0,,,,"0",
4630,0,,,,"0",
4631,0,,,,"0",
4632,0,,,,"0",
4633,0,,,,"0",
4634,0,,,,"0",
4635,0,,,,"0",
4636,0,,,,"0",
4637,0,,,,"0",
4638,0,,,,"0",
4639,0,,,,"0",
4640,0,,,,"0",
4641,0,,,,"0",
4642,0,,,,"0",
4643,0,,,,"0",
4644,0,,,,"0",
4645,0,,,,"0",
4646,0,,,,"0",
4647,0,,,,"0",
4648,0,,,,"0",
4649,0,,,,"0",
4650,0,,,,"0",
4651,0,,,,"0",
4652,0,,,,"0",
4653,0,,,,"0",
4654,0,,,,"0",
4655,0,,,,"0",
4656,0,,,,"0",
4657,0,,,,"0",
4658,0,,,,"0",
4659,0,,,,"0",
4660,0,,,,"0",
4661,0,,,,"0",
4662,0,,,,"0",
4663,0,,,,"0",
4664,0,,,,"0",
4665,0,,,,"0",
4666,0,,,,"0",
4667,0,,,,"0",
4668,0,,,,"0",
4669,0,,,,"0",
4670,0,,,,"0",
4671,0,,,,"0",
4672,0,,,,"0",
4673,0,,,,"0",
4674,0,,,,"0",
4675,0,,,,"0",
4676,0,,,,"0",
4677,0,,,,"0",
4678,0,,,,"0",
4679,0,,,,"0",
4680,0,,,,"0",
4681,0,,,,"0",
4682,0,,,,"0",
4683,0,,,,"0",
4684,0,,,,"0",
4685,0,,,,"0",
4686,0,,,,"0",
4687,0,,,,"0",
4688,0,,,,"0",
4689,0,,,,"0",
4690,0,,,,"0",
4691,0,,,,"0",
4692,0,,,,"0",
4693,0,,,,"0",
4694,0,,,,"0",
4695,0,,,,"0",
4696,0,,,,"0",
4697,0,,,,"0",
4698,0,,,,"0",
4699,0,,,,"0",
4700,0,,,,"0",
4701,0,,,,"0",
4702,0,,,,"0",
4703,0,,,,"0",
4704,0,,,,"0",
4705,0,,,,"0",
4706,0,,,,"0",
4707,0,,,,"0",
4708,0,,,,"0",
4709,0,,,,"0",
4710,0,,,,"0",
4711,0,,,,"0",
4712,0,,,,"0",
4713,0,,,,"0",
4714,0,,,,"0",
4715,0,,,,"0",
4716,0,,,,"0",
4717,0,,,,"0",
4718,0,,,,"0",
4719,0,,,,"0",
4720,0,,,,"0",
4721,0,,,,"0",
4722,0,,,,"0",
4723,0,,,,"0",
4724,0,,,,"0",
4725,0,,,,"0",
4726,0,,,,"0",
4727,0,,,,"0",
4728,0,,,,"0",
4729,0,,,,"0",
4730,0,,,,"0",
4731,0,,,,"0",
4732,0,,,,"0",
4733,0,,,,"0",
4734,0,,,,"0",
4735,0,,,,"0",
4736,0,,,,"0",
4737,0,,,,"0",
4738,0,,,,"0",
4739,0,,,,"0",
4740,0,,,,"0",
4741,0,,,,"0",
4742,0,,,,"0",
4743,0,,,,"0",
4744,0,,,,"0",
4745,0,,,,"0",
4746,0,,,,"0",
4747,0,,,,"0",
4748,0,,,,"0",
4749,0,,,,"0",
4750,0,,,,"0",
4751,0,,,,"0",
4752,0,,,,"0",
4753,0,,,,"0",
4754,0,,,,"0",
4755,0,,,,"0",
4756,0,,,,"0",
4757,0,,,,"0",
4758,0,,,,"0",
4759,0,,,,"0",
4760,0,,,,"0",
4761,0,,,,"0",
4762,0,,,,"0",
4763,0,,,,"0",
4764,0,,,,"0",
4765,0,,,,"0",
4766,0,,,,"0",
4767,0,,,,"0",
4768,0,,,,"0",
4769,0,,,,"0",
4770,0,,,,"0",
4771,0,,,,"0",
4772,0,,,,"0",
4773,0,,,,"0",
4774,0,,,,"0",
4775,0,,,,"0",
4776,0,,,,"0",
4777,0,,,,"0",
4778,0,,,,"0",
4779,0,,,,"0",
4780,0,,,,"0",
4781,0,,,,"0",
4782,0,,,,"0",
4783,0,,,,"0",
4784,0,,,,"0",
4785,0,,,,"0",
4786,0,,,,"0",
4787,0,,,,"0",
4788,0,,,,"0",
4789,0,,,,"0",
4790,0,,,,"0",
4791,0,,,,"0",
4792,0,,,,"0",
4793,0,,,,"0",
4794,0,,,,"0",
4795,0,,,,"0",
4796,0,,,,"0",
4797,0,,,,"0",
4798,0,,,,"0",
4799,0,,,,"0",
4800,0,,,,"0",
4801,0,,,,"0",
4802,0,,,,"0",
4803,0,,,,"0",
4804,0,,,,"0",
4805,0,,,,"0",
4806,0,,,,"0",
4807,0,,,,"0",
4808,0,,,,"0",
4809,0,,,,"0",
4810,0,,,,"0",
4811,0,,,,"0",
4812,0,,,,"0",
4813,0,,,,"0",
4814,0,,,,"0",
4815,0,,,,"0",
4816,0,,,,"0",
4817,0,,,,"0",
4818,0,,,,"0",
4819,0,,,,"0",
4820,0,,,,"0",
4821,0,,,,"0",
4822,0,,,,"0",
4823,0,,,,"0",
4824,0,,,,"0",
4825,0,,,,"0",
4826,0,,,,"0",
4827,0,,,,"0",
4828,0,,,,"0",
4829,0,,,,"0",
4830,0,,,,"0",
4831,0,,,,"0",
4832,0,,,,"0",
4833,0,,,,"0",
4834,0,,,,"0",
4835,0,,,,"0",
4836,0,,,,"0",
4837,0,,,,"0",
4838,0,,,,"0",
4839,0,,,,"0",
4840,0,,,,"0",
4841,0,,,,"0",
4842,0,,,,"0",
4843,0,,,,"0",
4844,0,,,,"0",
4845,0,,,,"0",
4846,0,,,,"0",
4847,0,,,,"0",
4848,0,,,,"0",
4849,0,,,,"0",
4850,0,,,,"0",
4851,0,,,,"0",
4852,0,,,,"0",
4853,0,,,,"0",
4854,0,,,,"0",
4855,0,,,,"0",
4856,0,,,,"0",
4857,0,,,,"0",
4858,0,,,,"0",
4859,0,,,,"0",
4860,0,,,,"0",
4861,0,,,,"0",
4862,0,,,,"0",
4863,0,,,,"0",
4864,0,,,,"0",
4865,0,,,,"0",
4866,0,,,,"0",
4867,0,,,,"0",
4868,0,,,,"0",
4869,0,,,,"0",
4870,0,,,,"0",
4871,0,,,,"0",
4872,0,,,,"0",
4873,0,,,,"0",
4874,0,,,,"0",
4875,0,,,,"0",
4876,0,,,,"0",
4877,0,,,,"0",
4878,0,,,,"0",
4879,0,,,,"0",
4880,0,,,,"0",
4881,0,,,,"0",
4882,0,,,,"0",
4883,0,,,,"0",
4884,0,,,,"0",
4885,0,,,,"0",
4886,0,,,,"0",
4887,0,,,,"0",
4888,0,,,,"0",
4889,0,,,,"0",
4890,0,,,,"0",
4891,0,,,,"0",
4892,0,,,,"0",
4893,0,,,,"0",
4894,0,,,,"0",
4895,0,,,,"0",
4896,0,,,,"0",
4897,0,,,,"0",
4898,0,,,,"0",
4899,0,,,,"0",
4900,0,,,,"0",
4901,0,,,,"0",
4902,0,,,,"0",
4903,0,,,,"0",
4904,0,,,,"0",
4905,0,,,,"0",
4906,0,,,,"0",
4907,0,,,,"0",
4908,0,,,,"0",
4909,0,,,,"0",
4910,0,,,,"0",
4911,0,,,,"0",
4912,0,,,,"0",
4913,0,,,,"0",
4914,0,,,,"0",
4915,0,,,,"0",
4916,0,,,,"0",
4917,0,,,,"0",
4918,0,,,,"0",
4919,0,,,,"0",
4920,0,,,,"0",
4921,0,,,,"0",
4922,0,,,,"0",
4923,0,,,,"0",
4924,0,,,,"0",
4925,0,,,,"0",
4926,0,,,,"0",
4927,0,,,,"0",
4928,0,,,,"0",
4929,0,,,,"0",
4930,0,,,,"0",
4931,0,,,,"0",
4932,0,,,,"0",
4933,0,,,,"0",
4934,0,,,,"0",
4935,0,,,,"0",
4936,0,,,,"0",
4937,0,,,,"0",
4938,0,,,,"0",
4939,0,,,,"0",
4940,0,,,,"0",
4941,0,,,,"0",
4942,0,,,,"0",
4943,0,,,,"0",
4944,0,,,,"0",
4945,0,,,,"0",
4946,0,,,,"0",
4947,0,,,,"0",
4948,0,,,,"0",
4949,0,,,,"0",
4950,0,,,,"0",
4951,0,,,,"0",
4952,0,,,,"0",
4953,0,,,,"0",
4954,0,,,,"0",
4955,0,,,,"0",
4956,0,,,,"0",
4957,0,,,,"0",
4958,0,,,,"0",
4959,0,,,,"0",
4960,0,,,,"0",
4961,0,,,,"0",
4962,0,,,,"0",
4963,0,,,,"0",
4964,0,,,,"0",
4965,0,,,,"0",
4966,0,,,,"0",
4967,0,,,,"0",
4968,0,,,,"0",
4969,0,,,,"0",
4970,0,,,,"0",
4971,0,,,,"0",
4972,0,,,,"0",
4973,0,,,,"0",
4974,0,,,,"0",
4975,0,,,,"0",
4976,0,,,,"0",
4977,0,,,,"0",
4978,0,,,,"0",
4979,0,,,,"0",
4980,0,,,,"0",
4981,0,,,,"0",
4982,0,,,,"0",
4983,0,,,,"0",
4984,0,,,,"0",
4985,0,,,,"0",
4986,0,,,,"0",
4987,0,,,,"0",
4988,0,,,,"0",
4989,0,,,,"0",
4990,0,,,,"0",
4991,0,,,,"0",
4992,0,,,,"0",
4993,0,,,,"0",
4994,0,,,,"0",
4995,0,,,,"0",
4996,0,,,,"0",
4997,0,,,,"0",
4998,0,,,,"0",
4999,0,,,,"0",
5000,0,,,,"0",
5001,0,,,,"0",
5002,0,,,,"0",
5003,0,,,,"0",
5004,0,,,,"0",
5005,0,,,,"0",
5006,0,,,,"0",
5007,0,,,,"0",
5008,0,,,,"0",
5009,0,,,,"0",
5010,0,,,,"0",
5011,0,,,,"0",
5012,0,,,,"0",
5013,0,,,,"0",
5014,0,,,,"0",
5015,0,,,,"0",
5016,0,,,,"0",
5017,0,,,,"0",
5018,0,,,,"0",
5019,0,,,,"0",
5020,0,,,,"0",
5021,0,,,,"0",
5022,0,,,,"0",
5023,0,,,,"0",
5024,0,,,,"0",
5025,0,,,,"0",
5026,0,,,,"0",
5027,0,,,,"0",
5028,0,,,,"0",
5029,0,,,,"0",
5030,0,,,,"0",
5031,0,,,,"0",
5032,0,,,,"0",
5033,0,,,,"0",
5034,0,,,,"0",
5035,0,,,,"0",
5036,0,,,,"0",
5037,0,,,,"0",
5038,0,,,,"0",
5039,0,,,,"0",
5040,0,,,,"0",
5041,0,,,,"0",
5042,0,,,,"0",
5043,0,,,,"0",
5044,0,,,,"0",
5045,0,,,,"0",
5046,0,,,,"0",
5047,0,,,,"0",
5048,0,,,,"0",
5049,0,,,,"0",
5050,0,,,,"0",
5051,0,,,,"0",
5052,0,,,,"0",
5053,0,,,,"0",
5054,0,,,,"0",
5055,0,,,,"0",
5056,0,,,,"0",
5057,0,,,,"0",
5058,0,,,,"0",
5059,0,,,,"0",
5060,0,,,,"0",
5061,0,,,,"0",
5062,0,,,,"0",
5063,0,,,,"0",
5064,0,,,,"0",
5065,0,,,,"0",
5066,0,,,,"0",
5067,0,,,,"0",
5068,0,,,,"0",
5069,0,,,,"0",
5070,0,,,,"0",
5071,0,,,,"0",
5072,0,,,,"0",
5073,0,,,,"0",
5074,0,,,,"0",
5075,0,,,,"0",
5076,0,,,,"0",
5077,0,,,,"0",
5078,0,,,,"0",
5079,0,,,,"0",
5080,0,,,,"0",
5081,0,,,,"0",
5082,0,,,,"0",
5083,0,,,,"0",
5084,0,,,,"0",
5085,0,,,,"0",
5086,0,,,,"0",
5087,0,,,,"0",
5088,0,,,,"0",
5089,0,,,,"0",
5090,0,,,,"0",
5091,0,,,,"0",
5092,0,,,,"0",
5093,0,,,,"0",
5094,0,,,,"0",
5095,0,,,,"0",
5096,0,,,,"0",
5097,0,,,,"0",
5098,0,,,,"0",
5099,0,,,,"0",
5100,0,,,,"0",
5101,0,,,,"0",
5102,0,,,,"0",
5103,0,,,,"0",
5104,0,,,,"0",
5105,0,,,,"0",
5106,0,,,,"0",
5107,0,,,,"0",
5108,0,,,,"0",
5109,0,,,,"0",
5110,0,,,,"0",
5111,0,,,,"0",
5112,0,,,,"0",
5113,0,,,,"0",
5114,0,,,,"0",
5115,0,,,,"0",
5116,0,,,,"0",
5117,0,,,,"0",
5118,0,,,,"0",
5119,0,,,,"0",
5120,0,,,,"0",
5121,0,,,,"0",
5122,0,,,,"0",
5123,0,,,,"0",
5124,0,,,,"0",
5125,0,,,,"0",
5126,0,,,,"0",
5127,0,,,,"0",
5128,0,,,,"0",
5129,0,,,,"0",
5130,0,,,,"0",
5131,0,,,,"0",
5132,0,,,,"0",
5133,0,,,,"0",
5134,0,,,,"0",
5135,0,,,,"0",
5136,0,,,,"0",
5137,0,,,,"0",
5138,0,,,,"0",
5139,0,,,,"0",
5140,0,,,,"0",
5141,0,,,,"0",
5142,0,,,,"0",
5143,0,,,,"0",
5144,0,,,,"0",
5145,0,,,,"0",
5146,0,,,,"0",
5147,0,,,,"0",
5148,0,,,,"0",
5149,0,,,,"0",
5150,0,,,,"0",
5151,0,,,,"0",
5152,0,,,,"0",
5153,0,,,,"0",
5154,0,,,,"0",
5155,0,,,,"0",
5156,0,,,,"0",
5157,0,,,,"0",
5158,0,,,,"0",
5159,0,,,,"0",
5160,0,,,,"0",
5161,0,,,,"0",
5162,0,,,,"0",
5163,0,,,,"0",
5164,0,,,,"0",
5165,0,,,,"0",
5166,0,,,,"0",
5167,0,,,,"0",
5168,0,,,,"0",
5169,0,,,,"0",
5170,0,,,,"0",
5171,0,,,,"0",
5172,0,,,,"0",
5173,0,,,,"0",
5174,0,,,,"0",
5175,0,,,,"0",
5176,0,,,,"0",
5177,0,,,,"0",
5178,0,,,,"0",
