"RowID","SiteCode","Year","Usability","UsabilityDetails"
1,"CROSSR",1981,"6","20"
2,"CROSSR",1982,"3","20"
3,"CROSSR",1983,"3","20"
4,"CROSSR",1984,"3","20"
5,"CROSSR",1985,"3","20"
6,"CROSSR",1986,"3","20"
7,"CROSSR",1987,"3","20"
8,"CROSSR",1988,"1","6"
9,"CROSSR",1989,"1","6"
10,"TICKEN",1981,"3","20"
11,"TICKEN",1982,"3","20"
12,"TICKEN",1983,"7","20"
13,"TICKEN",1984,"3","20"
14,"TICKEN",1985,"3","20"
15,"TICKEN",1986,"1","7"
16,"TICKEN",1987,"1","7"
17,"TICKEN",1988,"1","7"
18,"TICKEN",1989,"1","7"
19,"TICPKB",1981,"3","20"
20,"TICPKB",1982,"3","20"
21,"TICPKB",1983,"3","20"
22,"TICPKB",1984,"3","20"
23,"TICPKB",1985,"3","20"
24,"TICPKB",1986,"2","17"
25,"TICPKB",1987,"2","17"
26,"TICPKB",1988,"3","20"
27,"TICPKB",1989,"3","20"
28,"TICKPK",1981,"3","20"
29,"TICKPK",1982,"3","20"
30,"TICKPK",1983,"7","20"
31,"TICKPK",1984,"2","16"
32,"TICKPK",1985,"2","16"
33,"TICKPK",1986,"3","20"
34,"TICKPK",1987,"7","20"
35,"TICKPK",1988,"7","20"
36,"TICKPK",1989,"3","20"
37,"MILLF1",1981,"2","16"
38,"MILLF1",1982,"0","0"
39,"MILLF1",1983,"7","20"
40,"MILLF1",1984,"1","6"
41,"MILLF1",1985,"1","6"
42,"MILLF1",1986,"1","6"
43,"MILLF1",1987,"1","6"
44,"MILLF1",1988,"1","6"
45,"MILLF1",1989,"1","6"
46,"MILLF2",1981,"3","20"
47,"MILLF2",1982,"0","0"
48,"MILLF2",1983,"3","20"
49,"MILLF2",1984,"7","20"
50,"MILLF2",1985,"3","20"
51,"MILLF2",1986,"7","20"
52,"MILLF2",1987,"3","20"
53,"MILLF2",1988,"3","20"
54,"MILLF2",1989,"3","20"
55,"TICKDR",1981,"6","20"
56,"TICKDR",1982,"2","18"
57,"TICKDR",1983,"2","18"
58,"TICKDR",1984,"3","20"
59,"TICKDR",1985,"5","20"
60,"TICKDR",1986,"3","20"
61,"TICKDR",1987,"4","20"
62,"TICKDR",1988,"3","20"
63,"TICKDR",1989,"3","20"
64,"TICLDN",1981,"3","20"
65,"TICLDN",1982,"3","20"
66,"TICLDN",1983,"2","14"
67,"TICLDN",1984,"3","20"
68,"TICLDN",1985,"3","20"
69,"TICLDN",1986,"2","16"
70,"TICLDN",1987,"3","20"
71,"TICLDN",1988,"3","20"
72,"TICLDN",1989,"3","20"
73,"TICLFM",1981,"6","20"
74,"TICLFM",1982,"3","20"
75,"TICLFM",1983,"3","20"
76,"TICLFM",1984,"1","7"
77,"TICLFM",1985,"1","7"
78,"TICLFM",1986,"1","7"
79,"TICLFM",1987,"1","7"
80,"TICLFM",1988,"1","7"
81,"TICLFM",1989,"1","7"
82,"TICLDW",1981,"2","11"
83,"TICLDW",1982,"6","20"
84,"TICLDW",1983,"1","7"
85,"TICLDW",1984,"1","7"
86,"TICLDW",1985,"1","7"
87,"TICLDW",1986,"1","7"
88,"TICLDW",1987,"1","7"
89,"TICLDW",1988,"1","7"
90,"TICLDW",1989,"1","7"
91,"TICKSL",1981,"3","20"
92,"TICKSL",1982,"3","20"
93,"TICKSL",1983,"1","1"
94,"TICKSL",1984,"7","20"
95,"TICKSL",1985,"3","20"
96,"TICKSL",1986,"7","20"
97,"TICKSL",1987,"7","20"
98,"TICKSL",1988,"3","20"
99,"TICKSL",1989,"3","20"
100,"GRIFTK",1981,"7","20"
101,"GRIFTK",1982,"2","14"
102,"GRIFTK",1983,"2","14"
103,"GRIFTK",1984,"3","20"
104,"GRIFTK",1985,"3","20"
105,"GRIFTK",1986,"2","11"
106,"GRIFTK",1987,"3","20"
107,"GRIFTK",1988,"1","4"
108,"GRIFTK",1989,"1","4"
109,"SYKEGL",1981,"0","0"
110,"SYKEGL",1982,"3","20"
111,"SYKEGL",1983,"6","20"
112,"SYKEGL",1984,"3","20"
113,"SYKEGL",1985,"3","20"
114,"SYKEGL",1986,"3","20"
115,"SYKEGL",1987,"3","20"
116,"SYKEGL",1988,"3","20"
117,"SYKEGL",1989,"6","24"
118,"TROUTH",1981,"3","20"
119,"TROUTH",1982,"7","20"
120,"TROUTH",1983,"3","20"
121,"TROUTH",1984,"7","20"
122,"TROUTH",1985,"3","20"
123,"TROUTH",1986,"3","20"
124,"TROUTH",1987,"3","20"
125,"TROUTH",1988,"7","20"
126,"TROUTH",1989,"2","14"
127,"EMPSTA",1981,"6","20"
128,"EMPSTA",1982,"3","20"
129,"EMPSTA",1983,"3","20"
130,"EMPSTA",1984,"3","20"
131,"EMPSTA",1985,"7","20"
132,"EMPSTA",1986,"6","20"
133,"EMPSTA",1987,"2","17"
134,"EMPSTA",1988,"3","20"
135,"EMPSTA",1989,"0","0"
136,"EMPWIL",1981,"7","20"
137,"EMPWIL",1982,"3","20"
138,"EMPWIL",1983,"3","20"
139,"EMPWIL",1984,"3","20"
140,"EMPWIL",1985,"6","20"
141,"EMPWIL",1986,"3","20"
142,"EMPWIL",1987,"1","2"
143,"EMPWIL",1988,"1","4"
144,"EMPWIL",1989,"1","4"
145,"SHACK1",1981,"1","7"
146,"SHACK1",1982,"1","7"
147,"SHACK1",1983,"1","7"
148,"SHACK1",1984,"1","7"
149,"SHACK1",1985,"1","7"
150,"SHACK1",1986,"1","7"
151,"SHACK1",1987,"1","7"
152,"SHACK1",1988,"1","7"
153,"SHACK1",1989,"1","7"
154,"SHAKSN",1981,"2","16"
155,"SHAKSN",1982,"3","20"
156,"SHAKSN",1983,"2","11"
157,"SHAKSN",1984,"3","20"
158,"SHAKSN",1985,"3","20"
159,"SHAKSN",1986,"3","20"
160,"SHAKSN",1987,"3","20"
161,"SHAKSN",1988,"3","20"
162,"SHAKSN",1989,"3","20"
163,"SHACK2",1981,"3","20"
164,"SHACK2",1982,"3","20"
165,"SHACK2",1983,"3","20"
166,"SHACK2",1984,"7","20"
167,"SHACK2",1985,"6","20"
168,"SHACK2",1986,"3","20"
169,"SHACK2",1987,"3","20"
170,"SHACK2",1988,"3","20"
171,"SHACK2",1989,"3","20"
172,"WILDLW",1981,"3","20"
173,"WILDLW",1982,"3","20"
174,"WILDLW",1983,"3","20"
175,"WILDLW",1984,"1","7"
176,"WILDLW",1985,"1","7"
177,"WILDLW",1986,"1","7"
178,"WILDLW",1987,"1","7"
179,"WILDLW",1988,"1","7"
180,"WILDLW",1989,"1","7"
181,"WILDLD",1981,"3","20"
182,"WILDLD",1982,"3","20"
183,"WILDLD",1983,"6","20"
184,"WILDLD",1984,"2","14"
185,"WILDLD",1985,"3","20"
186,"WILDLD",1986,"3","20"
187,"WILDLD",1987,"3","20"
188,"WILDLD",1988,"3","20"
189,"WILDLD",1989,"3","20"
190,"WILDLE",1981,"3","20"
191,"WILDLE",1982,"3","20"
192,"WILDLE",1983,"3","20"
193,"WILDLE",1984,"3","20"
194,"WILDLE",1985,"3","20"
195,"WILDLE",1986,"3","20"
196,"WILDLE",1987,"3","20"
197,"WILDLE",1988,"3","20"
198,"WILDLE",1989,"3","20"
199,"WILDE2",1981,"0","0"
200,"WILDE2",1982,"1","0"
201,"WILDE2",1983,"1","0"
202,"WILDE2",1984,"1","0"
203,"WILDE2",1985,"3","20"
204,"WILDE2",1986,"3","20"
205,"WILDE2",1987,"3","20"
206,"WILDE2",1988,"3","20"
207,"WILDE2",1989,"3","20"
208,"SCOUTH",1981,"4","20"
209,"SCOUTH",1982,"3","20"
210,"SCOUTH",1983,"3","20"
211,"SCOUTH",1984,"1","6"
212,"SCOUTH",1985,"1","6"
213,"SCOUTH",1986,"1","6"
214,"SCOUTH",1987,"1","6"
215,"SCOUTH",1988,"1","6"
216,"SCOUTH",1989,"1","6"
217,"HUNTF1",1981,"2","18"
218,"HUNTF1",1982,"3","20"
219,"HUNTF1",1983,"3","20"
220,"HUNTF1",1984,"3","20"
221,"HUNTF1",1985,"3","20"
222,"HUNTF1",1986,"3","20"
223,"HUNTF1",1987,"3","20"
224,"HUNTF1",1988,"3","20"
225,"HUNTF1",1989,"3","20"
226,"HUNTF2",1981,"6","20"
227,"HUNTF2",1982,"1","9"
228,"HUNTF2",1983,"1","9"
229,"HUNTF2",1984,"1","9"
230,"HUNTF2",1985,"1","9"
231,"HUNTF2",1986,"1","9"
232,"HUNTF2",1987,"1","9"
233,"HUNTF2",1988,"1","9"
234,"HUNTF2",1989,"1","9"
235,"HUNTF3",1981,"3","20"
236,"HUNTF3",1982,"3","20"
237,"HUNTF3",1983,"3","20"
238,"HUNTF3",1984,"3","20"
239,"HUNTF3",1985,"3","20"
240,"HUNTF3",1986,"3","20"
241,"HUNTF3",1987,"3","20"
242,"HUNTF3",1988,"3","20"
243,"HUNTF3",1989,"3","20"
244,"HUNTF4",1981,"3","20"
245,"HUNTF4",1982,"3","20"
246,"HUNTF4",1983,"3","20"
247,"HUNTF4",1984,"3","20"
248,"HUNTF4",1985,"3","20"
249,"HUNTF4",1986,"3","20"
250,"HUNTF4",1987,"3","20"
251,"HUNTF4",1988,"3","20"
252,"HUNTF4",1989,"3","20"
253,"TINROK",1981,"4","20"
254,"TINROK",1982,"3","20"
255,"TINROK",1983,"3","20"
256,"TINROK",1984,"3","20"
257,"TINROK",1985,"3","20"
258,"TINROK",1986,"3","20"
259,"TINROK",1987,"3","20"
260,"TINROK",1988,"3","20"
261,"TINROK",1989,"3","20"
262,"NORMLW",1981,"1","0"
263,"NORMLW",1982,"1","0"
264,"NORMLW",1983,"3","21"
265,"NORMLW",1984,"3","21"
266,"NORMLW",1985,"3","21"
267,"NORMLW",1986,"3","21"
268,"NORMLW",1987,"3","20"
269,"NORMLW",1988,"3","20"
270,"NORMLW",1989,"3","20"
271,"NORMPK",1981,"1","0"
272,"NORMPK",1982,"1","0"
273,"NORMPK",1983,"3","21"
274,"NORMPK",1984,"3","21"
275,"NORMPK",1985,"3","21"
276,"NORMPK",1986,"3","21"
277,"NORMPK",1987,"3","20"
278,"NORMPK",1988,"6","20"
279,"NORMPK",1989,"7","20"
280,"NEWOOD",1981,"1","0"
281,"NEWOOD",1982,"1","0"
282,"NEWOOD",1983,"3","21"
283,"NEWOOD",1984,"3","21"
284,"NEWOOD",1985,"3","21"
285,"NEWOOD",1986,"3","21"
286,"NEWOOD",1987,"3","20"
287,"NEWOOD",1988,"1","7"
288,"NEWOOD",1989,"1","7"
289,"ELLIWP",1981,"7","20"
290,"ELLIWP",1982,"3","20"
291,"ELLIWP",1983,"3","20"
292,"ELLIWP",1984,"1","5"
293,"ELLIWP",1985,"1","5"
294,"ELLIWP",1986,"1","5"
295,"ELLIWP",1987,"1","6"
296,"ELLIWP",1988,"1","6"
297,"ELLIWP",1989,"1","6"
298,"GRATQY",1981,"1","1"
299,"GRATQY",1982,"1","1"
300,"GRATQY",1983,"0","0"
301,"GRATQY",1984,"1","7"
302,"GRATQY",1985,"1","7"
303,"GRATQY",1986,"1","7"
304,"GRATQY",1987,"1","7"
305,"GRATQY",1988,"1","7"
306,"GRATQY",1989,"1","7"
307,"FLINTS",1981,"6","20"
308,"FLINTS",1982,"3","20"
309,"FLINTS",1983,"3","20"
310,"FLINTS",1984,"3","20"
311,"FLINTS",1985,"7","20"
312,"FLINTS",1986,"7","20"
313,"FLINTS",1987,"7","20"
314,"FLINTS",1988,"3","20"
315,"FLINTS",1989,"2","18"
316,"OHLBAD",1981,"3","20"
317,"OHLBAD",1982,"3","20"
318,"OHLBAD",1983,"3","20"
319,"OHLBAD",1984,"3","20"
320,"OHLBAD",1985,"3","20"
321,"OHLBAD",1986,"3","20"
322,"OHLBAD",1987,"3","20"
323,"OHLBAD",1988,"3","20"
324,"OHLBAD",1989,"3","20"
325,"OHLBRN",1981,"3","20"
326,"OHLBRN",1982,"7","20"
327,"OHLBRN",1983,"3","20"
328,"OHLBRN",1984,"6","20"
329,"OHLBRN",1985,"3","20"
330,"OHLBRN",1986,"3","20"
331,"OHLBRN",1987,"3","20"
332,"OHLBRN",1988,"3","20"
333,"OHLBRN",1989,"7","20"
334,"OHLOWL",1981,"3","20"
335,"OHLOWL",1982,"2","14"
336,"OHLOWL",1983,"3","20"
337,"OHLOWL",1984,"3","20"
338,"OHLOWL",1985,"3","20"
339,"OHLOWL",1986,"3","20"
340,"OHLOWL",1987,"3","20"
341,"OHLOWL",1988,"3","20"
342,"OHLOWL",1989,"3","20"
343,"LANESF",1981,"7","20"
344,"LANESF",1982,"7","20"
345,"LANESF",1983,"7","20"
346,"LANESF",1984,"6","20"
347,"LANESF",1985,"5","20"
348,"LANESF",1986,"6","20"
349,"LANESF",1987,"7","20"
350,"LANESF",1988,"3","20"
351,"LANESF",1989,"3","20"
352,"LANESB",1981,"1","0"
353,"LANESB",1982,"1","0"
354,"LANESB",1983,"3","21"
355,"LANESB",1984,"3","21"
356,"LANESB",1985,"3","21"
357,"LANESB",1986,"3","20"
358,"LANESB",1987,"3","20"
359,"LANESB",1988,"1","4"
360,"LANESB",1989,"1","4"
361,"KETQYB",1981,"3","20"
362,"KETQYB",1982,"3","20"
363,"KETQYB",1983,"3","20"
364,"KETQYB",1984,"3","20"
365,"KETQYB",1985,"3","20"
366,"KETQYB",1986,"3","20"
367,"KETQYB",1987,"3","20"
368,"KETQYB",1988,"2","15"
369,"KETQYB",1989,"2","15"
370,"KETQYA",1981,"0","0"
371,"KETQYA",1982,"3","20"
372,"KETQYA",1983,"3","20"
373,"KETQYA",1984,"3","20"
374,"KETQYA",1985,"3","20"
375,"KETQYA",1986,"3","20"
376,"KETQYA",1987,"2","11"
377,"KETQYA",1988,"2","11"
378,"KETQYA",1989,"3","20"
379,"PITLAN",1981,"2","11"
380,"PITLAN",1982,"2","11"
381,"PITLAN",1983,"3","20"
382,"PITLAN",1984,"3","20"
383,"PITLAN",1985,"3","20"
384,"PITLAN",1986,"3","20"
385,"PITLAN",1987,"3","20"
386,"PITLAN",1988,"3","20"
387,"PITLAN",1989,"3","20"
388,"KETPAT",1981,"3","20"
389,"KETPAT",1982,"3","20"
390,"KETPAT",1983,"3","20"
391,"KETPAT",1984,"3","20"
392,"KETPAT",1985,"3","20"
393,"KETPAT",1986,"3","20"
394,"KETPAT",1987,"3","20"
395,"KETPAT",1988,"3","20"
396,"KETPAT",1989,"3","20"
397,"KETFPA",1981,"3","20"
398,"KETFPA",1982,"3","20"
399,"KETFPA",1983,"3","20"
400,"KETFPA",1984,"7","20"
401,"KETFPA",1985,"3","20"
402,"KETFPA",1986,"3","20"
403,"KETFPA",1987,"3","20"
404,"KETFPA",1988,"3","20"
405,"KETFPA",1989,"1","5"
406,"KETFPE",1981,"7","20"
407,"KETFPE",1982,"3","20"
408,"KETFPE",1983,"3","20"
409,"KETFPE",1984,"1","5"
410,"KETFPE",1985,"1","5"
411,"KETFPE",1986,"1","5"
412,"KETFPE",1987,"1","5"
413,"KETFPE",1988,"1","5"
414,"KETFPE",1989,"1","5"
415,"KEBULL",1981,"3","20"
416,"KEBULL",1982,"7","20"
417,"KEBULL",1983,"7","20"
418,"KEBULL",1984,"3","20"
419,"KEBULL",1985,"3","20"
420,"KEBULL",1986,"7","20"
421,"KEBULL",1987,"6","20"
422,"KEBULL",1988,"7","20"
423,"KEBULL",1989,"6","24"
424,"KETWML",1981,"7","20"
425,"KETWML",1982,"7","20"
426,"KETWML",1983,"7","20"
427,"KETWML",1984,"7","20"
428,"KETWML",1985,"5","20"
429,"KETWML",1986,"3","20"
430,"KETWML",1987,"3","20"
431,"KETWML",1988,"6","20"
432,"KETWML",1989,"3","20"
433,"MAKEYS",1981,"7","20"
434,"MAKEYS",1982,"3","20"
435,"MAKEYS",1983,"7","20"
436,"MAKEYS",1984,"3","20"
437,"MAKEYS",1985,"7","20"
438,"MAKEYS",1986,"3","20"
439,"MAKEYS",1987,"3","20"
440,"MAKEYS",1988,"3","20"
441,"MAKEYS",1989,"5","20"
442,"WATSPY",1981,"0","0"
443,"WATSPY",1982,"3","20"
444,"WATSPY",1983,"1","1"
445,"WATSPY",1984,"3","20"
446,"WATSPY",1985,"3","20"
447,"WATSPY",1986,"3","20"
448,"WATSPY",1987,"3","20"
449,"WATSPY",1988,"3","20"
450,"WATSPY",1989,"3","20"
451,"WWAREN",1981,"2","11"
452,"WWAREN",1982,"3","20"
453,"WWAREN",1983,"3","20"
454,"WWAREN",1984,"0","0"
455,"WWAREN",1985,"0","0"
456,"WWAREN",1986,"0","0"
457,"WWAREN",1987,"0","0"
458,"WWAREN",1988,"0","0"
459,"WWAREN",1989,"0","0"
460,"RAFSWK",1981,"0","0"
461,"RAFSWK",1982,"6","20"
462,"RAFSWK",1983,"6","20"
463,"RAFSWK",1984,"6","20"
464,"RAFSWK",1985,"3","20"
465,"RAFSWK",1986,"3","20"
466,"RAFSWK",1987,"3","20"
467,"RAFSWK",1988,"3","20"
468,"RAFSWK",1989,"3","20"
469,"LYNDBA",1981,"1","0"
470,"LYNDBA",1982,"1","0"
471,"LYNDBA",1983,"3","21"
472,"LYNDBA",1984,"3","21"
473,"LYNDBA",1985,"3","20"
474,"LYNDBA",1986,"3","20"
475,"LYNDBA",1987,"4","20"
476,"LYNDBA",1988,"3","20"
477,"LYNDBA",1989,"6","24"
478,"TOPHLA",1981,"2","16"
479,"TOPHLA",1982,"7","20"
480,"TOPHLA",1983,"2","16"
481,"TOPHLA",1984,"3","20"
482,"TOPHLA",1985,"2","16"
483,"TOPHLA",1986,"2","16"
484,"TOPHLA",1987,"3","20"
485,"TOPHLA",1988,"2","16"
486,"TOPHLA",1989,"2","16"
487,"TOPHLO",1981,"3","20"
488,"TOPHLO",1982,"3","20"
489,"TOPHLO",1983,"6","20"
490,"TOPHLO",1984,"2","15"
491,"TOPHLO",1985,"2","14"
492,"TOPHLO",1986,"3","20"
493,"TOPHLO",1987,"3","20"
494,"TOPHLO",1988,"2","15"
495,"TOPHLO",1989,"2","15"
496,"LYNWOD",1981,"6","20"
497,"LYNWOD",1982,"2","15"
498,"LYNWOD",1983,"2","15"
499,"LYNWOD",1984,"8","20"
500,"LYNWOD",1985,"2","15"
501,"LYNWOD",1986,"2","15"
502,"LYNWOD",1987,"2","15"
503,"LYNWOD",1988,"2","15"
504,"LYNWOD",1989,"2","15"
505,"LYNDSH",1981,"3","20"
506,"LYNDSH",1982,"3","20"
507,"LYNDSH",1983,"5","20"
508,"LYNDSH",1984,"3","20"
509,"LYNDSH",1985,"6","20"
510,"LYNDSH",1986,"3","20"
511,"LYNDSH",1987,"3","20"
512,"LYNDSH",1988,"3","20"
513,"LYNDSH",1989,"3","20"
514,"WINGRK",1981,"3","20"
515,"WINGRK",1982,"5","20"
516,"WINGRK",1983,"3","20"
517,"WINGRK",1984,"3","20"
518,"WINGRK",1985,"3","20"
519,"WINGRK",1986,"3","20"
520,"WINGRK",1987,"3","20"
521,"WINGRK",1988,"3","20"
522,"WINGRK",1989,"3","20"
523,"GGBARB",1981,"1","0"
524,"GGBARB",1982,"1","0"
525,"GGBARB",1983,"3","21"
526,"GGBARB",1984,"3","21"
527,"GGBARB",1985,"3","20"
528,"GGBARB",1986,"3","21"
529,"GGBARB",1987,"3","20"
530,"GGBARB",1988,"3","20"
531,"GGBARB",1989,"1","7"
532,"GGBARE",1981,"3","20"
533,"GGBARE",1982,"3","20"
534,"GGBARE",1983,"7","20"
535,"GGBARE",1984,"3","20"
536,"GGBARE",1985,"3","20"
537,"GGBARE",1986,"3","20"
538,"GGBARE",1987,"6","20"
539,"GGBARE",1988,"1","7"
540,"GGBARE",1989,"1","7"
541,"GGBARW",1981,"7","20"
542,"GGBARW",1982,"6","20"
543,"GGBARW",1983,"3","20"
544,"GGBARW",1984,"2","16"
545,"GGBARW",1985,"3","20"
546,"GGBARW",1986,"3","20"
547,"GGBARW",1987,"1","3"
548,"GGBARW",1988,"1","3"
549,"GGBARW",1989,"1","3"
550,"WINGRB",1981,"1","0"
551,"WINGRB",1982,"1","0"
552,"WINGRB",1983,"1","0"
553,"WINGRB",1984,"1","0"
554,"WINGRB",1985,"3","20"
555,"WINGRB",1986,"3","20"
556,"WINGRB",1987,"3","20"
557,"WINGRB",1988,"3","20"
558,"WINGRB",1989,"3","20"
559,"WINGRA",1981,"3","20"
560,"WINGRA",1982,"3","20"
561,"WINGRA",1983,"3","20"
562,"WINGRA",1984,"5","20"
563,"WINGRA",1985,"3","20"
564,"WINGRA",1986,"3","20"
565,"WINGRA",1987,"3","20"
566,"WINGRA",1988,"1","7"
567,"WINGRA",1989,"1","7"
568,"SEWVAS",1981,"7","20"
569,"SEWVAS",1982,"7","20"
570,"SEWVAS",1983,"2","18"
571,"SEWVAS",1984,"3","20"
572,"SEWVAS",1985,"3","20"
573,"SEWVAS",1986,"3","20"
574,"SEWVAS",1987,"2","18"
575,"SEWVAS",1988,"3","20"
576,"SEWVAS",1989,"3","20"
577,"SEWVEN",1981,"3","20"
578,"SEWVEN",1982,"3","20"
579,"SEWVEN",1983,"7","20"
580,"SEWVEN",1984,"6","20"
581,"SEWVEN",1985,"7","20"
582,"SEWVEN",1986,"7","20"
583,"SEWVEN",1987,"3","20"
584,"SEWVEN",1988,"3","20"
585,"SEWVEN",1989,"3","20"
586,"GLEBEB",1981,"3","20"
587,"GLEBEB",1982,"3","20"
588,"GLEBEB",1983,"3","20"
589,"GLEBEB",1984,"3","20"
590,"GLEBEB",1985,"3","20"
591,"GLEBEB",1986,"3","20"
592,"GLEBEB",1987,"3","20"
593,"GLEBEB",1988,"1","1"
594,"GLEBEB",1989,"1","3"
595,"GLEBES",1981,"0","0"
596,"GLEBES",1982,"5","20"
597,"GLEBES",1983,"7","20"
598,"GLEBES",1984,"2","15"
599,"GLEBES",1985,"3","20"
600,"GLEBES",1986,"3","20"
601,"GLEBES",1987,"3","20"
602,"GLEBES",1988,"1","4"
603,"GLEBES",1989,"1","4"
604,"GLEBEA",1981,"3","20"
605,"GLEBEA",1982,"3","20"
606,"GLEBEA",1983,"3","20"
607,"GLEBEA",1984,"7","20"
608,"GLEBEA",1985,"2","15"
609,"GLEBEA",1986,"3","20"
610,"GLEBEA",1987,"3","20"
611,"GLEBEA",1988,"1","5"
612,"GLEBEA",1989,"1","5"
613,"LUFFPS",1981,"4","20"
614,"LUFFPS",1982,"5","20"
615,"LUFFPS",1983,"3","20"
616,"LUFFPS",1984,"3","20"
617,"LUFFPS",1985,"3","20"
618,"LUFFPS",1986,"3","20"
619,"LUFFPS",1987,"3","20"
620,"LUFFPS",1988,"3","20"
621,"LUFFPS",1989,"3","20"
622,"LUFFPW",1981,"6","20"
623,"LUFFPW",1982,"1","7"
624,"LUFFPW",1983,"1","7"
625,"LUFFPW",1984,"1","7"
626,"LUFFPW",1985,"1","7"
627,"LUFFPW",1986,"1","7"
628,"LUFFPW",1987,"1","7"
629,"LUFFPW",1988,"1","7"
630,"LUFFPW",1989,"1","7"
631,"LUFPOL",1981,"1","0"
632,"LUFPOL",1982,"1","0"
633,"LUFPOL",1983,"1","0"
634,"LUFPOL",1984,"1","0"
635,"LUFPOL",1985,"3","20"
636,"LUFPOL",1986,"3","20"
637,"LUFPOL",1987,"3","20"
638,"LUFPOL",1988,"3","20"
639,"LUFPOL",1989,"3","20"
640,"QFMELM",1981,"2","11"
641,"QFMELM",1982,"3","20"
642,"QFMELM",1983,"3","20"
643,"QFMELM",1984,"1","7"
644,"QFMELM",1985,"1","7"
645,"QFMELM",1986,"1","7"
646,"QFMELM",1987,"1","7"
647,"QFMELM",1988,"1","7"
648,"QFMELM",1989,"1","7"
649,"QFMJAC",1981,"5","20"
650,"QFMJAC",1982,"3","20"
651,"QFMJAC",1983,"5","20"
652,"QFMJAC",1984,"3","20"
653,"QFMJAC",1985,"3","20"
654,"QFMJAC",1986,"3","20"
655,"QFMJAC",1987,"3","20"
656,"QFMJAC",1988,"3","20"
657,"QFMJAC",1989,"3","20"
658,"QFMASH",1981,"1","1"
659,"QFMASH",1982,"3","20"
660,"QFMASH",1983,"1","1"
661,"QFMASH",1984,"3","20"
662,"QFMASH",1985,"1","1"
663,"QFMASH",1986,"1","1"
664,"QFMASH",1987,"3","20"
665,"QFMASH",1988,"1","1"
666,"QFMASH",1989,"3","20"
667,"QFMBOX",1981,"1","0"
668,"QFMBOX",1982,"1","0"
669,"QFMBOX",1983,"1","0"
670,"QFMBOX",1984,"1","0"
671,"QFMBOX",1985,"1","1"
672,"QFMBOX",1986,"3","20"
673,"QFMBOX",1987,"2","17"
674,"QFMBOX",1988,"1","1"
675,"QFMBOX",1989,"3","20"
676,"CUCKLC",1981,"0","0"
677,"CUCKLC",1982,"1","0"
678,"CUCKLC",1983,"1","0"
679,"CUCKLC",1984,"6","20"
680,"CUCKLC",1985,"1","2"
681,"CUCKLC",1986,"1","2"
682,"CUCKLC",1987,"1","2"
683,"CUCKLC",1988,"1","2"
684,"CUCKLC",1989,"1","2"
685,"CUCKLA",1981,"0","0"
686,"CUCKLA",1982,"3","20"
687,"CUCKLA",1983,"3","20"
688,"CUCKLA",1984,"3","20"
689,"CUCKLA",1985,"3","20"
690,"CUCKLA",1986,"3","20"
691,"CUCKLA",1987,"3","20"
692,"CUCKLA",1988,"3","20"
693,"CUCKLA",1989,"3","20"
694,"CUCKLB",1981,"3","20"
695,"CUCKLB",1982,"3","20"
696,"CUCKLB",1983,"7","20"
697,"CUCKLB",1984,"3","20"
698,"CUCKLB",1985,"3","20"
699,"CUCKLB",1986,"3","20"
700,"CUCKLB",1987,"3","20"
701,"CUCKLB",1988,"3","20"
702,"CUCKLB",1989,"3","20"
703,"CUCKLE",1981,"1","1"
704,"CUCKLE",1982,"6","20"
705,"CUCKLE",1983,"3","20"
706,"CUCKLE",1984,"1","1"
707,"CUCKLE",1985,"3","20"
708,"CUCKLE",1986,"3","20"
709,"CUCKLE",1987,"3","20"
710,"CUCKLE",1988,"3","20"
711,"CUCKLE",1989,"3","20"
712,"BARROB",1981,"1","0"
713,"BARROB",1982,"1","0"
714,"BARROB",1983,"1","0"
715,"BARROB",1984,"1","0"
716,"BARROB",1985,"3","21"
717,"BARROB",1986,"3","21"
718,"BARROB",1987,"3","20"
719,"BARROB",1988,"3","20"
720,"BARROB",1989,"3","20"
721,"BEAVBK",1981,"5","20"
722,"BEAVBK",1982,"6","20"
723,"BEAVBK",1983,"2","15"
724,"BEAVBK",1984,"3","20"
725,"BEAVBK",1985,"3","20"
726,"BEAVBK",1986,"3","20"
727,"BEAVBK",1987,"3","20"
728,"BEAVBK",1988,"2","15"
729,"BEAVBK",1989,"2","15"
730,"BEAVBA",1981,"0","0"
731,"BEAVBA",1982,"3","20"
732,"BEAVBA",1983,"6","20"
733,"BEAVBA",1984,"3","20"
734,"BEAVBA",1985,"3","20"
735,"BEAVBA",1986,"3","20"
736,"BEAVBA",1987,"3","20"
737,"BEAVBA",1988,"0","0"
738,"BEAVBA",1989,"0","0"
739,"BEAVBB",1981,"1","0"
740,"BEAVBB",1982,"1","0"
741,"BEAVBB",1983,"3","20"
742,"BEAVBB",1984,"6","20"
743,"BEAVBB",1985,"1","9"
744,"BEAVBB",1986,"1","9"
745,"BEAVBB",1987,"1","9"
746,"BEAVBB",1988,"1","9"
747,"BEAVBB",1989,"1","9"
748,"COLLWB",1981,"0","0"
749,"COLLWB",1982,"0","0"
750,"COLLWB",1983,"0","0"
751,"COLLWB",1984,"7","20"
752,"COLLWB",1985,"1","9"
753,"COLLWB",1986,"7","20"
754,"COLLWB",1987,"3","20"
755,"COLLWB",1988,"3","20"
756,"COLLWB",1989,"1","2"
757,"COLLWE",1981,"7","20"
758,"COLLWE",1982,"7","20"
759,"COLLWE",1983,"2","14"
760,"COLLWE",1984,"3","20"
761,"COLLWE",1985,"7","20"
762,"COLLWE",1986,"3","20"
763,"COLLWE",1987,"3","20"
764,"COLLWE",1988,"3","20"
765,"COLLWE",1989,"3","20"
766,"COLWTS",1981,"0","0"
767,"COLWTS",1982,"3","20"
768,"COLWTS",1983,"6","20"
769,"COLWTS",1984,"3","20"
770,"COLWTS",1985,"3","20"
771,"COLWTS",1986,"1","9"
772,"COLWTS",1987,"1","9"
773,"COLWTS",1988,"1","9"
774,"COLWTS",1989,"1","9"
775,"COLFPN",1981,"3","20"
776,"COLFPN",1982,"3","20"
777,"COLFPN",1983,"3","20"
778,"COLFPN",1984,"3","20"
779,"COLFPN",1985,"3","20"
780,"COLFPN",1986,"3","20"
781,"COLFPN",1987,"3","20"
782,"COLFPN",1988,"3","20"
783,"COLFPN",1989,"3","20"
784,"COLFPA",1981,"7","20"
785,"COLFPA",1982,"6","20"
786,"COLFPA",1983,"3","20"
787,"COLFPA",1984,"3","20"
788,"COLFPA",1985,"3","20"
789,"COLFPA",1986,"3","20"
790,"COLFPA",1987,"3","20"
791,"COLFPA",1988,"3","20"
792,"COLFPA",1989,"5","20"
793,"COLFPB",1981,"3","20"
794,"COLFPB",1982,"3","20"
795,"COLFPB",1983,"3","20"
796,"COLFPB",1984,"6","20"
797,"COLFPB",1985,"3","20"
798,"COLFPB",1986,"3","20"
799,"COLFPB",1987,"3","20"
800,"COLFPB",1988,"3","20"
801,"COLFPB",1989,"0","0"
802,"COLFPC",1981,"3","20"
803,"COLFPC",1982,"3","20"
804,"COLFPC",1983,"7","20"
805,"COLFPC",1984,"3","20"
806,"COLFPC",1985,"6","20"
807,"COLFPC",1986,"3","20"
808,"COLFPC",1987,"3","20"
809,"COLFPC",1988,"1","4"
810,"COLFPC",1989,"1","4"
811,"HOPKQY",1981,"2","13"
812,"HOPKQY",1982,"3","20"
813,"HOPKQY",1983,"3","20"
814,"HOPKQY",1984,"3","20"
815,"HOPKQY",1985,"3","20"
816,"HOPKQY",1986,"3","20"
817,"HOPKQY",1987,"1","9"
818,"HOPKQY",1988,"1","9"
819,"HOPKQY",1989,"3","20"
820,"FOXCOV",1981,"1","0"
821,"FOXCOV",1982,"1","0"
822,"FOXCOV",1983,"1","0"
823,"FOXCOV",1984,"1","0"
824,"FOXCOV",1985,"2","11"
825,"FOXCOV",1986,"3","20"
826,"FOXCOV",1987,"3","20"
827,"FOXCOV",1988,"3","20"
828,"FOXCOV",1989,"2","11"
829,"RADIOH",1981,"6","20"
830,"RADIOH",1982,"3","20"
831,"RADIOH",1983,"3","20"
832,"RADIOH",1984,"3","20"
833,"RADIOH",1985,"3","20"
834,"RADIOH",1986,"3","20"
835,"RADIOH",1987,"3","20"
836,"RADIOH",1988,"1","9"
837,"RADIOH",1989,"1","9"
838,"SLUFWM",1981,"1","0"
839,"SLUFWM",1982,"1","0"
840,"SLUFWM",1983,"1","0"
841,"SLUFWM",1984,"1","0"
842,"SLUFWM",1985,"3","20"
843,"SLUFWM",1986,"6","20"
844,"SLUFWM",1987,"3","20"
845,"SLUFWM",1988,"6","20"
846,"SLUFWM",1989,"3","20"
847,"SETTFM",1981,"1","0"
848,"SETTFM",1982,"1","0"
849,"SETTFM",1983,"3","21"
850,"SETTFM",1984,"3","21"
851,"SETTFM",1985,"3","21"
852,"SETTFM",1986,"3","21"
853,"SETTFM",1987,"1","9"
854,"SETTFM",1988,"1","9"
855,"SETTFM",1989,"1","9"
856,"PILTWT",1981,"1","0"
857,"PILTWT",1982,"1","0"
858,"PILTWT",1983,"1","0"
859,"PILTWT",1984,"1","0"
860,"PILTWT",1985,"1","1"
861,"PILTWT",1986,"3","20"
862,"PILTWT",1987,"3","20"
863,"PILTWT",1988,"3","20"
864,"PILTWT",1989,"2","17"
865,"PILTIP",1981,"1","0"
866,"PILTIP",1982,"1","0"
867,"PILTIP",1983,"3","21"
868,"PILTIP",1984,"3","21"
869,"PILTIP",1985,"3","21"
870,"PILTIP",1986,"3","21"
871,"PILTIP",1987,"3","20"
872,"PILTIP",1988,"1","9"
873,"PILTIP",1989,"1","9"
874,"WINGBA",1981,"1","0"
875,"WINGBA",1982,"1","0"
876,"WINGBA",1983,"1","0"
877,"WINGBA",1984,"1","0"
878,"WINGBA",1985,"1","1"
879,"WINGBA",1986,"3","20"
880,"WINGBA",1987,"1","1"
881,"WINGBA",1988,"1","1"
882,"WINGBA",1989,"1","1"
883,"GLASTM",1981,"3","20"
884,"GLASTM",1982,"3","20"
885,"GLASTM",1983,"3","20"
886,"GLASTM",1984,"3","20"
887,"GLASTM",1985,"7","20"
888,"GLASTM",1986,"3","20"
889,"GLASTM",1987,"3","20"
890,"GLASTM",1988,"2","12"
891,"GLASTM",1989,"2","12"
892,"GLASTB",1981,"1","0"
893,"GLASTB",1982,"1","0"
894,"GLASTB",1983,"3","21"
895,"GLASTB",1984,"3","21"
896,"GLASTB",1985,"3","21"
897,"GLASTB",1986,"3","21"
898,"GLASTB",1987,"3","20"
899,"GLASTB",1988,"3","20"
900,"GLASTB",1989,"3","20"
901,"ELMSBX",1981,"1","0"
902,"ELMSBX",1982,"1","0"
903,"ELMSBX",1983,"1","0"
904,"ELMSBX",1984,"1","0"
905,"ELMSBX",1985,"3","20"
906,"ELMSBX",1986,"3","20"
907,"ELMSBX",1987,"3","20"
908,"ELMSBX",1988,"1","1"
909,"ELMSBX",1989,"3","20"
910,"MORCSW",1981,"7","20"
911,"MORCSW",1982,"1","7"
912,"MORCSW",1983,"1","7"
913,"MORCSW",1984,"1","7"
914,"MORCSW",1985,"1","7"
915,"MORCSW",1986,"1","7"
916,"MORCSW",1987,"1","7"
917,"MORCSW",1988,"1","7"
918,"MORCSW",1989,"1","7"
919,"MORRAA",1981,"0","0"
920,"MORRAA",1982,"7","20"
921,"MORRAA",1983,"5","20"
922,"MORRAA",1984,"1","7"
923,"MORRAA",1985,"1","7"
924,"MORRAA",1986,"1","7"
925,"MORRAA",1987,"1","7"
926,"MORRAA",1988,"1","7"
927,"MORRAA",1989,"1","7"
928,"MORRAD",1981,"3","20"
929,"MORRAD",1982,"2","18"
930,"MORRAD",1983,"3","20"
931,"MORRAD",1984,"3","20"
932,"MORRAD",1985,"3","20"
933,"MORRAD",1986,"3","20"
934,"MORRAD",1987,"3","20"
935,"MORRAD",1988,"3","20"
936,"MORRAD",1989,"3","20"
937,"MORRAX",1981,"1","0"
938,"MORRAX",1982,"1","0"
939,"MORRAX",1983,"1","0"
940,"MORRAX",1984,"1","0"
941,"MORRAX",1985,"5","20"
942,"MORRAX",1986,"3","20"
943,"MORRAX",1987,"3","20"
944,"MORRAX",1988,"3","20"
945,"MORRAX",1989,"3","20"
946,"COPLYW",1981,"1","0"
947,"COPLYW",1982,"1","0"
948,"COPLYW",1983,"3","21"
949,"COPLYW",1984,"3","21"
950,"COPLYW",1985,"3","20"
951,"COPLYW",1986,"3","20"
952,"COPLYW",1987,"3","20"
953,"COPLYW",1988,"3","20"
954,"COPLYW",1989,"2","15"
955,"COPLYE",1981,"1","0"
956,"COPLYE",1982,"1","0"
957,"COPLYE",1983,"1","0"
958,"COPLYE",1984,"1","0"
959,"COPLYE",1985,"6","23"
960,"COPLYE",1986,"3","20"
961,"COPLYE",1987,"2","11"
962,"COPLYE",1988,"3","20"
963,"COPLYE",1989,"2","11"
964,"SHIREO",1981,"1","0"
965,"SHIREO",1982,"1","0"
966,"SHIREO",1983,"1","0"
967,"SHIREO",1984,"1","0"
968,"SHIREO",1985,"3","20"
969,"SHIREO",1986,"3","20"
970,"SHIREO",1987,"2","11"
971,"SHIREO",1988,"2","18"
972,"SHIREO",1989,"2","11"
973,"TIXLDG",1981,"1","0"
974,"TIXLDG",1982,"1","0"
975,"TIXLDG",1983,"3","21"
976,"TIXLDG",1984,"3","21"
977,"TIXLDG",1985,"3","21"
978,"TIXLDG",1986,"3","21"
979,"TIXLDG",1987,"3","20"
980,"TIXLDG",1988,"6","20"
981,"TIXLDG",1989,"1","4"
982,"TIXGRS",1981,"1","0"
983,"TIXGRS",1982,"1","0"
984,"TIXGRS",1983,"1","0"
985,"TIXGRS",1984,"1","0"
986,"TIXGRS",1985,"3","21"
987,"TIXGRS",1986,"3","21"
988,"TIXGRS",1987,"1","6"
989,"TIXGRS",1988,"1","6"
990,"TIXGRS",1989,"1","6"
991,"DNBPAS",1981,"7","20"
992,"DNBPAS",1982,"7","20"
993,"DNBPAS",1983,"6","20"
994,"DNBPAS",1984,"1","5"
995,"DNBPAS",1985,"1","5"
996,"DNBPAS",1986,"1","5"
997,"DNBPAS",1987,"1","5"
998,"DNBPAS",1988,"1","5"
999,"DNBPAS",1989,"1","5"
1000,"GREGLD",1981,"1","0"
1001,"GREGLD",1982,"1","0"
1002,"GREGLD",1983,"1","0"
1003,"GREGLD",1984,"1","0"
1004,"GREGLD",1985,"3","21"
1005,"GREGLD",1986,"3","21"
1006,"GREGLD",1987,"3","20"
1007,"GREGLD",1988,"7","20"
1008,"GREGLD",1989,"6","24"
1009,"DPSEWL",1981,"0","0"
1010,"DPSEWL",1982,"3","20"
1011,"DPSEWL",1983,"3","20"
1012,"DPSEWL",1984,"3","20"
1013,"DPSEWL",1985,"7","20"
1014,"DPSEWL",1986,"3","20"
1015,"DPSEWL",1987,"3","20"
1016,"DPSEWL",1988,"3","20"
1017,"DPSEWL",1989,"5","20"
1018,"DPSEAS",1981,"7","20"
1019,"DPSEAS",1982,"3","20"
1020,"DPSEAS",1983,"3","20"
1021,"DPSEAS",1984,"7","20"
1022,"DPSEAS",1985,"3","20"
1023,"DPSEAS",1986,"3","20"
1024,"DPSEAS",1987,"3","20"
1025,"DPSEAS",1988,"3","20"
1026,"DPSEAS",1989,"3","20"
1027,"TIXHAL",1981,"2","16"
1028,"TIXHAL",1982,"3","20"
1029,"TIXHAL",1983,"7","20"
1030,"TIXHAL",1984,"7","20"
1031,"TIXHAL",1985,"2","16"
1032,"TIXHAL",1986,"2","16"
1033,"TIXHAL",1987,"2","16"
1034,"TIXHAL",1988,"2","16"
1035,"TIXHAL",1989,"2","16"
1036,"DPSWAS",1981,"7","20"
1037,"DPSWAS",1982,"7","20"
1038,"DPSWAS",1983,"1","1"
1039,"DPSWAS",1984,"3","20"
1040,"DPSWAS",1985,"3","20"
1041,"DPSWAS",1986,"3","20"
1042,"DPSWAS",1987,"3","20"
1043,"DPSWAS",1988,"3","20"
1044,"DPSWAS",1989,"1","5"
1045,"WELSPY",1981,"1","0"
1046,"WELSPY",1982,"1","0"
1047,"WELSPY",1983,"1","0"
1048,"WELSPY",1984,"1","0"
1049,"WELSPY",1985,"3","20"
1050,"WELSPY",1986,"3","20"
1051,"WELSPY",1987,"3","20"
1052,"WELSPY",1988,"3","20"
1053,"WELSPY",1989,"0","0"
1054,"WELOOP",1981,"6","20"
1055,"WELOOP",1982,"6","20"
1056,"WELOOP",1983,"6","20"
1057,"WELOOP",1984,"3","20"
1058,"WELOOP",1985,"3","20"
1059,"WELOOP",1986,"3","20"
1060,"WELOOP",1987,"5","20"
1061,"WELOOP",1988,"3","20"
1062,"WELOOP",1989,"3","20"
1063,"BARDWW",1981,"1","0"
1064,"BARDWW",1982,"1","0"
1065,"BARDWW",1983,"3","21"
1066,"BARDWW",1984,"3","21"
1067,"BARDWW",1985,"3","20"
1068,"BARDWW",1986,"3","20"
1069,"BARDWW",1987,"3","20"
1070,"BARDWW",1988,"3","20"
1071,"BARDWW",1989,"3","20"
1072,"MORCQY",1981,"1","0"
1073,"MORCQY",1982,"1","0"
1074,"MORCQY",1983,"1","0"
1075,"MORCQY",1984,"1","0"
1076,"MORCQY",1985,"3","20"
1077,"MORCQY",1986,"3","20"
1078,"MORCQY",1987,"3","20"
1079,"MORCQY",1988,"3","20"
1080,"MORCQY",1989,"3","20"
1081,"LITCHF",1981,"1","0"
1082,"LITCHF",1982,"1","0"
1083,"LITCHF",1983,"1","0"
1084,"LITCHF",1984,"1","0"
1085,"LITCHF",1985,"3","20"
1086,"LITCHF",1986,"3","20"
1087,"LITCHF",1987,"3","20"
1088,"LITCHF",1988,"3","20"
1089,"LITCHF",1989,"6","24"
1090,"GLASLD",1981,"1","0"
1091,"GLASLD",1982,"1","0"
1092,"GLASLD",1983,"1","0"
1093,"GLASLD",1984,"1","0"
1094,"GLASLD",1985,"3","20"
1095,"GLASLD",1986,"3","20"
1096,"GLASLD",1987,"3","20"
1097,"GLASLD",1988,"3","20"
1098,"GLASLD",1989,"3","20"
1099,"SEATRY",1981,"1","0"
1100,"SEATRY",1982,"1","0"
1101,"SEATRY",1983,"1","0"
1102,"SEATRY",1984,"1","0"
1103,"SEATRY",1985,"6","24"
1104,"SEATRY",1986,"2","11"
1105,"SEATRY",1987,"3","20"
1106,"SEATRY",1988,"3","20"
1107,"SEATRY",1989,"3","20"
1108,"SEATWT",1981,"3","20"
1109,"SEATWT",1982,"6","20"
1110,"SEATWT",1983,"5","20"
1111,"SEATWT",1984,"1","6"
1112,"SEATWT",1985,"1","6"
1113,"SEATWT",1986,"1","6"
1114,"SEATWT",1987,"1","6"
1115,"SEATWT",1988,"1","6"
1116,"SEATWT",1989,"1","6"
1117,"SEATEA",1981,"1","0"
1118,"SEATEA",1982,"1","0"
1119,"SEATEA",1983,"1","0"
1120,"SEATEA",1984,"1","0"
1121,"SEATEA",1985,"3","20"
1122,"SEATEA",1986,"3","20"
1123,"SEATEA",1987,"3","20"
1124,"SEATEA",1988,"5","20"
1125,"SEATEA",1989,"2","11"
1126,"COACHB",1981,"1","0"
1127,"COACHB",1982,"1","0"
1128,"COACHB",1983,"1","0"
1129,"COACHB",1984,"3","21"
1130,"COACHB",1985,"6","20"
1131,"COACHB",1986,"3","20"
1132,"COACHB",1987,"2","17"
1133,"COACHB",1988,"6","20"
1134,"COACHB",1989,"2","11"
1135,"RHLODG",1981,"1","0"
1136,"RHLODG",1982,"1","0"
1137,"RHLODG",1983,"1","0"
1138,"RHLODG",1984,"1","0"
1139,"RHLODG",1985,"3","20"
1140,"RHLODG",1986,"7","20"
1141,"RHLODG",1987,"1","9"
1142,"RHLODG",1988,"1","9"
1143,"RHLODG",1989,"1","9"
1144,"WAKTWR",1981,"1","0"
1145,"WAKTWR",1982,"1","0"
1146,"WAKTWR",1983,"3","21"
1147,"WAKTWR",1984,"3","21"
1148,"WAKTWR",1985,"3","20"
1149,"WAKTWR",1986,"3","20"
1150,"WAKTWR",1987,"3","20"
1151,"WAKTWR",1988,"1","3"
1152,"WAKTWR",1989,"1","3"
1153,"WAKCHH",1981,"6","20"
1154,"WAKCHH",1982,"3","20"
1155,"WAKCHH",1983,"3","20"
1156,"WAKCHH",1984,"3","20"
1157,"WAKCHH",1985,"3","20"
1158,"WAKCHH",1986,"3","20"
1159,"WAKCHH",1987,"3","20"
1160,"WAKCHH",1988,"3","20"
1161,"WAKCHH",1989,"7","20"
1162,"WAKCAK",1981,"1","0"
1163,"WAKCAK",1982,"1","0"
1164,"WAKCAK",1983,"3","21"
1165,"WAKCAK",1984,"3","21"
1166,"WAKCAK",1985,"3","21"
1167,"WAKCAK",1986,"3","21"
1168,"WAKCAK",1987,"3","20"
1169,"WAKCAK",1988,"3","20"
1170,"WAKCAK",1989,"3","20"
1171,"TIXCHH",1981,"1","0"
1172,"TIXCHH",1982,"3","20"
1173,"TIXCHH",1983,"3","20"
1174,"TIXCHH",1984,"3","20"
1175,"TIXCHH",1985,"3","20"
1176,"TIXCHH",1986,"3","20"
1177,"TIXCHH",1987,"3","20"
1178,"TIXCHH",1988,"3","20"
1179,"TIXCHH",1989,"6","24"
1180,"DUDLAY",1981,"1","0"
1181,"DUDLAY",1982,"1","0"
1182,"DUDLAY",1983,"3","21"
1183,"DUDLAY",1984,"3","21"
1184,"DUDLAY",1985,"3","21"
1185,"DUDLAY",1986,"3","21"
1186,"DUDLAY",1987,"3","20"
1187,"DUDLAY",1988,"6","20"
1188,"DUDLAY",1989,"3","20"
1189,"BOWLOK",1981,"3","20"
1190,"BOWLOK",1982,"4","20"
1191,"BOWLOK",1983,"7","20"
1192,"BOWLOK",1984,"2","18"
1193,"BOWLOK",1985,"3","24"
1194,"BOWLOK",1986,"3","20"
1195,"BOWLOK",1987,"3","20"
1196,"BOWLOK",1988,"3","20"
1197,"BOWLOK",1989,"2","11"
1198,"BOWLAH",1981,"3","20"
1199,"BOWLAH",1982,"3","20"
1200,"BOWLAH",1983,"3","20"
1201,"BOWLAH",1984,"6","20"
1202,"BOWLAH",1985,"3","20"
1203,"BOWLAH",1986,"3","20"
1204,"BOWLAH",1987,"3","20"
1205,"BOWLAH",1988,"3","20"
1206,"BOWLAH",1989,"3","20"
1207,"FINEAB",1981,"8","20"
1208,"FINEAB",1982,"7","20"
1209,"FINEAB",1983,"6","20"
1210,"FINEAB",1984,"5","20"
1211,"FINEAB",1985,"0","0"
1212,"FINEAB",1986,"2","11"
1213,"FINEAB",1987,"1","9"
1214,"FINEAB",1988,"6","20"
1215,"FINEAB",1989,"3","20"
1216,"ROBARN",1981,"7","20"
1217,"ROBARN",1982,"7","20"
1218,"ROBARN",1983,"7","20"
1219,"ROBARN",1984,"7","20"
1220,"ROBARN",1985,"6","20"
1221,"ROBARN",1986,"2","14"
1222,"ROBARN",1987,"2","14"
1223,"ROBARN",1988,"6","20"
1224,"ROBARN",1989,"3","20"
1225,"ROBBOX",1981,"1","0"
1226,"ROBBOX",1982,"1","0"
1227,"ROBBOX",1983,"3","21"
1228,"ROBBOX",1984,"3","21"
1229,"ROBBOX",1985,"3","21"
1230,"ROBBOX",1986,"3","21"
1231,"ROBBOX",1987,"3","20"
1232,"ROBBOX",1988,"3","20"
1233,"ROBBOX",1989,"1","9"
1234,"MFRBOX",1981,"1","0"
1235,"MFRBOX",1982,"1","0"
1236,"MFRBOX",1983,"1","0"
1237,"MFRBOX",1984,"1","0"
1238,"MFRBOX",1985,"3","20"
1239,"MFRBOX",1986,"3","20"
1240,"MFRBOX",1987,"6","20"
1241,"MFRBOX",1988,"3","20"
1242,"MFRBOX",1989,"3","20"
1243,"SHOTHL",1981,"3","20"
1244,"SHOTHL",1982,"2","12"
1245,"SHOTHL",1983,"3","20"
1246,"SHOTHL",1984,"6","20"
1247,"SHOTHL",1985,"3","20"
1248,"SHOTHL",1986,"3","20"
1249,"SHOTHL",1987,"5","20"
1250,"SHOTHL",1988,"3","20"
1251,"SHOTHL",1989,"3","20"
1252,"SHOTFM",1981,"7","20"
1253,"SHOTFM",1982,"3","20"
1254,"SHOTFM",1983,"3","20"
1255,"SHOTFM",1984,"1","5"
1256,"SHOTFM",1985,"1","5"
1257,"SHOTFM",1986,"1","5"
1258,"SHOTFM",1987,"1","5"
1259,"SHOTFM",1988,"1","5"
1260,"SHOTFM",1989,"1","5"
1261,"HARWHL",1981,"6","20"
1262,"HARWHL",1982,"7","20"
1263,"HARWHL",1983,"2","16"
1264,"HARWHL",1984,"2","16"
1265,"HARWHL",1985,"3","20"
1266,"HARWHL",1986,"3","20"
1267,"HARWHL",1987,"2","11"
1268,"HARWHL",1988,"3","20"
1269,"HARWHL",1989,"2","11"
1270,"LIMESA",1981,"3","20"
1271,"LIMESA",1982,"3","20"
1272,"LIMESA",1983,"7","20"
1273,"LIMESA",1984,"3","20"
1274,"LIMESA",1985,"3","20"
1275,"LIMESA",1986,"3","20"
1276,"LIMESA",1987,"3","20"
1277,"LIMESA",1988,"1","7"
1278,"LIMESA",1989,"1","7"
1279,"LIMESB",1981,"3","20"
1280,"LIMESB",1982,"3","20"
1281,"LIMESB",1983,"3","20"
1282,"LIMESB",1984,"6","20"
1283,"LIMESB",1985,"3","20"
1284,"LIMESB",1986,"3","20"
1285,"LIMESB",1987,"3","20"
1286,"LIMESB",1988,"3","20"
1287,"LIMESB",1989,"6","20"
1288,"DEXTER",1981,"0","0"
1289,"DEXTER",1982,"6","20"
1290,"DEXTER",1983,"5","20"
1291,"DEXTER",1984,"7","20"
1292,"DEXTER",1985,"6","24"
1293,"DEXTER",1986,"7","20"
1294,"DEXTER",1987,"6","20"
1295,"DEXTER",1988,"3","20"
1296,"DEXTER",1989,"6","24"
1297,"BARNLG",1981,"1","0"
1298,"BARNLG",1982,"1","0"
1299,"BARNLG",1983,"3","21"
1300,"BARNLG",1984,"3","21"
1301,"BARNLG",1985,"3","21"
1302,"BARNLG",1986,"1","9"
1303,"BARNLG",1987,"1","9"
1304,"BARNLG",1988,"7","20"
1305,"BARNLG",1989,"3","20"
1306,"LINGSA",1981,"0","0"
1307,"LINGSA",1982,"0","0"
1308,"LINGSA",1983,"6","20"
1309,"LINGSA",1984,"3","20"
1310,"LINGSA",1985,"3","20"
1311,"LINGSA",1986,"3","20"
1312,"LINGSA",1987,"3","20"
1313,"LINGSA",1988,"1","7"
1314,"LINGSA",1989,"1","7"
1315,"HARDWK",1981,"0","0"
1316,"HARDWK",1982,"0","0"
1317,"HARDWK",1983,"3","20"
1318,"HARDWK",1984,"7","20"
1319,"HARDWK",1985,"7","20"
1320,"HARDWK",1986,"6","24"
1321,"HARDWK",1987,"3","20"
1322,"HARDWK",1988,"2","11"
1323,"HARDWK",1989,"1","3"
1324,"CHRISL",1981,"0","0"
1325,"CHRISL",1982,"0","0"
1326,"CHRISL",1983,"3","20"
1327,"CHRISL",1984,"3","20"
1328,"CHRISL",1985,"2","12"
1329,"CHRISL",1986,"3","21"
1330,"CHRISL",1987,"3","20"
1331,"CHRISL",1988,"3","20"
1332,"CHRISL",1989,"3","20"
1333,"CHRISX",1981,"0","0"
1334,"CHRISX",1982,"0","0"
1335,"CHRISX",1983,"1","0"
1336,"CHRISX",1984,"1","0"
1337,"CHRISX",1985,"3","21"
1338,"CHRISX",1986,"3","21"
1339,"CHRISX",1987,"3","20"
1340,"CHRISX",1988,"3","20"
1341,"CHRISX",1989,"3","20"
1342,"BAINES",1981,"0","0"
1343,"BAINES",1982,"0","0"
1344,"BAINES",1983,"7","20"
1345,"BAINES",1984,"6","20"
1346,"BAINES",1985,"6","24"
1347,"BAINES",1986,"1","7"
1348,"BAINES",1987,"1","7"
1349,"BAINES",1988,"1","7"
1350,"BAINES",1989,"1","7"
1351,"PGWDA1",1981,"0","0"
1352,"PGWDA1",1982,"0","0"
1353,"PGWDA1",1983,"7","22"
1354,"PGWDA1",1984,"1","5"
1355,"PGWDA1",1985,"1","4"
1356,"PGWDA1",1986,"1","4"
1357,"PGWDA1",1987,"1","4"
1358,"PGWDA1",1988,"1","4"
1359,"PGWDA1",1989,"1","4"
1360,"PGWDA2",1981,"0","0"
1361,"PGWDA2",1982,"0","0"
1362,"PGWDA2",1983,"6","20"
1363,"PGWDA2",1984,"2","16"
1364,"PGWDA2",1985,"2","16"
1365,"PGWDA2",1986,"3","20"
1366,"PGWDA2",1987,"2","16"
1367,"PGWDA2",1988,"3","20"
1368,"PGWDA2",1989,"1","1"
1369,"PGWDA3",1981,"0","0"
1370,"PGWDA3",1982,"0","0"
1371,"PGWDA3",1983,"2","11"
1372,"PGWDA3",1984,"2","11"
1373,"PGWDA3",1985,"2","16"
1374,"PGWDA3",1986,"3","20"
1375,"PGWDA3",1987,"3","20"
1376,"PGWDA3",1988,"3","20"
1377,"PGWDA3",1989,"3","20"
1378,"HUNDAC",1981,"0","0"
1379,"HUNDAC",1982,"0","0"
1380,"HUNDAC",1983,"7","20"
1381,"HUNDAC",1984,"3","20"
1382,"HUNDAC",1985,"5","20"
1383,"HUNDAC",1986,"3","20"
1384,"HUNDAC",1987,"3","20"
1385,"HUNDAC",1988,"4","20"
1386,"HUNDAC",1989,"6","20"
1387,"RYHALL",1981,"0","0"
1388,"RYHALL",1982,"0","0"
1389,"RYHALL",1983,"3","20"
1390,"RYHALL",1984,"3","20"
1391,"RYHALL",1985,"0","3"
1392,"RYHALL",1986,"6","24"
1393,"RYHALL",1987,"3","20"
1394,"RYHALL",1988,"3","20"
1395,"RYHALL",1989,"3","20"
1396,"WALKFM",1981,"0","0"
1397,"WALKFM",1982,"0","0"
1398,"WALKFM",1983,"1","0"
1399,"WALKFM",1984,"1","0"
1400,"WALKFM",1985,"3","21"
1401,"WALKFM",1986,"3","21"
1402,"WALKFM",1987,"3","20"
1403,"WALKFM",1988,"5","20"
1404,"WALKFM",1989,"3","20"
1405,"COWPFM",1981,"0","0"
1406,"COWPFM",1982,"0","0"
1407,"COWPFM",1983,"3","20"
1408,"COWPFM",1984,"3","20"
1409,"COWPFM",1985,"3","20"
1410,"COWPFM",1986,"3","20"
1411,"COWPFM",1987,"3","20"
1412,"COWPFM",1988,"0","0"
1413,"COWPFM",1989,"0","0"
1414,"CASTAS",1981,"0","0"
1415,"CASTAS",1982,"0","0"
1416,"CASTAS",1983,"8","20"
1417,"CASTAS",1984,"6","24"
1418,"CASTAS",1985,"3","20"
1419,"CASTAS",1986,"3","20"
1420,"CASTAS",1987,"3","20"
1421,"CASTAS",1988,"3","20"
1422,"CASTAS",1989,"3","20"
1423,"TICLD2",1981,"3","20"
1424,"TICLD2",1982,"3","20"
1425,"TICLD2",1983,"1","7"
1426,"TICLD2",1984,"1","7"
1427,"TICLD2",1985,"1","7"
1428,"TICLD2",1986,"1","7"
1429,"TICLD2",1987,"1","7"
1430,"TICLD2",1988,"1","7"
1431,"TICLD2",1989,"1","7"
1432,"GLATUN",1981,"4","20"
1433,"GLATUN",1982,"4","20"
1434,"GLATUN",1983,"1","7"
1435,"GLATUN",1984,"1","7"
1436,"GLATUN",1985,"1","7"
1437,"GLATUN",1986,"1","7"
1438,"GLATUN",1987,"1","7"
1439,"GLATUN",1988,"1","7"
1440,"GLATUN",1989,"1","7"
1441,"GLABCR",1981,"0","0"
1442,"GLABCR",1982,"3","20"
1443,"GLABCR",1983,"5","20"
1444,"GLABCR",1984,"6","20"
1445,"GLABCR",1985,"1","7"
1446,"GLABCR",1986,"1","7"
1447,"GLABCR",1987,"1","7"
1448,"GLABCR",1988,"1","7"
1449,"GLABCR",1989,"1","7"
1450,"TOPHBX",1981,"1","0"
1451,"TOPHBX",1982,"1","0"
1452,"TOPHBX",1983,"3","21"
1453,"TOPHBX",1984,"3","21"
1454,"TOPHBX",1985,"3","21"
1455,"TOPHBX",1986,"3","21"
1456,"TOPHBX",1987,"3","20"
1457,"TOPHBX",1988,"3","20"
1458,"TOPHBX",1989,"1","4"
1459,"DPSERN",1981,"0","0"
1460,"DPSERN",1982,"0","0"
1461,"DPSERN",1983,"3","20"
1462,"DPSERN",1984,"3","20"
1463,"DPSERN",1985,"3","20"
1464,"DPSERN",1986,"7","20"
1465,"DPSERN",1987,"7","20"
1466,"DPSERN",1988,"5","20"
1467,"DPSERN",1989,"1","4"
1468,"COLLBR",1981,"1","0"
1469,"COLLBR",1982,"1","0"
1470,"COLLBR",1983,"1","0"
1471,"COLLBR",1984,"1","0"
1472,"COLLBR",1985,"1","0"
1473,"COLLBR",1986,"1","0"
1474,"COLLBR",1987,"3","20"
1475,"COLLBR",1988,"8","20"
1476,"COLLBR",1989,"6","24"
1477,"BELMYS",1981,"1","0"
1478,"BELMYS",1982,"1","0"
1479,"BELMYS",1983,"1","0"
1480,"BELMYS",1984,"1","0"
1481,"BELMYS",1985,"1","0"
1482,"BELMYS",1986,"3","20"
1483,"BELMYS",1987,"3","20"
1484,"BELMYS",1988,"7","20"
1485,"BELMYS",1989,"7","20"
1486,"ROBAR2",1981,"1","0"
1487,"ROBAR2",1982,"1","0"
1488,"ROBAR2",1983,"1","0"
1489,"ROBAR2",1984,"3","20"
1490,"ROBAR2",1985,"3","20"
1491,"ROBAR2",1986,"3","20"
1492,"ROBAR2",1987,"3","20"
1493,"ROBAR2",1988,"3","20"
1494,"ROBAR2",1989,"7","20"
1495,"SEATW2",1981,"1","0"
1496,"SEATW2",1982,"1","0"
1497,"SEATW2",1983,"1","0"
1498,"SEATW2",1984,"1","0"
1499,"SEATW2",1985,"1","0"
1500,"SEATW2",1986,"3","20"
1501,"SEATW2",1987,"3","20"
1502,"SEATW2",1988,"3","20"
1503,"SEATW2",1989,"5","20"
1504,"SHOWGR",1981,"0","0"
1505,"SHOWGR",1982,"0","0"
1506,"SHOWGR",1983,"0","0"
1507,"SHOWGR",1984,"8","20"
1508,"SHOWGR",1985,"8","20"
1509,"SHOWGR",1986,"8","20"
1510,"SHOWGR",1987,"6","20"
1511,"SHOWGR",1988,"0","0"
1512,"SHOWGR",1989,"0","0"
1513,"ELDWES",1981,"0","0"
1514,"ELDWES",1982,"0","0"
1515,"ELDWES",1983,"0","0"
1516,"ELDWES",1984,"7","20"
1517,"ELDWES",1985,"1","7"
1518,"ELDWES",1986,"1","7"
1519,"ELDWES",1987,"1","7"
1520,"ELDWES",1988,"1","7"
1521,"ELDWES",1989,"1","7"
1522,"ELDPOM",1981,"0","0"
1523,"ELDPOM",1982,"0","0"
1524,"ELDPOM",1983,"0","0"
1525,"ELDPOM",1984,"7","20"
1526,"ELDPOM",1985,"6","20"
1527,"ELDPOM",1986,"6","20"
1528,"ELDPOM",1987,"6","20"
1529,"ELDPOM",1988,"6","20"
1530,"ELDPOM",1989,"5","21"
1531,"EDLRIN",1981,"0","0"
1532,"EDLRIN",1982,"0","0"
1533,"EDLRIN",1983,"0","0"
1534,"EDLRIN",1984,"3","20"
1535,"EDLRIN",1985,"7","20"
1536,"EDLRIN",1986,"4","20"
1537,"EDLRIN",1987,"7","20"
1538,"EDLRIN",1988,"7","20"
1539,"EDLRIN",1989,"7","20"
1540,"REDHON",1981,"0","0"
1541,"REDHON",1982,"0","0"
1542,"REDHON",1983,"0","0"
1543,"REDHON",1984,"5","20"
1544,"REDHON",1985,"3","20"
1545,"REDHON",1986,"3","20"
1546,"REDHON",1987,"1","9"
1547,"REDHON",1988,"3","20"
1548,"REDHON",1989,"3","20"
1549,"WHITR1",1981,"0","0"
1550,"WHITR1",1982,"0","0"
1551,"WHITR1",1983,"0","0"
1552,"WHITR1",1984,"7","20"
1553,"WHITR1",1985,"7","20"
1554,"WHITR1",1986,"1","2"
1555,"WHITR1",1987,"7","20"
1556,"WHITR1",1988,"1","5"
1557,"WHITR1",1989,"1","5"
1558,"WHITR2",1981,"0","0"
1559,"WHITR2",1982,"0","0"
1560,"WHITR2",1983,"0","0"
1561,"WHITR2",1984,"3","20"
1562,"WHITR2",1985,"3","20"
1563,"WHITR2",1986,"7","20"
1564,"WHITR2",1987,"3","20"
1565,"WHITR2",1988,"3","20"
1566,"WHITR2",1989,"3","20"
1567,"LINWOD",1981,"0","0"
1568,"LINWOD",1982,"0","0"
1569,"LINWOD",1983,"0","0"
1570,"LINWOD",1984,"7","20"
1571,"LINWOD",1985,"7","20"
1572,"LINWOD",1986,"7","20"
1573,"LINWOD",1987,"7","20"
1574,"LINWOD",1988,"7","20"
1575,"LINWOD",1989,"7","20"
1576,"GRANGE",1981,"0","0"
1577,"GRANGE",1982,"0","0"
1578,"GRANGE",1983,"0","0"
1579,"GRANGE",1984,"6","20"
1580,"GRANGE",1985,"1","1"
1581,"GRANGE",1986,"6","20"
1582,"GRANGE",1987,"2","11"
1583,"GRANGE",1988,"2","11"
1584,"GRANGE",1989,"5","21"
1585,"FLOODF",1981,"0","0"
1586,"FLOODF",1982,"0","0"
1587,"FLOODF",1983,"0","0"
1588,"FLOODF",1984,"6","20"
1589,"FLOODF",1985,"3","20"
1590,"FLOODF",1986,"3","20"
1591,"FLOODF",1987,"2","17"
1592,"FLOODF",1988,"2","17"
1593,"FLOODF",1989,"3","20"
1594,"WHITDK",1981,"0","0"
1595,"WHITDK",1982,"0","0"
1596,"WHITDK",1983,"0","0"
1597,"WHITDK",1984,"0","0"
1598,"WHITDK",1985,"7","20"
1599,"WHITDK",1986,"7","20"
1600,"WHITDK",1987,"6","20"
1601,"WHITDK",1988,"7","20"
1602,"WHITDK",1989,"7","20"
1603,"DELAVA",1981,"0","0"
1604,"DELAVA",1982,"0","0"
1605,"DELAVA",1983,"7","20"
1606,"DELAVA",1984,"7","20"
1607,"DELAVA",1985,"6","20"
1608,"DELAVA",1986,"3","20"
1609,"DELAVA",1987,"1","4"
1610,"DELAVA",1988,"1","4"
1611,"DELAVA",1989,"1","4"
1612,"BURNTH",1981,"0","0"
1613,"BURNTH",1982,"3","20"
1614,"BURNTH",1983,"7","20"
1615,"BURNTH",1984,"3","20"
1616,"BURNTH",1985,"3","20"
1617,"BURNTH",1986,"3","20"
1618,"BURNTH",1987,"3","20"
1619,"BURNTH",1988,"3","20"
1620,"BURNTH",1989,"3","20"
1621,"LATFEN",1981,"0","0"
1622,"LATFEN",1982,"3","20"
1623,"LATFEN",1983,"6","20"
1624,"LATFEN",1984,"3","20"
1625,"LATFEN",1985,"3","20"
1626,"LATFEN",1986,"3","20"
1627,"LATFEN",1987,"3","20"
1628,"LATFEN",1988,"3","20"
1629,"LATFEN",1989,"3","20"
1630,"CHAPBR",1981,"0","0"
1631,"CHAPBR",1982,"0","0"
1632,"CHAPBR",1983,"0","0"
1633,"CHAPBR",1984,"7","20"
1634,"CHAPBR",1985,"5","20"
1635,"CHAPBR",1986,"3","20"
1636,"CHAPBR",1987,"3","20"
1637,"CHAPBR",1988,"1","3"
1638,"CHAPBR",1989,"1","3"
1639,"UNWDGR",1981,"0","0"
1640,"UNWDGR",1982,"0","0"
1641,"UNWDGR",1983,"0","0"
1642,"UNWDGR",1984,"7","20"
1643,"UNWDGR",1985,"7","20"
1644,"UNWDGR",1986,"7","20"
1645,"UNWDGR",1987,"6","20"
1646,"UNWDGR",1988,"1","3"
1647,"UNWDGR",1989,"1","3"
1648,"UNWDG2",1981,"0","0"
1649,"UNWDG2",1982,"0","0"
1650,"UNWDG2",1983,"0","0"
1651,"UNWDG2",1984,"3","20"
1652,"UNWDG2",1985,"3","20"
1653,"UNWDG2",1986,"3","20"
1654,"UNWDG2",1987,"7","20"
1655,"UNWDG2",1988,"7","20"
1656,"UNWDG2",1989,"7","20"
1657,"UNWDSP",1981,"0","0"
1658,"UNWDSP",1982,"0","0"
1659,"UNWDSP",1983,"0","0"
1660,"UNWDSP",1984,"3","20"
1661,"UNWDSP",1985,"3","20"
1662,"UNWDSP",1986,"4","20"
1663,"UNWDSP",1987,"3","20"
1664,"UNWDSP",1988,"5","20"
1665,"UNWDSP",1989,"6","20"
1666,"PARKHO",1981,"0","0"
1667,"PARKHO",1982,"0","0"
1668,"PARKHO",1983,"8","20"
1669,"PARKHO",1984,"6","24"
1670,"PARKHO",1985,"6","24"
1671,"PARKHO",1986,"7","20"
1672,"PARKHO",1987,"2","11"
1673,"PARKHO",1988,"6","20"
1674,"PARKHO",1989,"7","20"
1675,"PARKH2",1981,"1","0"
1676,"PARKH2",1982,"1","0"
1677,"PARKH2",1983,"1","0"
1678,"PARKH2",1984,"1","0"
1679,"PARKH2",1985,"1","0"
1680,"PARKH2",1986,"2","16"
1681,"PARKH2",1987,"6","22"
1682,"PARKH2",1988,"3","20"
1683,"PARKH2",1989,"1","3"
1684,"PONDBR",1981,"0","0"
1685,"PONDBR",1982,"0","0"
1686,"PONDBR",1983,"0","0"
1687,"PONDBR",1984,"2","12"
1688,"PONDBR",1985,"2","12"
1689,"PONDBR",1986,"0","0"
1690,"PONDBR",1987,"0","0"
1691,"PONDBR",1988,"0","0"
1692,"PONDBR",1989,"0","0"
1693,"KEWOR1",1981,"3","20"
1694,"KEWOR1",1982,"3","20"
1695,"KEWOR1",1983,"3","20"
1696,"KEWOR1",1984,"6","20"
1697,"KEWOR1",1985,"6","20"
1698,"KEWOR1",1986,"7","20"
1699,"KEWOR1",1987,"2","16"
1700,"KEWOR1",1988,"3","20"
1701,"KEWOR1",1989,"3","20"
1702,"KEWOR2",1981,"3","20"
1703,"KEWOR2",1982,"3","20"
1704,"KEWOR2",1983,"1","6"
1705,"KEWOR2",1984,"1","6"
1706,"KEWOR2",1985,"1","6"
1707,"KEWOR2",1986,"1","6"
1708,"KEWOR2",1987,"1","6"
1709,"KEWOR2",1988,"1","6"
1710,"KEWOR2",1989,"1","6"
1711,"KEWOR3",1981,"2","12"
1712,"KEWOR3",1982,"2","18"
1713,"KEWOR3",1983,"3","20"
1714,"KEWOR3",1984,"3","20"
1715,"KEWOR3",1985,"2","12"
1716,"KEWOR3",1986,"3","20"
1717,"KEWOR3",1987,"3","20"
1718,"KEWOR3",1988,"3","20"
1719,"KEWOR3",1989,"3","20"
1720,"KEWOR4",1981,"6","20"
1721,"KEWOR4",1982,"6","20"
1722,"KEWOR4",1983,"7","20"
1723,"KEWOR4",1984,"2","11"
1724,"KEWOR4",1985,"2","11"
1725,"KEWOR4",1986,"1","5"
1726,"KEWOR4",1987,"1","5"
1727,"KEWOR4",1988,"1","5"
1728,"KEWOR4",1989,"1","5"
1729,"KEWBOX",1981,"1","0"
1730,"KEWBOX",1982,"1","0"
1731,"KEWBOX",1983,"3","21"
1732,"KEWBOX",1984,"3","21"
1733,"KEWBOX",1985,"3","21"
1734,"KEWBOX",1986,"3","21"
1735,"KEWBOX",1987,"7","20"
1736,"KEWBOX",1988,"3","20"
1737,"KEWBOX",1989,"3","20"
1738,"KEWOR5",1981,"8","20"
1739,"KEWOR5",1982,"7","20"
1740,"KEWOR5",1983,"1","7"
1741,"KEWOR5",1984,"1","7"
1742,"KEWOR5",1985,"1","7"
1743,"KEWOR5",1986,"1","7"
1744,"KEWOR5",1987,"1","7"
1745,"KEWOR5",1988,"1","7"
1746,"KEWOR5",1989,"1","7"
1747,"4OOBOX",1981,"1","0"
1748,"4OOBOX",1982,"1","0"
1749,"4OOBOX",1983,"3","21"
1750,"4OOBOX",1984,"3","21"
1751,"4OOBOX",1985,"3","21"
1752,"4OOBOX",1986,"3","21"
1753,"4OOBOX",1987,"3","20"
1754,"4OOBOX",1988,"3","20"
1755,"4OOBOX",1989,"3","20"
1756,"CRADAM",1981,"1","0"
1757,"CRADAM",1982,"1","0"
1758,"CRADAM",1983,"1","0"
1759,"CRADAM",1984,"1","0"
1760,"CRADAM",1985,"3","21"
1761,"CRADAM",1986,"3","21"
1762,"CRADAM",1987,"1","2"
1763,"CRADAM",1988,"1","2"
1764,"CRADAM",1989,"1","2"
1765,"CONEYW",1981,"1","0"
1766,"CONEYW",1982,"1","0"
1767,"CONEYW",1983,"1","0"
1768,"CONEYW",1984,"1","0"
1769,"CONEYW",1985,"3","20"
1770,"CONEYW",1986,"3","20"
1771,"CONEYW",1987,"3","20"
1772,"CONEYW",1988,"0","0"
1773,"CONEYW",1989,"0","0"
1774,"RANSMR",1981,"0","0"
1775,"RANSMR",1982,"0","0"
1776,"RANSMR",1983,"0","0"
1777,"RANSMR",1984,"3","20"
1778,"RANSMR",1985,"6","20"
1779,"RANSMR",1986,"3","20"
1780,"RANSMR",1987,"3","20"
1781,"RANSMR",1988,"3","20"
1782,"RANSMR",1989,"3","20"
1783,"DODGHR",1981,"7","20"
1784,"DODGHR",1982,"3","20"
1785,"DODGHR",1983,"3","20"
1786,"DODGHR",1984,"7","20"
1787,"DODGHR",1985,"3","20"
1788,"DODGHR",1986,"2","16"
1789,"DODGHR",1987,"3","20"
1790,"DODGHR",1988,"1","7"
1791,"DODGHR",1989,"1","7"
1792,"DODGHS",1981,"3","20"
1793,"DODGHS",1982,"7","20"
1794,"DODGHS",1983,"7","20"
1795,"DODGHS",1984,"6","20"
1796,"DODGHS",1985,"7","20"
1797,"DODGHS",1986,"7","20"
1798,"DODGHS",1987,"6","20"
1799,"DODGHS",1988,"7","20"
1800,"DODGHS",1989,"7","20"
1801,"DYKEAS",1981,"2","14"
1802,"DYKEAS",1982,"3","20"
1803,"DYKEAS",1983,"3","20"
1804,"DYKEAS",1984,"3","20"
1805,"DYKEAS",1985,"6","20"
1806,"DYKEAS",1986,"3","20"
1807,"DYKEAS",1987,"3","20"
1808,"DYKEAS",1988,"2","17"
1809,"DYKEAS",1989,"2","17"
1810,"DYKEBX",1981,"1","0"
1811,"DYKEBX",1982,"3","20"
1812,"DYKEBX",1983,"3","20"
1813,"DYKEBX",1984,"7","20"
1814,"DYKEBX",1985,"1","1"
1815,"DYKEBX",1986,"6","20"
1816,"DYKEBX",1987,"3","20"
1817,"DYKEBX",1988,"3","20"
1818,"DYKEBX",1989,"1","3"
1819,"DYKESH",1981,"1","0"
1820,"DYKESH",1982,"1","0"
1821,"DYKESH",1983,"3","21"
1822,"DYKESH",1984,"3","21"
1823,"DYKESH",1985,"7","20"
1824,"DYKESH",1986,"7","20"
1825,"DYKESH",1987,"7","20"
1826,"DYKESH",1988,"7","20"
1827,"DYKESH",1989,"6","24"
1828,"BEBBOX",1981,"1","0"
1829,"BEBBOX",1982,"1","0"
1830,"BEBBOX",1983,"3","21"
1831,"BEBBOX",1984,"1","7"
1832,"BEBBOX",1985,"1","7"
1833,"BEBBOX",1986,"1","7"
1834,"BEBBOX",1987,"1","7"
1835,"BEBBOX",1988,"1","7"
1836,"BEBBOX",1989,"1","7"
1837,"FOURHR",1981,"1","0"
1838,"FOURHR",1982,"1","0"
1839,"FOURHR",1983,"3","21"
1840,"FOURHR",1984,"3","21"
1841,"FOURHR",1985,"3","21"
1842,"FOURHR",1986,"3","21"
1843,"FOURHR",1987,"3","20"
1844,"FOURHR",1988,"3","20"
1845,"FOURHR",1989,"3","20"
1846,"MEREFM",1981,"1","0"
1847,"MEREFM",1982,"6","20"
1848,"MEREFM",1983,"7","20"
1849,"MEREFM",1984,"6","20"
1850,"MEREFM",1985,"3","20"
1851,"MEREFM",1986,"6","20"
1852,"MEREFM",1987,"7","20"
1853,"MEREFM",1988,"7","20"
1854,"MEREFM",1989,"7","20"
1855,"MEREFH",1981,"1","0"
1856,"MEREFH",1982,"1","0"
1857,"MEREFH",1983,"3","21"
1858,"MEREFH",1984,"3","21"
1859,"MEREFH",1985,"3","21"
1860,"MEREFH",1986,"3","21"
1861,"MEREFH",1987,"1","2"
1862,"MEREFH",1988,"1","2"
1863,"MEREFH",1989,"1","2"
1864,"FOURAS",1981,"1","0"
1865,"FOURAS",1982,"3","20"
1866,"FOURAS",1983,"1","9"
1867,"FOURAS",1984,"1","9"
1868,"FOURAS",1985,"1","9"
1869,"FOURAS",1986,"1","9"
1870,"FOURAS",1987,"1","9"
1871,"FOURAS",1988,"1","9"
1872,"FOURAS",1989,"1","9"
1873,"DAIRYF",1981,"1","0"
1874,"DAIRYF",1982,"3","20"
1875,"DAIRYF",1983,"3","20"
1876,"DAIRYF",1984,"7","20"
1877,"DAIRYF",1985,"5","20"
1878,"DAIRYF",1986,"6","20"
1879,"DAIRYF",1987,"3","20"
1880,"DAIRYF",1988,"6","20"
1881,"DAIRYF",1989,"5","20"
1882,"GLASSM",1981,"1","0"
1883,"GLASSM",1982,"3","20"
1884,"GLASSM",1983,"3","20"
1885,"GLASSM",1984,"3","20"
1886,"GLASSM",1985,"3","20"
1887,"GLASSM",1986,"6","20"
1888,"GLASSM",1987,"6","20"
1889,"GLASSM",1988,"2","17"
1890,"GLASSM",1989,"6","20"
1891,"RMERBX",1981,"1","0"
1892,"RMERBX",1982,"1","0"
1893,"RMERBX",1983,"7","20"
1894,"RMERBX",1984,"7","20"
1895,"RMERBX",1985,"7","20"
1896,"RMERBX",1986,"3","20"
1897,"RMERBX",1987,"3","20"
1898,"RMERBX",1988,"6","20"
1899,"RMERBX",1989,"6","23"
1900,"CHURCH",1981,"0","0"
1901,"CHURCH",1982,"0","0"
1902,"CHURCH",1983,"0","0"
1903,"CHURCH",1984,"3","20"
1904,"CHURCH",1985,"5","20"
1905,"CHURCH",1986,"6","20"
1906,"CHURCH",1987,"3","20"
1907,"CHURCH",1988,"1","6"
1908,"CHURCH",1989,"1","6"
1909,"WELLBR",1981,"1","0"
1910,"WELLBR",1982,"1","0"
1911,"WELLBR",1983,"3","21"
1912,"WELLBR",1984,"3","21"
1913,"WELLBR",1985,"3","21"
1914,"WELLBR",1986,"3","21"
1915,"WELLBR",1987,"1","2"
1916,"WELLBR",1988,"1","2"
1917,"WELLBR",1989,"1","2"
1918,"CADESX",1981,"1","0"
1919,"CADESX",1982,"1","0"
1920,"CADESX",1983,"3","21"
1921,"CADESX",1984,"3","21"
1922,"CADESX",1985,"3","21"
1923,"CADESX",1986,"3","21"
1924,"CADESX",1987,"1","2"
1925,"CADESX",1988,"1","2"
1926,"CADESX",1989,"1","2"
1927,"FOUTYP",1981,"1","0"
1928,"FOUTYP",1982,"1","0"
1929,"FOUTYP",1983,"3","21"
1930,"FOUTYP",1984,"3","21"
1931,"FOUTYP",1985,"3","21"
1932,"FOUTYP",1986,"3","21"
1933,"FOUTYP",1987,"3","20"
1934,"FOUTYP",1988,"3","20"
1935,"FOUTYP",1989,"3","20"
1936,"BEEZLG",1981,"1","0"
1937,"BEEZLG",1982,"1","0"
1938,"BEEZLG",1983,"3","21"
1939,"BEEZLG",1984,"3","21"
1940,"BEEZLG",1985,"3","21"
1941,"BEEZLG",1986,"3","21"
1942,"BEEZLG",1987,"3","20"
1943,"BEEZLG",1988,"3","20"
1944,"BEEZLG",1989,"7","20"
1945,"SWINGB",1981,"1","0"
1946,"SWINGB",1982,"6","20"
1947,"SWINGB",1983,"6","20"
1948,"SWINGB",1984,"1","9"
1949,"SWINGB",1985,"1","9"
1950,"SWINGB",1986,"1","9"
1951,"SWINGB",1987,"1","9"
1952,"SWINGB",1988,"1","9"
1953,"SWINGB",1989,"1","9"
1954,"CHATS1",1981,"0","0"
1955,"CHATS1",1982,"3","20"
1956,"CHATS1",1983,"3","20"
1957,"CHATS1",1984,"6","20"
1958,"CHATS1",1985,"3","20"
1959,"CHATS1",1986,"7","20"
1960,"CHATS1",1987,"3","20"
1961,"CHATS1",1988,"3","20"
1962,"CHATS1",1989,"3","20"
1963,"CHATS2",1981,"0","0"
1964,"CHATS2",1982,"3","20"
1965,"CHATS2",1983,"6","20"
1966,"CHATS2",1984,"1","7"
1967,"CHATS2",1985,"1","7"
1968,"CHATS2",1986,"1","7"
1969,"CHATS2",1987,"1","7"
1970,"CHATS2",1988,"1","7"
1971,"CHATS2",1989,"1","7"
1972,"CHATS3",1981,"0","0"
1973,"CHATS3",1982,"3","20"
1974,"CHATS3",1983,"2","12"
1975,"CHATS3",1984,"3","20"
1976,"CHATS3",1985,"3","20"
1977,"CHATS3",1986,"3","20"
1978,"CHATS3",1987,"7","20"
1979,"CHATS3",1988,"3","20"
1980,"CHATS3",1989,"7","20"
1981,"WESTSH",1981,"1","0"
1982,"WESTSH",1982,"1","0"
1983,"WESTSH",1983,"3","21"
1984,"WESTSH",1984,"3","21"
1985,"WESTSH",1985,"7","20"
1986,"WESTSH",1986,"6","20"
1987,"WESTSH",1987,"7","20"
1988,"WESTSH",1988,"6","20"
1989,"WESTSH",1989,"7","20"
1990,"WESTFM",1981,"1","0"
1991,"WESTFM",1982,"1","0"
1992,"WESTFM",1983,"1","0"
1993,"WESTFM",1984,"1","0"
1994,"WESTFM",1985,"3","20"
1995,"WESTFM",1986,"3","20"
1996,"WESTFM",1987,"3","20"
1997,"WESTFM",1988,"3","20"
1998,"WESTFM",1989,"3","20"
1999,"LAMBP1",1981,"1","0"
2000,"LAMBP1",1982,"3","20"
2001,"LAMBP1",1983,"3","20"
2002,"LAMBP1",1984,"6","20"
2003,"LAMBP1",1985,"3","20"
2004,"LAMBP1",1986,"5","20"
2005,"LAMBP1",1987,"3","20"
2006,"LAMBP1",1988,"2","17"
2007,"LAMBP1",1989,"6","20"
2008,"LAMBCR",1981,"1","0"
2009,"LAMBCR",1982,"1","0"
2010,"LAMBCR",1983,"7","20"
2011,"LAMBCR",1984,"3","20"
2012,"LAMBCR",1985,"1","4"
2013,"LAMBCR",1986,"1","4"
2014,"LAMBCR",1987,"1","4"
2015,"LAMBCR",1988,"1","4"
2016,"LAMBCR",1989,"1","4"
2017,"LAMBP2",1981,"1","0"
2018,"LAMBP2",1982,"1","0"
2019,"LAMBP2",1983,"3","21"
2020,"LAMBP2",1984,"3","21"
2021,"LAMBP2",1985,"7","21"
2022,"LAMBP2",1986,"3","21"
2023,"LAMBP2",1987,"3","20"
2024,"LAMBP2",1988,"2","11"
2025,"LAMBP2",1989,"2","11"
2026,"LAMBPN",1981,"1","0"
2027,"LAMBPN",1982,"1","0"
2028,"LAMBPN",1983,"1","0"
2029,"LAMBPN",1984,"3","20"
2030,"LAMBPN",1985,"3","20"
2031,"LAMBPN",1986,"1","4"
2032,"LAMBPN",1987,"1","4"
2033,"LAMBPN",1988,"1","4"
2034,"LAMBPN",1989,"1","4"
2035,"MORLEY",1981,"1","0"
2036,"MORLEY",1982,"1","0"
2037,"MORLEY",1983,"1","0"
2038,"MORLEY",1984,"1","0"
2039,"MORLEY",1985,"3","20"
2040,"MORLEY",1986,"3","20"
2041,"MORLEY",1987,"3","20"
2042,"MORLEY",1988,"3","20"
2043,"MORLEY",1989,"0","0"
2044,"DAWSON",1981,"1","0"
2045,"DAWSON",1982,"1","0"
2046,"DAWSON",1983,"1","0"
2047,"DAWSON",1984,"1","0"
2048,"DAWSON",1985,"3","20"
2049,"DAWSON",1986,"3","20"
2050,"DAWSON",1987,"3","20"
2051,"DAWSON",1988,"3","20"
2052,"DAWSON",1989,"3","20"
2053,"TOLLFM",1981,"1","0"
2054,"TOLLFM",1982,"1","0"
2055,"TOLLFM",1983,"1","0"
2056,"TOLLFM",1984,"1","0"
2057,"TOLLFM",1985,"3","20"
2058,"TOLLFM",1986,"3","20"
2059,"TOLLFM",1987,"3","20"
2060,"TOLLFM",1988,"3","20"
2061,"TOLLFM",1989,"3","20"
2062,"WORELM",1981,"7","20"
2063,"WORELM",1982,"3","20"
2064,"WORELM",1983,"3","20"
2065,"WORELM",1984,"1","7"
2066,"WORELM",1985,"1","7"
2067,"WORELM",1986,"1","7"
2068,"WORELM",1987,"1","7"
2069,"WORELM",1988,"1","7"
2070,"WORELM",1989,"1","7"
2071,"WORBOX",1981,"1","0"
2072,"WORBOX",1982,"1","0"
2073,"WORBOX",1983,"3","20"
2074,"WORBOX",1984,"5","20"
2075,"WORBOX",1985,"3","20"
2076,"WORBOX",1986,"3","20"
2077,"WORBOX",1987,"3","20"
2078,"WORBOX",1988,"3","20"
2079,"WORBOX",1989,"3","20"
2080,"WORASH",1981,"4","20"
2081,"WORASH",1982,"3","20"
2082,"WORASH",1983,"6","20"
2083,"WORASH",1984,"1","6"
2084,"WORASH",1985,"1","6"
2085,"WORASH",1986,"1","6"
2086,"WORASH",1987,"1","6"
2087,"WORASH",1988,"1","6"
2088,"WORASH",1989,"1","6"
2089,"WORWBX",1981,"1","0"
2090,"WORWBX",1982,"1","0"
2091,"WORWBX",1983,"3","21"
2092,"WORWBX",1984,"3","21"
2093,"WORWBX",1985,"7","20"
2094,"WORWBX",1986,"5","20"
2095,"WORWBX",1987,"7","20"
2096,"WORWBX",1988,"6","20"
2097,"WORWBX",1989,"7","20"
2098,"WAYPOS",1981,"3","20"
2099,"WAYPOS",1982,"3","20"
2100,"WAYPOS",1983,"7","20"
2101,"WAYPOS",1984,"3","20"
2102,"WAYPOS",1985,"3","20"
2103,"WAYPOS",1986,"3","20"
2104,"WAYPOS",1987,"3","20"
2105,"WAYPOS",1988,"1","3"
2106,"WAYPOS",1989,"1","3"
2107,"WAYCAT",1981,"1","0"
2108,"WAYCAT",1982,"1","0"
2109,"WAYCAT",1983,"3","21"
2110,"WAYCAT",1984,"3","21"
2111,"WAYCAT",1985,"3","21"
2112,"WAYCAT",1986,"3","21"
2113,"WAYCAT",1987,"3","20"
2114,"WAYCAT",1988,"6","20"
2115,"WAYCAT",1989,"3","20"
2116,"WAYBOX",1981,"1","0"
2117,"WAYBOX",1982,"3","20"
2118,"WAYBOX",1983,"1","2"
2119,"WAYBOX",1984,"1","2"
2120,"WAYBOX",1985,"5","20"
2121,"WAYBOX",1986,"2","16"
2122,"WAYBOX",1987,"3","20"
2123,"WAYBOX",1988,"3","20"
2124,"WAYBOX",1989,"3","20"
2125,"R4OWIL",1981,"1","1"
2126,"R4OWIL",1982,"3","20"
2127,"R4OWIL",1983,"3","20"
2128,"R4OWIL",1984,"3","20"
2129,"R4OWIL",1985,"2","12"
2130,"R4OWIL",1986,"3","20"
2131,"R4OWIL",1987,"3","20"
2132,"R4OWIL",1988,"0","0"
2133,"R4OWIL",1989,"0","0"
2134,"WOODLA",1981,"5","20"
2135,"WOODLA",1982,"3","20"
2136,"WOODLA",1983,"3","20"
2137,"WOODLA",1984,"3","20"
2138,"WOODLA",1985,"3","20"
2139,"WOODLA",1986,"3","20"
2140,"WOODLA",1987,"3","20"
2141,"WOODLA",1988,"0","0"
2142,"WOODLA",1989,"0","0"
2143,"BODJON",1981,"3","20"
2144,"BODJON",1982,"3","20"
2145,"BODJON",1983,"6","20"
2146,"BODJON",1984,"3","20"
2147,"BODJON",1985,"2","17"
2148,"BODJON",1986,"3","20"
2149,"BODJON",1987,"3","20"
2150,"BODJON",1988,"1","3"
2151,"BODJON",1989,"1","3"
2152,"BODCRO",1981,"7","20"
2153,"BODCRO",1982,"3","20"
2154,"BODCRO",1983,"1","2"
2155,"BODCRO",1984,"1","2"
2156,"BODCRO",1985,"1","2"
2157,"BODCRO",1986,"1","2"
2158,"BODCRO",1987,"1","2"
2159,"BODCRO",1988,"1","2"
2160,"BODCRO",1989,"1","2"
2161,"BODBOX",1981,"1","0"
2162,"BODBOX",1982,"1","0"
2163,"BODBOX",1983,"3","21"
2164,"BODBOX",1984,"3","21"
2165,"BODBOX",1985,"3","21"
2166,"BODBOX",1986,"3","21"
2167,"BODBOX",1987,"3","20"
2168,"BODBOX",1988,"7","23"
2169,"BODBOX",1989,"3","20"
2170,"BODELM",1981,"4","20"
2171,"BODELM",1982,"7","20"
2172,"BODELM",1983,"3","20"
2173,"BODELM",1984,"6","20"
2174,"BODELM",1985,"1","5"
2175,"BODELM",1986,"1","5"
2176,"BODELM",1987,"1","5"
2177,"BODELM",1988,"1","5"
2178,"BODELM",1989,"1","5"
2179,"BRICKE",1981,"0","0"
2180,"BRICKE",1982,"0","0"
2181,"BRICKE",1983,"2","12"
2182,"BRICKE",1984,"2","12"
2183,"BRICKE",1985,"3","20"
2184,"BRICKE",1986,"3","20"
2185,"BRICKE",1987,"3","20"
2186,"BRICKE",1988,"3","20"
2187,"BRICKE",1989,"3","20"
2188,"BRICKX",1981,"1","0"
2189,"BRICKX",1982,"6","20"
2190,"BRICKX",1983,"3","20"
2191,"BRICKX",1984,"3","20"
2192,"BRICKX",1985,"1","1"
2193,"BRICKX",1986,"3","20"
2194,"BRICKX",1987,"2","11"
2195,"BRICKX",1988,"3","20"
2196,"BRICKX",1989,"7","20"
2197,"LODEBX",1981,"1","0"
2198,"LODEBX",1982,"1","0"
2199,"LODEBX",1983,"3","21"
2200,"LODEBX",1984,"3","21"
2201,"LODEBX",1985,"7","20"
2202,"LODEBX",1986,"3","21"
2203,"LODEBX",1987,"7","20"
2204,"LODEBX",1988,"3","20"
2205,"LODEBX",1989,"3","20"
2206,"LODEST",1981,"3","20"
2207,"LODEST",1982,"3","20"
2208,"LODEST",1983,"5","20"
2209,"LODEST",1984,"7","20"
2210,"LODEST",1985,"3","20"
2211,"LODEST",1986,"3","20"
2212,"LODEST",1987,"3","20"
2213,"LODEST",1988,"7","20"
2214,"LODEST",1989,"3","20"
2215,"RSMWML",1981,"1","0"
2216,"RSMWML",1982,"1","0"
2217,"RSMWML",1983,"1","0"
2218,"RSMWML",1984,"6","24"
2219,"RSMWML",1985,"6","24"
2220,"RSMWML",1986,"6","24"
2221,"RSMWML",1987,"3","20"
2222,"RSMWML",1988,"3","20"
2223,"RSMWML",1989,"3","20"
2224,"RSMCHN",1981,"1","0"
2225,"RSMCHN",1982,"1","0"
2226,"RSMCHN",1983,"1","0"
2227,"RSMCHN",1984,"1","0"
2228,"RSMCHN",1985,"8","20"
2229,"RSMCHN",1986,"7","20"
2230,"RSMCHN",1987,"8","20"
2231,"RSMCHN",1988,"7","20"
2232,"RSMCHN",1989,"7","20"
2233,"STOCKF",1981,"3","20"
2234,"STOCKF",1982,"3","20"
2235,"STOCKF",1983,"3","20"
2236,"STOCKF",1984,"3","20"
2237,"STOCKF",1985,"8","20"
2238,"STOCKF",1986,"7","20"
2239,"STOCKF",1987,"1","5"
2240,"STOCKF",1988,"1","5"
2241,"STOCKF",1989,"1","5"
2242,"RACEMY",1981,"3","20"
2243,"RACEMY",1982,"3","20"
2244,"RACEMY",1983,"3","20"
2245,"RACEMY",1984,"3","20"
2246,"RACEMY",1985,"3","20"
2247,"RACEMY",1986,"3","20"
2248,"RACEMY",1987,"3","20"
2249,"RACEMY",1988,"3","20"
2250,"RACEMY",1989,"3","20"
2251,"CAMPBX",1981,"1","0"
2252,"CAMPBX",1982,"1","0"
2253,"CAMPBX",1983,"3","21"
2254,"CAMPBX",1984,"3","21"
2255,"CAMPBX",1985,"3","21"
2256,"CAMPBX",1986,"3","21"
2257,"CAMPBX",1987,"3","20"
2258,"CAMPBX",1988,"3","20"
2259,"CAMPBX",1989,"3","20"
2260,"HOLHSW",1981,"1","0"
2261,"HOLHSW",1982,"1","0"
2262,"HOLHSW",1983,"3","21"
2263,"HOLHSW",1984,"3","21"
2264,"HOLHSW",1985,"3","21"
2265,"HOLHSW",1986,"3","21"
2266,"HOLHSW",1987,"3","20"
2267,"HOLHSW",1988,"5","20"
2268,"HOLHSW",1989,"3","20"
2269,"HOLHAS",1981,"3","20"
2270,"HOLHAS",1982,"3","20"
2271,"HOLHAS",1983,"3","20"
2272,"HOLHAS",1984,"3","20"
2273,"HOLHAS",1985,"3","20"
2274,"HOLHAS",1986,"3","20"
2275,"HOLHAS",1987,"3","20"
2276,"HOLHAS",1988,"3","20"
2277,"HOLHAS",1989,"3","20"
2278,"HHEAPX",1981,"1","0"
2279,"HHEAPX",1982,"1","0"
2280,"HHEAPX",1983,"1","0"
2281,"HHEAPX",1984,"1","0"
2282,"HHEAPX",1985,"3","20"
2283,"HHEAPX",1986,"3","20"
2284,"HHEAPX",1987,"3","20"
2285,"HHEAPX",1988,"3","20"
2286,"HHEAPX",1989,"3","20"
2287,"COOKSD",1981,"3","20"
2288,"COOKSD",1982,"3","20"
2289,"COOKSD",1983,"3","20"
2290,"COOKSD",1984,"3","20"
2291,"COOKSD",1985,"3","20"
2292,"COOKSD",1986,"3","20"
2293,"COOKSD",1987,"3","20"
2294,"COOKSD",1988,"3","20"
2295,"COOKSD",1989,"3","20"
2296,"FROGHL",1981,"1","0"
2297,"FROGHL",1982,"1","0"
2298,"FROGHL",1983,"3","21"
2299,"FROGHL",1984,"3","21"
2300,"FROGHL",1985,"1","1"
2301,"FROGHL",1986,"3","20"
2302,"FROGHL",1987,"3","20"
2303,"FROGHL",1988,"3","20"
2304,"FROGHL",1989,"3","20"
2305,"ELMSEN",1981,"1","0"
2306,"ELMSEN",1982,"1","0"
2307,"ELMSEN",1983,"1","0"
2308,"ELMSEN",1984,"1","0"
2309,"ELMSEN",1985,"3","20"
2310,"ELMSEN",1986,"1","7"
2311,"ELMSEN",1987,"1","7"
2312,"ELMSEN",1988,"1","7"
2313,"ELMSEN",1989,"1","7"
2314,"ELMSFM",1981,"1","0"
2315,"ELMSFM",1982,"3","20"
2316,"ELMSFM",1983,"3","20"
2317,"ELMSFM",1984,"3","20"
2318,"ELMSFM",1985,"3","20"
2319,"ELMSFM",1986,"3","20"
2320,"ELMSFM",1987,"3","20"
2321,"ELMSFM",1988,"5","20"
2322,"ELMSFM",1989,"3","20"
2323,"TFENCR",1981,"9","20"
2324,"TFENCR",1982,"3","20"
2325,"TFENCR",1983,"6","20"
2326,"TFENCR",1984,"1","4"
2327,"TFENCR",1985,"1","4"
2328,"TFENCR",1986,"1","4"
2329,"TFENCR",1987,"3","20"
2330,"TFENCR",1988,"1","4"
2331,"TFENCR",1989,"3","20"
2332,"TFENAS",1981,"3","20"
2333,"TFENAS",1982,"3","20"
2334,"TFENAS",1983,"3","20"
2335,"TFENAS",1984,"3","20"
2336,"TFENAS",1985,"3","20"
2337,"TFENAS",1986,"3","20"
2338,"TFENAS",1987,"3","20"
2339,"TFENAS",1988,"1","4"
2340,"TFENAS",1989,"1","4"
2341,"SETCHF",1981,"1","0"
2342,"SETCHF",1982,"3","20"
2343,"SETCHF",1983,"3","20"
2344,"SETCHF",1984,"3","20"
2345,"SETCHF",1985,"3","20"
2346,"SETCHF",1986,"3","20"
2347,"SETCHF",1987,"3","20"
2348,"SETCHF",1988,"3","20"
2349,"SETCHF",1989,"3","20"
2350,"ROWELL",1981,"1","0"
2351,"ROWELL",1982,"1","0"
2352,"ROWELL",1983,"1","0"
2353,"ROWELL",1984,"1","0"
2354,"ROWELL",1985,"3","20"
2355,"ROWELL",1986,"3","20"
2356,"ROWELL",1987,"1","9"
2357,"ROWELL",1988,"1","9"
2358,"ROWELL",1989,"1","9"
2359,"FENMAR",1981,"1","0"
2360,"FENMAR",1982,"1","0"
2361,"FENMAR",1983,"1","0"
2362,"FENMAR",1984,"1","0"
2363,"FENMAR",1985,"3","20"
2364,"FENMAR",1986,"7","20"
2365,"FENMAR",1987,"7","20"
2366,"FENMAR",1988,"7","20"
2367,"FENMAR",1989,"7","20"
2368,"SEWARD",1981,"0","0"
2369,"SEWARD",1982,"0","0"
2370,"SEWARD",1983,"7","20"
2371,"SEWARD",1984,"7","20"
2372,"SEWARD",1985,"2","18"
2373,"SEWARD",1986,"3","20"
2374,"SEWARD",1987,"3","20"
2375,"SEWARD",1988,"3","20"
2376,"SEWARD",1989,"3","20"
2377,"GRAYAS",1981,"1","0"
2378,"GRAYAS",1982,"1","0"
2379,"GRAYAS",1983,"1","0"
2380,"GRAYAS",1984,"1","0"
2381,"GRAYAS",1985,"7","20"
2382,"GRAYAS",1986,"3","20"
2383,"GRAYAS",1987,"3","20"
2384,"GRAYAS",1988,"3","20"
2385,"GRAYAS",1989,"3","20"
2386,"NEWTON",1981,"1","0"
2387,"NEWTON",1982,"1","0"
2388,"NEWTON",1983,"1","0"
2389,"NEWTON",1984,"1","0"
2390,"NEWTON",1985,"3","20"
2391,"NEWTON",1986,"3","20"
2392,"NEWTON",1987,"3","20"
2393,"NEWTON",1988,"3","20"
2394,"NEWTON",1989,"3","20"
2395,"REDTIL",1981,"1","0"
2396,"REDTIL",1982,"1","0"
2397,"REDTIL",1983,"1","0"
2398,"REDTIL",1984,"1","0"
2399,"REDTIL",1985,"3","20"
2400,"REDTIL",1986,"3","20"
2401,"REDTIL",1987,"3","20"
2402,"REDTIL",1988,"1","4"
2403,"REDTIL",1989,"1","4"
2404,"DOVEHS",1981,"7","20"
2405,"DOVEHS",1982,"7","20"
2406,"DOVEHS",1983,"5","20"
2407,"DOVEHS",1984,"3","20"
2408,"DOVEHS",1985,"1","6"
2409,"DOVEHS",1986,"1","6"
2410,"DOVEHS",1987,"1","6"
2411,"DOVEHS",1988,"1","6"
2412,"DOVEHS",1989,"1","6"
2413,"MOXOWS",1981,"1","0"
2414,"MOXOWS",1982,"1","0"
2415,"MOXOWS",1983,"1","0"
2416,"MOXOWS",1984,"1","0"
2417,"MOXOWS",1985,"3","20"
2418,"MOXOWS",1986,"3","20"
2419,"MOXOWS",1987,"3","20"
2420,"MOXOWS",1988,"7","20"
2421,"MOXOWS",1989,"3","20"
2422,"DORRIN",1981,"1","0"
2423,"DORRIN",1982,"1","0"
2424,"DORRIN",1983,"3","21"
2425,"DORRIN",1984,"3","21"
2426,"DORRIN",1985,"3","21"
2427,"DORRIN",1986,"3","21"
2428,"DORRIN",1987,"3","20"
2429,"DORRIN",1988,"3","20"
2430,"DORRIN",1989,"7","20"
2431,"BURYST",1981,"1","0"
2432,"BURYST",1982,"1","0"
2433,"BURYST",1983,"3","20"
2434,"BURYST",1984,"3","20"
2435,"BURYST",1985,"1","0"
2436,"BURYST",1986,"1","9"
2437,"BURYST",1987,"1","9"
2438,"BURYST",1988,"3","20"
2439,"BURYST",1989,"3","20"
2440,"BURYSK",1981,"1","0"
2441,"BURYSK",1982,"1","0"
2442,"BURYSK",1983,"1","0"
2443,"BURYSK",1984,"1","0"
2444,"BURYSK",1985,"3","21"
2445,"BURYSK",1986,"7","20"
2446,"BURYSK",1987,"3","20"
2447,"BURYSK",1988,"3","20"
2448,"BURYSK",1989,"3","20"
2449,"BURYCH",1981,"1","0"
2450,"BURYCH",1982,"7","20"
2451,"BURYCH",1983,"0","0"
2452,"BURYCH",1984,"7","20"
2453,"BURYCH",1985,"7","20"
2454,"BURYCH",1986,"7","20"
2455,"BURYCH",1987,"7","20"
2456,"BURYCH",1988,"6","20"
2457,"BURYCH",1989,"6","20"
2458,"KINGS1",1981,"0","0"
2459,"KINGS1",1982,"0","0"
2460,"KINGS1",1983,"0","0"
2461,"KINGS1",1984,"7","20"
2462,"KINGS1",1985,"2","11"
2463,"KINGS1",1986,"2","11"
2464,"KINGS1",1987,"2","11"
2465,"KINGS1",1988,"1","7"
2466,"KINGS1",1989,"1","7"
2467,"KIWGS2",1981,"0","0"
2468,"KIWGS2",1982,"0","0"
2469,"KIWGS2",1983,"0","0"
2470,"KIWGS2",1984,"3","20"
2471,"KIWGS2",1985,"3","20"
2472,"KIWGS2",1986,"3","20"
2473,"KIWGS2",1987,"3","20"
2474,"KIWGS2",1988,"1","7"
2475,"KIWGS2",1989,"1","7"
2476,"TURFSC",1981,"1","0"
2477,"TURFSC",1982,"1","0"
2478,"TURFSC",1983,"1","0"
2479,"TURFSC",1984,"1","0"
2480,"TURFSC",1985,"2","11"
2481,"TURFSC",1986,"3","20"
2482,"TURFSC",1987,"3","20"
2483,"TURFSC",1988,"3","20"
2484,"TURFSC",1989,"3","20"
2485,"NEWBAR",1981,"7","20"
2486,"NEWBAR",1982,"3","20"
2487,"NEWBAR",1983,"5","20"
2488,"NEWBAR",1984,"6","20"
2489,"NEWBAR",1985,"3","20"
2490,"NEWBAR",1986,"1","4"
2491,"NEWBAR",1987,"1","4"
2492,"NEWBAR",1988,"1","4"
2493,"NEWBAR",1989,"1","4"
2494,"SPOOLF",1981,"1","0"
2495,"SPOOLF",1982,"1","0"
2496,"SPOOLF",1983,"1","0"
2497,"SPOOLF",1984,"1","0"
2498,"SPOOLF",1985,"3","20"
2499,"SPOOLF",1986,"3","20"
2500,"SPOOLF",1987,"3","20"
2501,"SPOOLF",1988,"3","20"
2502,"SPOOLF",1989,"3","20"
2503,"BILLUP",1981,"1","0"
2504,"BILLUP",1982,"1","0"
2505,"BILLUP",1983,"1","0"
2506,"BILLUP",1984,"1","0"
2507,"BILLUP",1985,"7","20"
2508,"BILLUP",1986,"7","20"
2509,"BILLUP",1987,"5","20"
2510,"BILLUP",1988,"1","6"
2511,"BILLUP",1989,"1","6"
2512,"MILLFM",1981,"1","0"
2513,"MILLFM",1982,"1","0"
2514,"MILLFM",1983,"1","0"
2515,"MILLFM",1984,"1","0"
2516,"MILLFM",1985,"3","20"
2517,"MILLFM",1986,"3","20"
2518,"MILLFM",1987,"2","17"
2519,"MILLFM",1988,"3","20"
2520,"MILLFM",1989,"3","20"
2521,"BPOOLD",1981,"1","0"
2522,"BPOOLD",1982,"1","0"
2523,"BPOOLD",1983,"1","0"
2524,"BPOOLD",1984,"1","0"
2525,"BPOOLD",1985,"3","20"
2526,"BPOOLD",1986,"3","20"
2527,"BPOOLD",1987,"3","20"
2528,"BPOOLD",1988,"3","20"
2529,"BPOOLD",1989,"3","20"
2530,"FOXHBX",1981,"1","0"
2531,"FOXHBX",1982,"1","0"
2532,"FOXHBX",1983,"1","0"
2533,"FOXHBX",1984,"1","0"
2534,"FOXHBX",1985,"3","20"
2535,"FOXHBX",1986,"3","20"
2536,"FOXHBX",1987,"3","20"
2537,"FOXHBX",1988,"3","20"
2538,"FOXHBX",1989,"7","20"
2539,"WOODFM",1981,"1","0"
2540,"WOODFM",1982,"1","0"
2541,"WOODFM",1983,"1","0"
2542,"WOODFM",1984,"1","0"
2543,"WOODFM",1985,"3","20"
2544,"WOODFM",1986,"3","20"
2545,"WOODFM",1987,"2","17"
2546,"WOODFM",1988,"3","20"
2547,"WOODFM",1989,"3","20"
2548,"HUMBRL",1981,"0","0"
2549,"HUMBRL",1982,"0","0"
2550,"HUMBRL",1983,"0","0"
2551,"HUMBRL",1984,"6","20"
2552,"HUMBRL",1985,"3","20"
2553,"HUMBRL",1986,"3","20"
2554,"HUMBRL",1987,"3","20"
2555,"HUMBRL",1988,"7","20"
2556,"HUMBRL",1989,"3","20"
2557,"FENBOX",1981,"1","0"
2558,"FENBOX",1982,"1","0"
2559,"FENBOX",1983,"1","0"
2560,"FENBOX",1984,"1","0"
2561,"FENBOX",1985,"3","20"
2562,"FENBOX",1986,"7","20"
2563,"FENBOX",1987,"7","20"
2564,"FENBOX",1988,"7","20"
2565,"FENBOX",1989,"7","20"
2566,"PCUMFN",1981,"0","0"
2567,"PCUMFN",1982,"0","0"
2568,"PCUMFN",1983,"0","0"
2569,"PCUMFN",1984,"7","20"
2570,"PCUMFN",1985,"5","20"
2571,"PCUMFN",1986,"3","20"
2572,"PCUMFN",1987,"3","20"
2573,"PCUMFN",1988,"3","20"
2574,"PCUMFN",1989,"3","20"
2575,"ROWEYF",1981,"1","0"
2576,"ROWEYF",1982,"1","0"
2577,"ROWEYF",1983,"1","0"
2578,"ROWEYF",1984,"1","0"
2579,"ROWEYF",1985,"3","20"
2580,"ROWEYF",1986,"3","20"
2581,"ROWEYF",1987,"3","20"
2582,"ROWEYF",1988,"7","20"
2583,"ROWEYF",1989,"3","20"
2584,"PIDBOT",1981,"0","0"
2585,"PIDBOT",1982,"0","0"
2586,"PIDBOT",1983,"0","0"
2587,"PIDBOT",1984,"7","21"
2588,"PIDBOT",1985,"5","20"
2589,"PIDBOT",1986,"6","20"
2590,"PIDBOT",1987,"6","20"
2591,"PIDBOT",1988,"3","20"
2592,"PIDBOT",1989,"7","20"
2593,"PIDMID",1981,"0","0"
2594,"PIDMID",1982,"0","0"
2595,"PIDMID",1983,"0","0"
2596,"PIDMID",1984,"6","20"
2597,"PIDMID",1985,"3","20"
2598,"PIDMID",1986,"3","20"
2599,"PIDMID",1987,"3","20"
2600,"PIDMID",1988,"7","20"
2601,"PIDMID",1989,"3","20"
2602,"UPWDEM",1981,"0","0"
2603,"UPWDEM",1982,"0","0"
2604,"UPWDEM",1983,"0","0"
2605,"UPWDEM",1984,"0","0"
2606,"UPWDEM",1985,"8","20"
2607,"UPWDEM",1986,"7","20"
2608,"UPWDEM",1987,"3","20"
2609,"UPWDEM",1988,"3","20"
2610,"UPWDEM",1989,"3","20"
2611,"UPWDE2",1981,"0","0"
2612,"UPWDE2",1982,"0","0"
2613,"UPWDE2",1983,"0","0"
2614,"UPWDE2",1984,"0","0"
2615,"UPWDE2",1985,"3","20"
2616,"UPWDE2",1986,"3","20"
2617,"UPWDE2",1987,"7","20"
2618,"UPWDE2",1988,"7","20"
2619,"UPWDE2",1989,"6","20"
2620,"GTRVAS",1981,"0","0"
2621,"GTRVAS",1982,"0","0"
2622,"GTRVAS",1983,"0","0"
2623,"GTRVAS",1984,"0","0"
2624,"GTRVAS",1985,"8","20"
2625,"GTRVAS",1986,"7","20"
2626,"GTRVAS",1987,"2","16"
2627,"GTRVAS",1988,"2","16"
2628,"GTRVAS",1989,"0","0"
2629,"EDWDFM",1981,"0","0"
2630,"EDWDFM",1982,"0","0"
2631,"EDWDFM",1983,"8","20"
2632,"EDWDFM",1984,"7","20"
2633,"EDWDFM",1985,"5","20"
2634,"EDWDFM",1986,"6","20"
2635,"EDWDFM",1987,"2","14"
2636,"EDWDFM",1988,"3","20"
2637,"EDWDFM",1989,"3","20"
2638,"DOVCOT",1981,"0","0"
2639,"DOVCOT",1982,"0","0"
2640,"DOVCOT",1983,"0","0"
2641,"DOVCOT",1984,"0","0"
2642,"DOVCOT",1985,"0","0"
2643,"DOVCOT",1986,"2","17"
2644,"DOVCOT",1987,"0","0"
2645,"DOVCOT",1988,"0","0"
2646,"DOVCOT",1989,"0","0"
2647,"SLYSTK",1981,"0","0"
2648,"SLYSTK",1982,"0","0"
2649,"SLYSTK",1983,"0","0"
2650,"SLYSTK",1984,"3","20"
2651,"SLYSTK",1985,"5","20"
2652,"SLYSTK",1986,"1","7"
2653,"SLYSTK",1987,"1","7"
2654,"SLYSTK",1988,"1","7"
2655,"SLYSTK",1989,"1","7"
2656,"SLYBOX",1981,"1","0"
2657,"SLYBOX",1982,"1","0"
2658,"SLYBOX",1983,"1","0"
2659,"SLYBOX",1984,"1","0"
2660,"SLYBOX",1985,"3","20"
2661,"SLYBOX",1986,"3","20"
2662,"SLYBOX",1987,"3","20"
2663,"SLYBOX",1988,"3","20"
2664,"SLYBOX",1989,"3","20"
2665,"SLYFNE",1981,"0","0"
2666,"SLYFNE",1982,"0","0"
2667,"SLYFNE",1983,"0","0"
2668,"SLYFNE",1984,"3","20"
2669,"SLYFNE",1985,"3","20"
2670,"SLYFNE",1986,"1","7"
2671,"SLYFNE",1987,"1","7"
2672,"SLYFNE",1988,"1","7"
2673,"SLYFNE",1989,"1","7"
2674,"HOLWDB",1981,"0","0"
2675,"HOLWDB",1982,"0","0"
2676,"HOLWDB",1983,"0","0"
2677,"HOLWDB",1984,"7","22"
2678,"HOLWDB",1985,"7","22"
2679,"HOLWDB",1986,"7","22"
2680,"HOLWDB",1987,"6","22"
2681,"HOLWDB",1988,"7","20"
2682,"HOLWDB",1989,"7","20"
2683,"NFENPT",1981,"0","0"
2684,"NFENPT",1982,"0","0"
2685,"NFENPT",1983,"0","0"
2686,"NFENPT",1984,"3","20"
2687,"NFENPT",1985,"3","20"
2688,"NFENPT",1986,"5","20"
2689,"NFENPT",1987,"3","20"
2690,"NFENPT",1988,"1","7"
2691,"NFENPT",1989,"1","7"
2692,"DOVCBX",1981,"1","0"
2693,"DOVCBX",1982,"1","0"
2694,"DOVCBX",1983,"1","0"
2695,"DOVCBX",1984,"1","0"
2696,"DOVCBX",1985,"1","0"
2697,"DOVCBX",1986,"1","0"
2698,"DOVCBX",1987,"1","0"
2699,"DOVCBX",1988,"3","20"
2700,"DOVCBX",1989,"7","20"
2701,"WIMBLN",1981,"0","0"
2702,"WIMBLN",1982,"0","0"
2703,"WIMBLN",1983,"0","0"
2704,"WIMBLN",1984,"0","0"
2705,"WIMBLN",1985,"0","0"
2706,"WIMBLN",1986,"0","0"
2707,"WIMBLN",1987,"0","0"
2708,"WIMBLN",1988,"4","20"
2709,"WIMBLN",1989,"3","20"
